segment_id	content_pack_id	resource_id	source_path	source_key	source_order	scene_id	route_id	story_state_id	speaker_id	text_type	source_text	target_text	protected_tokens	context_before	context_after	developer_comment	char_limit	byte_limit	line_limit	batch_id	status	source_hash	target_revision	decision_ids	uncertainty_ids	notes
SEG-BASE-94ECDF633C455B4AA922	BASE	RES-2E00ACC886FEB4BD	data/game_data.gd	literal/000049	1					ui		폭사	[]							BATCH-PROD-CORE-DATA	INTEGRATED	7ec288d3b103254db5f30c408fd3218ae740322421798caa01a09bc16e36dbf0	1			
SEG-BASE-D052D5A393CA4728A9F5	BASE	RES-2E00ACC886FEB4BD	data/game_data.gd	literal/000051	2					ui		참살	[]							BATCH-PROD-CORE-DATA	INTEGRATED	6d765be4c535ae759a5f3fe57f41f5a016f8f3d6658b520c80fa99685a517623	1			
SEG-BASE-1019379C56FCC8CCC20D	BASE	RES-2E00ACC886FEB4BD	data/game_data.gd	literal/000053	3					ui		구타로 인한 사망	[]							BATCH-PROD-CORE-DATA	INTEGRATED	266303b79cb0f0eae5f3ef7c15a08203481ce71faca1326b35ba02f6c8a452b9	1			
SEG-BASE-BA844F2B954E1C338998	BASE	RES-2E00ACC886FEB4BD	data/game_data.gd	literal/000055	4					ui		자상으로 인한 사망	[]							BATCH-PROD-CORE-DATA	INTEGRATED	b0152d77d4e11aaa775477051194b88f39ad58dd29055c5d9d1acddbdefe78cd	1			
SEG-BASE-204CBBCB34DCEB16270D	BASE	RES-2E00ACC886FEB4BD	data/game_data.gd	literal/000057	5					ui		중독사	[]							BATCH-PROD-CORE-DATA	INTEGRATED	bf495e1996a20e5d2918bfca56b895b3650e39c9660d8eca9c66fb727098061a	1			
SEG-BASE-F206C0FF484BC6763A8A	BASE	RES-2E00ACC886FEB4BD	data/game_data.gd	literal/000059	6					ui		사살	[]							BATCH-PROD-CORE-DATA	INTEGRATED	47855eb597101a1d88545e7ad01a250ef5ecfd2f9b0e0e15d6a792831729551f	1			
SEG-BASE-2284A1266B4F0F1DB075	BASE	RES-2E00ACC886FEB4BD	data/game_data.gd	literal/000061	7					ui		과실사	[]							BATCH-PROD-CORE-DATA	INTEGRATED	99c7af96fa347ba73809575ae11366c43ffb11469bd009ef76ee1be6cad0a2c9	1			
SEG-BASE-7D789137E5C23EECC2F3	BASE	RES-2E00ACC886FEB4BD	data/game_data.gd	literal/000063	8					ui		추락사	[]							BATCH-PROD-CORE-DATA	INTEGRATED	baafc7d2aa97b694fe4b0d8f35533fb789aad602e5ab3b7348d73675dd41019c	1			
SEG-BASE-A83FE0765F2B4FA06DBB	BASE	RES-2E00ACC886FEB4BD	data/game_data.gd	literal/000065	9					ui		교살	[]							BATCH-PROD-CORE-DATA	INTEGRATED	303f3bfa8711236af80878c7be168a398c6ffa5387cbd76fe54a3d2023714e2b	1			
SEG-BASE-3954E2788AC95BCE8549	BASE	RES-2E00ACC886FEB4BD	data/game_data.gd	literal/000067	10					ui		없음	[]							BATCH-PROD-CORE-DATA	INTEGRATED	868310e193d1af0b9a0a16b18d5826a5490fe3f9410defa30dc115829fc1db4a	1			
SEG-BASE-42569B588079D6F50E29	BASE	RES-2E00ACC886FEB4BD	data/game_data.gd	literal/000069	11					ui		앨범	[]							BATCH-PROD-CORE-DATA	INTEGRATED	84224c1aa68471fe8f562db3f2ed132ac7638bc26042c5d21d48720efa942a79	1			
SEG-BASE-84AA11EA0AA8072052AA	BASE	RES-2E00ACC886FEB4BD	data/game_data.gd	literal/000071	12					ui		특수 경봉	[]							BATCH-PROD-CORE-DATA	INTEGRATED	e1e3f2ab675ea3b2c08665fd336c1e97f0ec546b85b49a289e3e6fe1d5ea5189	1			
SEG-BASE-EBA6D92BAA8E84CD1128	BASE	RES-2E00ACC886FEB4BD	data/game_data.gd	literal/000073	13					ui		총검	[]							BATCH-PROD-CORE-DATA	INTEGRATED	92f96ae27dd83266800eeaad45ce68357cee9b43e4d92e8f661855aeb7f950f1	1			
SEG-BASE-AA460BF4A27BDD45D4F7	BASE	RES-2E00ACC886FEB4BD	data/game_data.gd	literal/000075	14					ui		쌍안경	[]							BATCH-PROD-CORE-DATA	INTEGRATED	0ead87a15eadfd6a1748b9e90ddce81e837366fb95132e670171c735d723df68	1			
SEG-BASE-AD13EC3F54C3082261AD	BASE	RES-2E00ACC886FEB4BD	data/game_data.gd	literal/000077	15					ui		부메랑	[]							BATCH-PROD-CORE-DATA	INTEGRATED	9ed83005bd31cb3cc9271abbb7e53b12c6a3b636fc77f03fd7b8793f244779c7	1			
SEG-BASE-E4774BDBDE7BC41CF159	BASE	RES-2E00ACC886FEB4BD	data/game_data.gd	literal/000079	16					ui		콤팩트 카메라	[]							BATCH-PROD-CORE-DATA	INTEGRATED	1354bbd56dcce13e7e27b6a164087605830268db3d828092ed2c9575b5583d5a	1			
SEG-BASE-FF35682C5A2A06B48685	BASE	RES-2E00ACC886FEB4BD	data/game_data.gd	literal/000081	17					ui		카탈로그 잡지	[]							BATCH-PROD-CORE-DATA	INTEGRATED	c803a682d1c2bc8036fe375e54be1a97bf07b2adf6fa8b8947249473f758082a	1			
SEG-BASE-06F8C056E21AB9BF72ED	BASE	RES-2E00ACC886FEB4BD	data/game_data.gd	literal/000083	18					ui		석궁	[]							BATCH-PROD-CORE-DATA	INTEGRATED	952c9b1a356a2389d898c8136f513145c554376c75a1fae37d042d6dcdd5340f	1			
SEG-BASE-802FDC4C6D14B668E0B6	BASE	RES-2E00ACC886FEB4BD	data/game_data.gd	literal/000085	19					ui		구급상자	[]							BATCH-PROD-CORE-DATA	INTEGRATED	16c25d039ae95f76a17fa699271b96b897d5115a97c40ad7a642168d25ab81e7	1			
SEG-BASE-E8DF17F3D175AB702DE3	BASE	RES-2E00ACC886FEB4BD	data/game_data.gd	literal/000087	20					ui		손전등	[]							BATCH-PROD-CORE-DATA	INTEGRATED	7f105f6663561d8039a59c2ddd975a275a6a136f23151cec3e038abc83cee6a1	1			
SEG-BASE-0D01F18769191024335A	BASE	RES-2E00ACC886FEB4BD	data/game_data.gd	literal/000089	21					ui		리볼버	[]							BATCH-PROD-CORE-DATA	INTEGRATED	97187823951aa678a9740523112b57d836fd3da4ef5e37c3d31981504dd38324	1			
SEG-BASE-459AC5F1CD4119539AF6	BASE	RES-2E00ACC886FEB4BD	data/game_data.gd	literal/000091	22					ui		하모니카	[]							BATCH-PROD-CORE-DATA	INTEGRATED	e57d1ad458902d6884eaa42705ce15617e9de73735a16721727d176bcf3e456d	1			
SEG-BASE-BBC9B87B0F02120BB170	BASE	RES-2E00ACC886FEB4BD	data/game_data.gd	literal/000093	23					ui		아이스픽	[]							BATCH-PROD-CORE-DATA	INTEGRATED	9bcf659ca3e58647d2d15ba53bdd8088f1f7fc3cbced2715917b409e236b3009	1			
SEG-BASE-BCE8A51C773410EB47FB	BASE	RES-2E00ACC886FEB4BD	data/game_data.gd	literal/000095	24					ui		너클	[]							BATCH-PROD-CORE-DATA	INTEGRATED	7f9c30df8490f58f6ff5bd17bd691bcd735e1194e5679a3ac67af53d12f646b2	1			
SEG-BASE-7A0A78702D4F37E27DE0	BASE	RES-2E00ACC886FEB4BD	data/game_data.gd	literal/000097	25					ui		코다치	[]							BATCH-PROD-CORE-DATA	INTEGRATED	d74d7e14dcf1e63057506b72a2aab7a1f805f4a48d34987588a08cd46cfaa189	1			
SEG-BASE-A391EA49822832F22188	BASE	RES-2E00ACC886FEB4BD	data/game_data.gd	literal/000099	26					ui		국자	[]							BATCH-PROD-CORE-DATA	INTEGRATED	1c585d96ae0cf3ca68c664ce4e6c8dd50c882c4eb160bcdfbc35e96fb35154af	1			
SEG-BASE-27FE33D9521923A345BC	BASE	RES-2E00ACC886FEB4BD	data/game_data.gd	literal/000101	27					ui		확성기	[]							BATCH-PROD-CORE-DATA	INTEGRATED	df56ab5e5036881dc27835a7f8ba0787b52604e272f55311f159857481a2b20b	1			
SEG-BASE-585C7181A96CB3529F25	BASE	RES-2E00ACC886FEB4BD	data/game_data.gd	literal/000103	28					ui		금속 배트	[]							BATCH-PROD-CORE-DATA	INTEGRATED	3ace253fd1059ee1366351581b3074db6a65833cc6e8780ff8b19e86d6a49961	1			
SEG-BASE-96B582C588CEDB8B9B36	BASE	RES-2E00ACC886FEB4BD	data/game_data.gd	literal/000105	29					ui		나타	[]							BATCH-PROD-CORE-DATA	INTEGRATED	4c47e6377dd382dd473c9dd64168568eaa29e1ec832a917872f647110121e222	1			
SEG-BASE-9518B99189FF9AB33FC7	BASE	RES-2E00ACC886FEB4BD	data/game_data.gd	literal/000107	30					ui		쌍절곤	[]							BATCH-PROD-CORE-DATA	INTEGRATED	d71c06c0bb33048ccd97100a23375730c4978481bff3cda07dbdcee1921f1df9	1			
SEG-BASE-8AB0C4D54F47E1861F8E	BASE	RES-2E00ACC886FEB4BD	data/game_data.gd	literal/000109	31					ui		페이퍼 나이프	[]							BATCH-PROD-CORE-DATA	INTEGRATED	ee59cba51707ac40f2844ad27bf55ba940c6c7eaea1288b2b8216d858a9ba204	1			
SEG-BASE-D40231447B61191299ED	BASE	RES-2E00ACC886FEB4BD	data/game_data.gd	literal/000111	32					ui		다목적 플라이어	[]							BATCH-PROD-CORE-DATA	INTEGRATED	570c918fb54b0d04fa3b94040a3993316cb934a9b67aea846638e19a76537ece	1			
SEG-BASE-A93810D7CA54F2E3956C	BASE	RES-2E00ACC886FEB4BD	data/game_data.gd	literal/000113	33					ui		독약	[]							BATCH-PROD-CORE-DATA	INTEGRATED	9b2c0efc46a2744cb9b1ef8ce6bda9a2285c8dcf32e61d954211a364785a5dc3	1			
SEG-BASE-762322318446E9C3E1E2	BASE	RES-2E00ACC886FEB4BD	data/game_data.gd	literal/000115	34					ui		정밀 드라이버	[]							BATCH-PROD-CORE-DATA	INTEGRATED	42a2aa0a8814517a78dd92bdce0db1f78866b6f5d438385b1529739d922a2eac	1			
SEG-BASE-20C7A5A26553C87D2227	BASE	RES-2E00ACC886FEB4BD	data/game_data.gd	literal/000117	35					ui		특수 분장용 면도칼	[]							BATCH-PROD-CORE-DATA	INTEGRATED	f8bce51c0ee16b865f0aca632c7956a924442e953154f54fe08cac83577f2d61	1			
SEG-BASE-7C00BE7A37B4953F11C5	BASE	RES-2E00ACC886FEB4BD	data/game_data.gd	literal/000119	36					ui		일본도	[]							BATCH-PROD-CORE-DATA	INTEGRATED	02356ec7125f35b5504d5baaf8edfdc19100f7ce43a70c1c0bb0b1140a2b3ec6	1			
SEG-BASE-3767F3D0F02BB82FF2D9	BASE	RES-2E00ACC886FEB4BD	data/game_data.gd	literal/000121	37					ui		호신용 경보기	[]							BATCH-PROD-CORE-DATA	INTEGRATED	08e567cff6195f4cb32c530b8ca6ebd681c251df7530b934b3d8b5a92d29c491	1			
SEG-BASE-8ADF4B65FFB6950D8A2D	BASE	RES-2E00ACC886FEB4BD	data/game_data.gd	literal/000123	38					ui		스케치북	[]							BATCH-PROD-CORE-DATA	INTEGRATED	072ade7a660f5847c0c8fa3edb8e1f418ddab55d24a0adee9dd0f6673cc57eb3	1			
SEG-BASE-A9D23E85F246543410A7	BASE	RES-2E00ACC886FEB4BD	data/game_data.gd	literal/000125	39					ui		연막탄	[]							BATCH-PROD-CORE-DATA	INTEGRATED	3a1df604d6ab679ffc53d342cfd267ada9f9c45d26298e188eaa10a1250d3715	1			
SEG-BASE-BAFD0432FE3576CF92D4	BASE	RES-2E00ACC886FEB4BD	data/game_data.gd	literal/000127	40					ui		맞춤형 스파이크화	[]							BATCH-PROD-CORE-DATA	INTEGRATED	6d418b26f9e28297ddbb99b7cd93d4baea5035b8cf1b12e1c7cfa4a0d39f4f70	1			
SEG-BASE-251C35B70BA5A416444B	BASE	RES-2E00ACC886FEB4BD	data/game_data.gd	literal/000129	41					ui		방검 조끼	[]							BATCH-PROD-CORE-DATA	INTEGRATED	8f815e88539673b05304eb000a1b88f571ca398a6496616d120924be73b36dc5	1			
SEG-BASE-7BBF51E7C13D56CBFAC6	BASE	RES-2E00ACC886FEB4BD	data/game_data.gd	literal/000131	42					ui		특제 쇠파이프	[]							BATCH-PROD-CORE-DATA	INTEGRATED	46aa37451249ed78f31e2c334ae54fa537560c29fbfb109f5e1f48c2ec9767ff	1			
SEG-BASE-9A09ABC7439BE6EE6CF7	BASE	RES-2E00ACC886FEB4BD	data/game_data.gd	literal/000133	43					ui		섬광탄	[]							BATCH-PROD-CORE-DATA	INTEGRATED	a632ff875a18d74a23c76d124a0819ad8e2dbd94ddba662d41bce97042cccc09	1			
SEG-BASE-341FD7D15E7FC3143D8E	BASE	RES-2E00ACC886FEB4BD	data/game_data.gd	literal/000135	44					ui		전기충격기	[]							BATCH-PROD-CORE-DATA	INTEGRATED	ce7dcc49fb5c9983b01b097fb5a253ded8cf721382b8a3a8741f4edc05de4d93	1			
SEG-BASE-A99ACC047522C2BC057F	BASE	RES-2E00ACC886FEB4BD	data/game_data.gd	literal/000137	45					ui		서바이벌 나이프	[]							BATCH-PROD-CORE-DATA	INTEGRATED	62c066da7fba1031cfc9614eb59096305f4e4653fc93cce421f3f65b273ed87f	1			
SEG-BASE-6F3301BD0804EBFA0909	BASE	RES-2E00ACC886FEB4BD	data/game_data.gd	literal/000139	46					ui		철제 차솥	[]							BATCH-PROD-CORE-DATA	INTEGRATED	1b6755094c582ef0b81af95ad12dcc30ac8cdcd820bc78cbdb1702a00eecc4c8	1			
SEG-BASE-49012FDC7C4BB9C11D5B	BASE	RES-2E00ACC886FEB4BD	data/game_data.gd	literal/000141	47					ui		테니스 라켓	[]							BATCH-PROD-CORE-DATA	INTEGRATED	9177cf28e43d362659f334b1c36451807f87657844d542ce86c913f6d0e83fe2	1			
SEG-BASE-1F656B75FF6F7E1E1A6B	BASE	RES-2E00ACC886FEB4BD	data/game_data.gd	literal/000143	48					ui		배구공	[]							BATCH-PROD-CORE-DATA	INTEGRATED	8f3c4cc530b31186f50b6588398be1772b5a778ee09910dd97d1d4b453c83618	1			
SEG-BASE-70FAFB77DA0F2E5B406C	BASE	RES-2E00ACC886FEB4BD	data/game_data.gd	literal/000145	49					ui		목장갑	[]							BATCH-PROD-CORE-DATA	INTEGRATED	44b17a7ff283aa323dec8c26c1e3019115c44608fb7c17194eb987ed570ba144	1			
SEG-BASE-6FBA410EF8FBF51EE930	BASE	RES-2E00ACC886FEB4BD	data/game_data.gd	literal/000147	50					ui		대형 스패너	[]							BATCH-PROD-CORE-DATA	INTEGRATED	280cbe742c72728145b52d3508d87a6cccee062d014e50c1baefe8eb52157679	1			
SEG-BASE-5797FE7A4CD2840982CC	BASE	RES-2E00ACC886FEB4BD	data/game_data.gd	literal/000149	51					ui		요요	[]							BATCH-PROD-CORE-DATA	INTEGRATED	c0f3c39ad59d34bc46dd0be4e1637d7f2d6b9e3002fe42491fb7acc81a4dc6ac	1			
SEG-BASE-BE60E72C8BA6FF4AF507	BASE	RES-2E00ACC886FEB4BD	data/game_data.gd	literal/000151	52					ui		교관의 강제 기폭으로 사망	[]							BATCH-PROD-CORE-DATA	INTEGRATED	c421330295f273648003c1e414891c265be9b7248430166ea59b2f599ef70b8e	1			
SEG-BASE-92510016D591AF3D569A	BASE	RES-2E00ACC886FEB4BD	data/game_data.gd	literal/000153	53					ui		스스로 소자를 기폭해 사망	[]							BATCH-PROD-CORE-DATA	INTEGRATED	424299f14d4b80c8e30511a836ccd7b4e56a978e13a7d10ed54bd209397152d0	1			
SEG-BASE-1FD055A421223AB1CA69	BASE	RES-2E00ACC886FEB4BD	data/game_data.gd	literal/000155	54					ui		금지 구역에서 강제 기폭되어 사망	[]							BATCH-PROD-CORE-DATA	INTEGRATED	befc3deb2091f9667dd7ab1116cbd3a0778460556fa053b016d7fe5342839b2e	1			
SEG-BASE-FE73AABB655610FA623E	BASE	RES-2E00ACC886FEB4BD	data/game_data.gd	literal/000157	55					ui		최종 구역 수축에 따른 강제 기폭으로 사망	[]							BATCH-PROD-CORE-DATA	INTEGRATED	8e043b11c35266459a81b0846419f003c34114be2315347efb1e14635fa75e59	1			
SEG-BASE-F4476110A198275F2B58	BASE	RES-2E00ACC886FEB4BD	data/game_data.gd	literal/000159	56					ui		본인의 과실로 사망	[]							BATCH-PROD-CORE-DATA	INTEGRATED	956b7a01117e1fab4abacc8d4a3d747b53e8f526f05ed9fcf8b3158b717c6ad8	1			
SEG-BASE-8E3C20B1AA73C832AF12	BASE	RES-2E00ACC886FEB4BD	data/game_data.gd	literal/000161	57					ui		스스로 몸을 던져 사망	[]							BATCH-PROD-CORE-DATA	INTEGRATED	a4a0fc0f82661f77c81874ec2a1e9befa5140002ad6cbbb627b7f5553bf3c09a	1			
SEG-BASE-608000D48147795D758F	BASE	RES-2E00ACC886FEB4BD	data/game_data.gd	literal/000163	58					ui		스스로 독을 마셔 사망	[]							BATCH-PROD-CORE-DATA	INTEGRATED	aa2f84639c2073e98d504382e5b3a0d6cf1f39e5c9ad7e95ab0aa9f62f31b8bf	1			
SEG-BASE-65F43C619B38F0D2F850	BASE	RES-2E00ACC886FEB4BD	data/game_data.gd	literal/000199	59					ui		아이자와 마코토	[]							BATCH-PROD-CORE-DATA	INTEGRATED	7284e3a016e5e12a1f7b10d81814fb1da608344eb8c2e9e91ceef384cfa4a18e	1			
SEG-BASE-E4F0DC3B1990A08A863E	BASE	RES-2E00ACC886FEB4BD	data/game_data.gd	literal/000201	60					ui		여 ／ 사진부	[]							BATCH-PROD-CORE-DATA	INTEGRATED	bfa5b492bd6419981a5bde522d0d2f23b19ec66d42d23fd87c9c8f9b6d8a42c7	1			
SEG-BASE-8E7B016EB0A2621C1294	BASE	RES-2E00ACC886FEB4BD	data/game_data.gd	literal/000205	61					ui		아사노 이쓰키	[]							BATCH-PROD-CORE-DATA	INTEGRATED	63df658920c22073f95b8ed585b843d6e904696ad180cdeb835efe375f6404e6	1			
SEG-BASE-E689831221BDC90424BE	BASE	RES-2E00ACC886FEB4BD	data/game_data.gd	literal/000207	62					ui		남 ／ 축구부	[]							BATCH-PROD-CORE-DATA	INTEGRATED	751289b8bd781de45cd2a674a4aefed5c128da01590dc64cd954605f7715f662	1			
SEG-BASE-8A782AD054AEED8377F3	BASE	RES-2E00ACC886FEB4BD	data/game_data.gd	literal/000211	63					ui		이다 소스케	[]							BATCH-PROD-CORE-DATA	INTEGRATED	d06f36383b8f216ab74dfa501a5921d639225e4e2e576a8119b397718f52fadb	1			
SEG-BASE-7B0487DF3C82FAC3133A	BASE	RES-2E00ACC886FEB4BD	data/game_data.gd	literal/000213	64					ui		남 ／ 동아리 없음	[]							BATCH-PROD-CORE-DATA	INTEGRATED	feab4097562e027d802fa35636b7d24337f9228e2c8ae8447c3433a322e7830e	1			
SEG-BASE-18B34D2AE929CF24BD9D	BASE	RES-2E00ACC886FEB4BD	data/game_data.gd	literal/000217	65					ui		이구치 하야토	[]							BATCH-PROD-CORE-DATA	INTEGRATED	8ce94487e67a62cbbaa9b8ed3b113c22f2dac1fb48164bc7950131db6ba544b1	1			
SEG-BASE-446C2B20D6619AFAFB78	BASE	RES-2E00ACC886FEB4BD	data/game_data.gd	literal/000219	66					ui		남 ／ 동아리 없음	[]							BATCH-PROD-CORE-DATA	INTEGRATED	feab4097562e027d802fa35636b7d24337f9228e2c8ae8447c3433a322e7830e	1			
SEG-BASE-7FDBFB917DA133B3F5B6	BASE	RES-2E00ACC886FEB4BD	data/game_data.gd	literal/000223	67					ui		우에하라 지나쓰	[]							BATCH-PROD-CORE-DATA	INTEGRATED	6aedd8085f45d405b03eb8d02ec73e63e078a601c56ac8251246ccbf357b4ae2	1			
SEG-BASE-F31CBECB3CA4672476E6	BASE	RES-2E00ACC886FEB4BD	data/game_data.gd	literal/000225	68					ui		여 ／ 관악부	[]							BATCH-PROD-CORE-DATA	INTEGRATED	8908db25f411914932f0420b037a84546589d2e7f447e10af82aefe44f3b31e1	1			
SEG-BASE-7EBFFDFF2126D8264A55	BASE	RES-2E00ACC886FEB4BD	data/game_data.gd	literal/000229	69					ui		에다 다쿠미	[]							BATCH-PROD-CORE-DATA	INTEGRATED	e4f26f5671247f58157e3456f11e2657694b1646f0ef78568a8c6465c19645a9	1			
SEG-BASE-FE13A1DC0A011391BD7E	BASE	RES-2E00ACC886FEB4BD	data/game_data.gd	literal/000231	70					ui		남 ／ 축구부	[]							BATCH-PROD-CORE-DATA	INTEGRATED	751289b8bd781de45cd2a674a4aefed5c128da01590dc64cd954605f7715f662	1			
SEG-BASE-328C9A6403DBC254B737	BASE	RES-2E00ACC886FEB4BD	data/game_data.gd	literal/000235	71					ui		오쿠보 쓰바키	[]							BATCH-PROD-CORE-DATA	INTEGRATED	e23b159513278f4a51445326b82e1b068e6db9089dfbf96b9c77566206225415	1			
SEG-BASE-0ADE6931143CD0FD99BA	BASE	RES-2E00ACC886FEB4BD	data/game_data.gd	literal/000237	72					ui		여 ／ 미술부	[]							BATCH-PROD-CORE-DATA	INTEGRATED	8a54253fd27eb8ebf1b476f323e7c219096a734df06b9bee7a7eebd7a53305ca	1			
SEG-BASE-9B7F1E7E0F41B14D2658	BASE	RES-2E00ACC886FEB4BD	data/game_data.gd	literal/000241	73					ui		오쓰카 아카리	[]							BATCH-PROD-CORE-DATA	INTEGRATED	2328317a23f403c931410b037a3f267f339f19abde7ee30764306477898c57ae	1			
SEG-BASE-FD0A01126FAEB9EDA6C2	BASE	RES-2E00ACC886FEB4BD	data/game_data.gd	literal/000243	74					ui		여 ／ 동아리 없음	[]							BATCH-PROD-CORE-DATA	INTEGRATED	7ada8cf00af09b156e209a95c50eda28e96fa3e9dd40ed2c16b40563f70d493c	1			
SEG-BASE-9EE914D1CAB90E58CDD6	BASE	RES-2E00ACC886FEB4BD	data/game_data.gd	literal/000247	75					ui		가노 렌지	[]							BATCH-PROD-CORE-DATA	INTEGRATED	ff42b0e4e50066bdcf6530243bd970725717bba59982f19cd0cb4658a81632d5	1			
SEG-BASE-3207EF751B548F306C57	BASE	RES-2E00ACC886FEB4BD	data/game_data.gd	literal/000249	76					ui		남 ／ 유도부	[]							BATCH-PROD-CORE-DATA	INTEGRATED	e6bf3fdbcf33890750ed90d01cf021212fc81a91969a4fbb45487ac0f7693025	1			
SEG-BASE-A63F5CBD4947437538BE	BASE	RES-2E00ACC886FEB4BD	data/game_data.gd	literal/000253	77					ui		기노시타 마오	[]							BATCH-PROD-CORE-DATA	INTEGRATED	08149ad50ded61ec9faaf38bbf041f94187e90a96354d85018479c2e85f7899d	1			
SEG-BASE-ABF03B14EE20124AA476	BASE	RES-2E00ACC886FEB4BD	data/game_data.gd	literal/000255	78					ui		여 ／ 테니스부	[]							BATCH-PROD-CORE-DATA	INTEGRATED	8f5424425fde689678612dbc5b1906da1bbbceb2ee89526937d52c11c3f92b9c	1			
SEG-BASE-21446DB52B11774FBB80	BASE	RES-2E00ACC886FEB4BD	data/game_data.gd	literal/000259	79					ui		기류 렌	[]							BATCH-PROD-CORE-DATA	INTEGRATED	52bfefc9627debedf65cab6260033183f3b93bb7cee456a276e70e17dc85dabd	1			
SEG-BASE-DBD6C600966CCF352BDD	BASE	RES-2E00ACC886FEB4BD	data/game_data.gd	literal/000261	80					ui		남 ／ 축구부	[]							BATCH-PROD-CORE-DATA	INTEGRATED	751289b8bd781de45cd2a674a4aefed5c128da01590dc64cd954605f7715f662	1			
SEG-BASE-DA4FD11570F794112F07	BASE	RES-2E00ACC886FEB4BD	data/game_data.gd	literal/000265	81					ui		구도 사쿠라	[]							BATCH-PROD-CORE-DATA	INTEGRATED	b54ec21c874ce9542ff997e119800c212216cfeb41498828b70c82dd5dfcbba4	1			
SEG-BASE-5F8107027E4C20B73A35	BASE	RES-2E00ACC886FEB4BD	data/game_data.gd	literal/000267	82					ui		여 ／ 보건 위원	[]							BATCH-PROD-CORE-DATA	INTEGRATED	8b9de2d38844b3eb893cef0d19b1d0b0245259560b2f23fe09c8838134a74c99	1			
SEG-BASE-A0349BD1C4493D202325	BASE	RES-2E00ACC886FEB4BD	data/game_data.gd	literal/000271	83					ui		구로사와 시오리	[]							BATCH-PROD-CORE-DATA	INTEGRATED	b7001f772f0fbecf273452d13bcc194ceaa4d9fca2e41f748583b5f8d0f48503	1			
SEG-BASE-4A93ADD115D4B4C7554E	BASE	RES-2E00ACC886FEB4BD	data/game_data.gd	literal/000273	84					ui		여 ／ 동아리 없음	[]							BATCH-PROD-CORE-DATA	INTEGRATED	7ada8cf00af09b156e209a95c50eda28e96fa3e9dd40ed2c16b40563f70d493c	1			
SEG-BASE-AA91104CC9C15564C05C	BASE	RES-2E00ACC886FEB4BD	data/game_data.gd	literal/000277	85					ui		고미네 가즈마	[]							BATCH-PROD-CORE-DATA	INTEGRATED	fb73f8956c7f7698c1297759bdbd245bdc6cf8d215dfa2b5fc3bb32b18ba9708	1			
SEG-BASE-6FB9F2BD6374EB116C1C	BASE	RES-2E00ACC886FEB4BD	data/game_data.gd	literal/000279	86					ui		남 ／ 유도부	[]							BATCH-PROD-CORE-DATA	INTEGRATED	e6bf3fdbcf33890750ed90d01cf021212fc81a91969a4fbb45487ac0f7693025	1			
SEG-BASE-8F28A2C3AF02AE504D1D	BASE	RES-2E00ACC886FEB4BD	data/game_data.gd	literal/000283	87					ui		사이조 가나데	[]							BATCH-PROD-CORE-DATA	INTEGRATED	af4865c3196186a175bb7af11d3fa356bf3e0ce817123c042eca1c28e0fab95c	1			
SEG-BASE-4424863026D806810100	BASE	RES-2E00ACC886FEB4BD	data/game_data.gd	literal/000285	88					ui		여 ／ 배구부	[]							BATCH-PROD-CORE-DATA	INTEGRATED	e37a6e7a4c3c9e10938f47fddf4db6b84989f4a3bb5a5ea630855e56afca3853	1			
SEG-BASE-FB33216E22A5288D24B5	BASE	RES-2E00ACC886FEB4BD	data/game_data.gd	literal/000289	89					ui		사이토 마유	[]							BATCH-PROD-CORE-DATA	INTEGRATED	9e2c418537a8e5718cb5f52d2ccea84ef7a2d0682853930e96953755a9f841c5	1			
SEG-BASE-7CD13C9BBF5939FB7D2E	BASE	RES-2E00ACC886FEB4BD	data/game_data.gd	literal/000291	90					ui		여 ／ 동아리 없음	[]							BATCH-PROD-CORE-DATA	INTEGRATED	7ada8cf00af09b156e209a95c50eda28e96fa3e9dd40ed2c16b40563f70d493c	1			
SEG-BASE-516CB98B59C5E447369B	BASE	RES-2E00ACC886FEB4BD	data/game_data.gd	literal/000295	91					ui		사쿠마 쓰바사	[]							BATCH-PROD-CORE-DATA	INTEGRATED	458500d87e964c684dc2701c387f02080a4e71e2325c0968a617d18acd1274bf	1			
SEG-BASE-11DA34890980224176D3	BASE	RES-2E00ACC886FEB4BD	data/game_data.gd	literal/000297	92					ui		남 ／ 테니스부	[]							BATCH-PROD-CORE-DATA	INTEGRATED	99f594bd592866e526c4001f2e575ba4f4c0bffe069b4b895bc91f94e004401f	1			
SEG-BASE-7504B842C4E6514529CD	BASE	RES-2E00ACC886FEB4BD	data/game_data.gd	literal/000301	93					ui		시노즈카 다쿠야	[]							BATCH-PROD-CORE-DATA	INTEGRATED	bb412bbff3b317c5df74d736488df273a838e6283c935f47a2d983e83327517a	1			
SEG-BASE-04072E6997C257EAA88E	BASE	RES-2E00ACC886FEB4BD	data/game_data.gd	literal/000303	94					ui		남 ／ 유도부	[]							BATCH-PROD-CORE-DATA	INTEGRATED	e6bf3fdbcf33890750ed90d01cf021212fc81a91969a4fbb45487ac0f7693025	1			
SEG-BASE-73583525D69FDA0FD019	BASE	RES-2E00ACC886FEB4BD	data/game_data.gd	literal/000307	95					ui		스즈키 리코	[]							BATCH-PROD-CORE-DATA	INTEGRATED	290488ca83bff999e8c89974745b8547675ed62aa639fa56d0f820b1c4355196	1			
SEG-BASE-25CDEF46EE411CA1D001	BASE	RES-2E00ACC886FEB4BD	data/game_data.gd	literal/000309	96					ui		여 ／ 테니스부	[]							BATCH-PROD-CORE-DATA	INTEGRATED	8f5424425fde689678612dbc5b1906da1bbbceb2ee89526937d52c11c3f92b9c	1			
SEG-BASE-FE6C0215096E467E3495	BASE	RES-2E00ACC886FEB4BD	data/game_data.gd	literal/000313	97					ui		스다 노조미	[]							BATCH-PROD-CORE-DATA	INTEGRATED	d962134976a064c3544f09d98c1fdfe2ce110451308ba6b99ad83413ca9eede9	1			
SEG-BASE-7C5CE3DEFD85CECB2326	BASE	RES-2E00ACC886FEB4BD	data/game_data.gd	literal/000315	98					ui		여 ／ 합창부	[]							BATCH-PROD-CORE-DATA	INTEGRATED	3085da402cf8b13b9bdbf8b0d2fb3a6ec6cebecd8cc5f4df0cd6cb05404f7a15	1			
SEG-BASE-CC428A911C8AD80CE613	BASE	RES-2E00ACC886FEB4BD	data/game_data.gd	literal/000319	99					ui		세키구치 렌	[]							BATCH-PROD-CORE-DATA	INTEGRATED	bbf132a5abed56fc126be0d9c96db66e5f9dee19b2827e14a4b2b9cae879f8ba	1			
SEG-BASE-B62833D277DF8C8ACB8C	BASE	RES-2E00ACC886FEB4BD	data/game_data.gd	literal/000321	100					ui		남 ／ 등산부	[]							BATCH-PROD-CORE-DATA	INTEGRATED	3b77ce713b076273fd257ca206372d3e850f4ff9b901a027665905f20e353f93	1			
SEG-BASE-0A144F2FAB2A06A50EF4	BASE	RES-2E00ACC886FEB4BD	data/game_data.gd	literal/000325	101					ui		다카나시 아오이	[]							BATCH-PROD-CORE-DATA	INTEGRATED	105af91f7b70cde54341920075c97e5dab3fd1fd0880d320e1fb2672fd0bf1eb	1			
SEG-BASE-B674CA1AF2A91FD50138	BASE	RES-2E00ACC886FEB4BD	data/game_data.gd	literal/000327	102					ui		여 ／ 테니스부	[]							BATCH-PROD-CORE-DATA	INTEGRATED	8f5424425fde689678612dbc5b1906da1bbbceb2ee89526937d52c11c3f92b9c	1			
SEG-BASE-D4F2E1A3B8D2D3FBDB80	BASE	RES-2E00ACC886FEB4BD	data/game_data.gd	literal/000331	103					ui		다치바나 유	[]							BATCH-PROD-CORE-DATA	INTEGRATED	45f997c0bf6e81995f1d92b98aa060351ac66eb334f9d2fa7b53e13587d7bd40	1			
SEG-BASE-65CDEA337E0C436E054A	BASE	RES-2E00ACC886FEB4BD	data/game_data.gd	literal/000333	104					ui		남 ／ 축구부(주장)	[]							BATCH-PROD-CORE-DATA	INTEGRATED	bbd5dbe335d7ce22eeb6ab9b4f3d6185b6de0d7f1840b4cf9c6c6ed59fd52513	1			
SEG-BASE-E71562A7124C13FFD7B8	BASE	RES-2E00ACC886FEB4BD	data/game_data.gd	literal/000337	105					ui		다마루 겐	[]							BATCH-PROD-CORE-DATA	INTEGRATED	e7d42dca94b8f0aa9c375dafa52c5a5424f0581510dd934ee0b0835d9fb96714	1			
SEG-BASE-5F0EBB64FFFC3A54A597	BASE	RES-2E00ACC886FEB4BD	data/game_data.gd	literal/000339	106					ui		남 ／ 동아리 없음	[]							BATCH-PROD-CORE-DATA	INTEGRATED	feab4097562e027d802fa35636b7d24337f9228e2c8ae8447c3433a322e7830e	1			
SEG-BASE-E605ECA550D53FC66D97	BASE	RES-2E00ACC886FEB4BD	data/game_data.gd	literal/000343	107					ui		지바 미즈키	[]							BATCH-PROD-CORE-DATA	INTEGRATED	2691f439090a2b6453e43ea6657307f8a6ab05e8464cc61b2b8001882906e30b	1			
SEG-BASE-D8D6AA5FD8676CBDA7BA	BASE	RES-2E00ACC886FEB4BD	data/game_data.gd	literal/000345	108					ui		여 ／ 연극부	[]							BATCH-PROD-CORE-DATA	INTEGRATED	c1f2a72903151d97f889df2d28a1404936188a9d758beb0bb93a0462a2e4f3f4	1			
SEG-BASE-54251DED88E5CCE181FF	BASE	RES-2E00ACC886FEB4BD	data/game_data.gd	literal/000349	109					ui		도바리 가이토	[]							BATCH-PROD-CORE-DATA	INTEGRATED	e43c7e0018b845deb76bab8021782e387ad231afc723e26a6b16101445d980c3	1			
SEG-BASE-029E84DE6DC3ECBD63E9	BASE	RES-2E00ACC886FEB4BD	data/game_data.gd	literal/000351	110					ui		남 ／ 농구부	[]							BATCH-PROD-CORE-DATA	INTEGRATED	351383bc9f89802eb92d33c6e82b70479d80c3f74110432b548cbc3b66c38583	1			
SEG-BASE-27AEC79532BCD2C9C5E6	BASE	RES-2E00ACC886FEB4BD	data/game_data.gd	literal/000355	111					ui		나가이 겐	[]							BATCH-PROD-CORE-DATA	INTEGRATED	382d491bcc0a5370e51118679292f4682fbeaca67045cd806a0841da128dee08	1			
SEG-BASE-CB0024FF6460F30D7FB1	BASE	RES-2E00ACC886FEB4BD	data/game_data.gd	literal/000357	112					ui		남 ／ 동아리 없음	[]							BATCH-PROD-CORE-DATA	INTEGRATED	feab4097562e027d802fa35636b7d24337f9228e2c8ae8447c3433a322e7830e	1			
SEG-BASE-D92039259495C867BA83	BASE	RES-2E00ACC886FEB4BD	data/game_data.gd	literal/000361	113					ui		하야세 리쓰	[]							BATCH-PROD-CORE-DATA	INTEGRATED	3b7b92cf89c523d4a12679a4efac7cbd377097b2f0e6d8315cf79dc93878f558	1			
SEG-BASE-5BFC24D8398C0591E116	BASE	RES-2E00ACC886FEB4BD	data/game_data.gd	literal/000363	114					ui		여 ／ 배구부	[]							BATCH-PROD-CORE-DATA	INTEGRATED	e37a6e7a4c3c9e10938f47fddf4db6b84989f4a3bb5a5ea630855e56afca3853	1			
SEG-BASE-4405245BC40DDC4478E8	BASE	RES-2E00ACC886FEB4BD	data/game_data.gd	literal/000367	115					ui		하야미 리쿠	[]							BATCH-PROD-CORE-DATA	INTEGRATED	16c006b1529f31732ef1fa225d944f79e17c1128e6244dd92a602bddf1abc328	1			
SEG-BASE-B64279E08804BF44349B	BASE	RES-2E00ACC886FEB4BD	data/game_data.gd	literal/000369	116					ui		남 ／ 축구부	[]							BATCH-PROD-CORE-DATA	INTEGRATED	751289b8bd781de45cd2a674a4aefed5c128da01590dc64cd954605f7715f662	1			
SEG-BASE-AE147498D25FB047FC3F	BASE	RES-2E00ACC886FEB4BD	data/game_data.gd	literal/000373	117					ui		히라오카 슌	[]							BATCH-PROD-CORE-DATA	INTEGRATED	bfc26bbc3581191dc1bfbb46ce19c45fff999d7f3c1e974d7a657ae4241e7c00	1			
SEG-BASE-0CB31F8BD0456594C165	BASE	RES-2E00ACC886FEB4BD	data/game_data.gd	literal/000375	118					ui		남 ／ 동아리 없음	[]							BATCH-PROD-CORE-DATA	INTEGRATED	feab4097562e027d802fa35636b7d24337f9228e2c8ae8447c3433a322e7830e	1			
SEG-BASE-3B0135AB7505D0625E05	BASE	RES-2E00ACC886FEB4BD	data/game_data.gd	literal/000379	119					ui		후쿠시마 아야카	[]							BATCH-PROD-CORE-DATA	INTEGRATED	f3de5095217967e677615deeee7c55311afadf46106bedda032c64ce3ae01a8b	1			
SEG-BASE-128809C02884116E8DC7	BASE	RES-2E00ACC886FEB4BD	data/game_data.gd	literal/000381	120					ui		여 ／ 다도부	[]							BATCH-PROD-CORE-DATA	INTEGRATED	0dc45fda93bc4a5909a7ed85e9d5ee0e0fac3aa243700a51fa43ef51aa85a6f4	1			
SEG-BASE-A8FBB9EA42CEF988BAAC	BASE	RES-2E00ACC886FEB4BD	data/game_data.gd	literal/000385	121					ui		후루카와 다쿠	[]							BATCH-PROD-CORE-DATA	INTEGRATED	8c95e4da58cd13e587d098e73e792e7ffde3c462ce2fce3662d8ff65a50514c8	1			
SEG-BASE-21656C70D812520CDFB8	BASE	RES-2E00ACC886FEB4BD	data/game_data.gd	literal/000387	122					ui		남 ／ 신문부	[]							BATCH-PROD-CORE-DATA	INTEGRATED	b97e76c81a43aadf96ce88f25f8af448e349806ff611624501a6fc4a85f4155c	1			
SEG-BASE-507F3DD336C2CA9DC8FE	BASE	RES-2E00ACC886FEB4BD	data/game_data.gd	literal/000391	123					ui		혼다 호타루	[]							BATCH-PROD-CORE-DATA	INTEGRATED	e4eb458cfe9c9f577645c12701ea97641da438921abb2c9d5bd9e04880f9c4d7	1			
SEG-BASE-EEFD6115EE1AFBAE0A1B	BASE	RES-2E00ACC886FEB4BD	data/game_data.gd	literal/000393	124					ui		여 ／ 연극부	[]							BATCH-PROD-CORE-DATA	INTEGRATED	c1f2a72903151d97f889df2d28a1404936188a9d758beb0bb93a0462a2e4f3f4	1			
SEG-BASE-1BCC90DD02CDE2E41D62	BASE	RES-2E00ACC886FEB4BD	data/game_data.gd	literal/000397	125					ui		마키노 료	[]							BATCH-PROD-CORE-DATA	INTEGRATED	0c329efda634b2c2f298554eeb73e1918a1653ee95a3ae7ced0c85c7db689006	1			
SEG-BASE-E7429E1E9ACE2802A24F	BASE	RES-2E00ACC886FEB4BD	data/game_data.gd	literal/000399	126					ui		남 ／ 동아리 없음	[]							BATCH-PROD-CORE-DATA	INTEGRATED	feab4097562e027d802fa35636b7d24337f9228e2c8ae8447c3433a322e7830e	1			
SEG-BASE-C49A55D348C4E0F03BF9	BASE	RES-2E00ACC886FEB4BD	data/game_data.gd	literal/000403	127					ui		미야케 하루카	[]							BATCH-PROD-CORE-DATA	INTEGRATED	eef99ca304d6b7c636919be9c784201ddca283b17a50aa16268f2dd3eddb5f9f	1			
SEG-BASE-E52800C0AC6762AB35AD	BASE	RES-2E00ACC886FEB4BD	data/game_data.gd	literal/000405	128					ui		여 ／ 동아리 없음	[]							BATCH-PROD-CORE-DATA	INTEGRATED	7ada8cf00af09b156e209a95c50eda28e96fa3e9dd40ed2c16b40563f70d493c	1			
SEG-BASE-696C22DEB2A381BAD3BC	BASE	RES-2E00ACC886FEB4BD	data/game_data.gd	literal/000409	129					ui		무라세 하야테	[]							BATCH-PROD-CORE-DATA	INTEGRATED	db437fa8e0bc93bb99f8c556caf1b3c4771e2b81cd7574b875b3d7e85cb58686	1			
SEG-BASE-0168B12A0B85520F7BBE	BASE	RES-2E00ACC886FEB4BD	data/game_data.gd	literal/000411	130					ui		남 ／ 육상부	[]							BATCH-PROD-CORE-DATA	INTEGRATED	adf7f7eb75faf61a0bbf84e3a68f5f68cf8f92b1cbfbcdb6ec53434b0f7d2248	1			
SEG-BASE-C8190A7559804EAC7948	BASE	RES-2E00ACC886FEB4BD	data/game_data.gd	literal/000415	131					ui		모테기 유이	[]							BATCH-PROD-CORE-DATA	INTEGRATED	ac376eefd163a4bd29c7d1459b6fe6e6bdd5809141790b13bf9233c2084a4cf5	1			
SEG-BASE-E9CF93A9FD9BA2FF591E	BASE	RES-2E00ACC886FEB4BD	data/game_data.gd	literal/000417	132					ui		여 ／ 미술부	[]							BATCH-PROD-CORE-DATA	INTEGRATED	8a54253fd27eb8ebf1b476f323e7c219096a734df06b9bee7a7eebd7a53305ca	1			
SEG-BASE-38E6411A7F95C454D908	BASE	RES-2E00ACC886FEB4BD	data/game_data.gd	literal/000421	133					ui		야기 소라	[]							BATCH-PROD-CORE-DATA	INTEGRATED	13d0fe4d6579695dea7a259d35b1bf36a45f5e66326ea210a2f6d81aa77adddb	1			
SEG-BASE-72CA78F6BAF08086D976	BASE	RES-2E00ACC886FEB4BD	data/game_data.gd	literal/000423	134					ui		남 ／ 연극부	[]							BATCH-PROD-CORE-DATA	INTEGRATED	a78c7e814c27c2e1352e86f59eff33f8324a39d1076c97f090114c41b87fbc5d	1			
SEG-BASE-1EB3010CC67E1126734C	BASE	RES-2E00ACC886FEB4BD	data/game_data.gd	literal/000427	135					ui		야마시타 미사키	[]							BATCH-PROD-CORE-DATA	INTEGRATED	cc62cad5af15ca780b301d488845cce9f99f039d39122f5f22b7a3c9e84ae96a	1			
SEG-BASE-6D3069DB9653DB0D2916	BASE	RES-2E00ACC886FEB4BD	data/game_data.gd	literal/000429	136					ui		여 ／ 도서 위원	[]							BATCH-PROD-CORE-DATA	INTEGRATED	6208d62a7c6cf0a7e149a03c6a1e28cd7370a5e52ef986099e17669155830415	1			
SEG-BASE-EEC156CE3A65B4A1A59F	BASE	RES-2E00ACC886FEB4BD	data/game_data.gd	literal/000433	137					ui		요코야마 가케루	[]							BATCH-PROD-CORE-DATA	INTEGRATED	100e8942def91bce9868a98a415a1e9f41b43020928bc2a516bb4fa015045b81	1			
SEG-BASE-D1937B4807E507EE1C7B	BASE	RES-2E00ACC886FEB4BD	data/game_data.gd	literal/000435	138					ui		남 ／ 연극부	[]							BATCH-PROD-CORE-DATA	INTEGRATED	a78c7e814c27c2e1352e86f59eff33f8324a39d1076c97f090114c41b87fbc5d	1			
SEG-BASE-8B7B4199150DAE54FEF4	BASE	RES-2E00ACC886FEB4BD	data/game_data.gd	literal/000439	139					ui		와다 리오	[]							BATCH-PROD-CORE-DATA	INTEGRATED	8067c1722aae1abe3969c1aa63bbeecbf1202b43f0be9f00f2b8af4696e9632f	1			
SEG-BASE-D13E7F400B5C45911A6F	BASE	RES-2E00ACC886FEB4BD	data/game_data.gd	literal/000441	140					ui		여 ／ 배구부	[]							BATCH-PROD-CORE-DATA	INTEGRATED	e37a6e7a4c3c9e10938f47fddf4db6b84989f4a3bb5a5ea630855e56afca3853	1			
SEG-BASE-38C56719ABD5791CF831	BASE	RES-2E00ACC886FEB4BD	data/game_data.gd	literal/000445	141					ui		숲	[]							BATCH-PROD-CORE-DATA	INTEGRATED	5f8e490558897efa493cfbd5d78dfa22de2d997068ef7ab64282edef82d67351	1			
SEG-BASE-D593615E0ACF6B4ACF80	BASE	RES-2E00ACC886FEB4BD	data/game_data.gd	literal/000449	142					ui		등대	[]							BATCH-PROD-CORE-DATA	INTEGRATED	f2df7bb7d9c5ca86963b1fb47efbc6162fe71f6ce69f3fccc9de1b8ee3e431a4	1			
SEG-BASE-1619C15AC4BD6113549F	BASE	RES-2E00ACC886FEB4BD	data/game_data.gd	literal/000453	143					ui		언덕	[]							BATCH-PROD-CORE-DATA	INTEGRATED	af009c33a22fe72d3667e17655d40857fbf5ba0df162d2ae69247e64cf06c630	1			
SEG-BASE-AB4CFE1BAE3A19C4850A	BASE	RES-2E00ACC886FEB4BD	data/game_data.gd	literal/000457	144					ui		동굴	[]							BATCH-PROD-CORE-DATA	INTEGRATED	8f9441ced6153be09573bef63cbf644be5161fbb1d89854d69882273a12c3533	1			
SEG-BASE-B696D25AE7DEBF1EA1EF	BASE	RES-2E00ACC886FEB4BD	data/game_data.gd	literal/000461	145					ui		폐촌	[]							BATCH-PROD-CORE-DATA	INTEGRATED	017f76dfd66227b6f4377370bfe7ee9b3afcb506ef59d89cec9d2b3088919c23	1			
SEG-BASE-7F43FAB0E0BC10CBB927	BASE	RES-2E00ACC886FEB4BD	data/game_data.gd	literal/000465	146					ui		전파탑	[]							BATCH-PROD-CORE-DATA	INTEGRATED	23ae326dde05470698e8641d26ab8b61e70423e7420ea6b4fdc31f289c3bae42	1			
SEG-BASE-C2CA21F37AF7FFD31780	BASE	RES-2E00ACC886FEB4BD	data/game_data.gd	literal/000469	147					ui		폐교	[]							BATCH-PROD-CORE-DATA	INTEGRATED	e73b7576f62b9536f07af8a6fe58339f554afc6e598729f420a228bcf5b8fc58	1			
SEG-BASE-DB7B03AE0CBDCF7658FE	BASE	RES-2E00ACC886FEB4BD	data/game_data.gd	literal/000473	148					ui		공장	[]							BATCH-PROD-CORE-DATA	INTEGRATED	6afcfe4a8f9a3f1a41aa1c9f1e1569b799d5f55940b21d7207de7e9eb6d530cc	1			
SEG-BASE-1B3C52329EF89AD8A7AB	BASE	RES-2E00ACC886FEB4BD	data/game_data.gd	literal/000477	149					ui		농장	[]							BATCH-PROD-CORE-DATA	INTEGRATED	6caafa70a7aaf5e2a277413fc80cce573526fcaca368fe869df0c8fd55554b8f	1			
SEG-BASE-B6B0689D5455E381C5BE	BASE	RES-2E00ACC886FEB4BD	data/game_data.gd	literal/000481	150					ui		늪	[]							BATCH-PROD-CORE-DATA	INTEGRATED	09fc22835a0741b4be4cedb686fb01430900996f12df3cd88339ab6c265e7329	1			
SEG-BASE-677D7B0FE07ECEB0BA40	BASE	RES-2E00ACC886FEB4BD	data/game_data.gd	literal/000485	151					ui		교회	[]							BATCH-PROD-CORE-DATA	INTEGRATED	9f008ad32e93355c0a01342f598c08d91d8d3c45888887a8b33d17a7f175a288	1			
SEG-BASE-291D78E67AF0FAEE16DA	BASE	RES-2E00ACC886FEB4BD	data/game_data.gd	literal/000489	152					ui		항구	[]							BATCH-PROD-CORE-DATA	INTEGRATED	1151db5f85fbe8253b8851d6805571258cbaa8d4a839433ecf67e51da333fdf4	1			
SEG-BASE-DE7341999092A9D7D573	BASE	RES-2E00ACC886FEB4BD	data/game_data.gd	literal/000493	153					ui		곶	[]							BATCH-PROD-CORE-DATA	INTEGRATED	8752c2bc74e81fd4ca9e4f3af37181789eb99e706342bc5db5523106290e2a32	1			
SEG-BASE-E42AA3ACFBE6B3D70A31	BASE	RES-2E00ACC886FEB4BD	data/game_data.gd	literal/000497	154					ui		암초 지대	[]							BATCH-PROD-CORE-DATA	INTEGRATED	3cbb32c435a22d58b7ecab9e34a3dc950dbd1dc8b9e49f3497984d0538c895e2	1			
SEG-BASE-82C494FD27B01203844E	BASE	RES-2E00ACC886FEB4BD	data/game_data.gd	literal/000498	155					debug			[]								OUT_OF_SCOPE	3ee7901ac0c9b00e3896321dfd89c24bb19f5328821df1b3ea0b92cc63c0a54f	0			
SEG-BASE-7CB31F46455906D80033	BASE	RES-2E00ACC886FEB4BD	data/game_data.gd	literal/000515	156					ui			[]								OUT_OF_SCOPE	d1169549fc5647cc805f78083bb7b1db7112ed8cefccc5a1517c5045e5c62617	0	D-0043		
SEG-BASE-47F7C45AF9845AC9270E	BASE	RES-2E00ACC886FEB4BD	data/game_data.gd	literal/000531	157					ui		생존	[]							BATCH-PROD-CORE-DATA	INTEGRATED	cbd9667c3fa1225ec8b9dea5e418d78d96891a942b3bad858c18d3254d41d4c6	1			
SEG-BASE-C032AFEDF17B82880EC8	BASE	RES-2E00ACC886FEB4BD	data/game_data.gd	literal/000533	158					ui		생존 확인	[]							BATCH-PROD-CORE-DATA	INTEGRATED	241a7f2e364b7dc2bd18a071c34226d71244fe71567411ee35c7f97cdee6ef6f	1			
SEG-BASE-7B3AB1DE005D33D99854	BASE	RES-2E00ACC886FEB4BD	data/game_data.gd	literal/000536	159					ui			[{"raw":"%s","class":"placeholder","movable":false,"order_sensitive":true}]								BLOCKED	6917f4c09146d51ed1ef481bf2ce633d27b40f998e2de73d4401c8372bc1703e	0		U-0009	
SEG-BASE-273CB32A757BC8027574	BASE	RES-2E00ACC886FEB4BD	data/game_data.gd	literal/000547	160					ui			[]								BLOCKED	a2e54fdcf32b8ceaa593999f460bd361bd0ba4f0a598c6a11bcdda7c52e6ae6c	0		U-0009	
SEG-BASE-19A16208F2359DAA4992	BASE	RES-2E00ACC886FEB4BD	data/game_data.gd	literal/000549	161					ui			[{"raw":"%s","class":"placeholder","movable":false,"order_sensitive":true}]								BLOCKED	9dce24f63e1bae8067213fd380835396a86136f48058427de25e89fc1cd01c78	0		U-0009	
SEG-BASE-1F6CA005205A7A4273BE	BASE	RES-2E00ACC886FEB4BD	data/game_data.gd	literal/000551	162					ui			[{"raw":"%s","class":"placeholder","movable":false,"order_sensitive":true}]								BLOCKED	aaffbe0451ee6c5b2f52b02ac9d3b496356cd724316f187a5e05793280f3c63c	0		U-0009	
SEG-BASE-0B9FED08820A9204DFCA	BASE	RES-2E00ACC886FEB4BD	data/game_data.gd	literal/000552	163					ui			[{"raw":"%s","class":"placeholder","movable":false,"order_sensitive":true},{"raw":"%s","class":"placeholder","movable":false,"order_sensitive":true},{"raw":"%s","class":"placeholder","movable":false,"order_sensitive":true}]								BLOCKED	59649c04bd0f6c17021812784539d21aa360ae085947fcaec6d7b10b0d7f1e2f	0		U-0009	
SEG-BASE-128F1B2FC56949D0BC22	BASE	RES-2E00ACC886FEB4BD	data/game_data.gd	literal/000553	164					ui			[{"raw":"%s","class":"placeholder","movable":false,"order_sensitive":true},{"raw":"%s","class":"placeholder","movable":false,"order_sensitive":true}]								BLOCKED	9fcd08abbdbd26c2a238a985c286e4ade4bfc6ee7cb877b3d588e5242f528105	0		U-0009	
SEG-BASE-D19EE090AD39D10AF00C	BASE	RES-2E00ACC886FEB4BD	data/game_data.gd	literal/000556	165					ui		스스로 몸을 던져 사망	[]							BATCH-PROD-CORE-DATA	INTEGRATED	a4a0fc0f82661f77c81874ec2a1e9befa5140002ad6cbbb627b7f5553bf3c09a	1			
SEG-BASE-6B802920318CEF6AA0EC	BASE	RES-2E00ACC886FEB4BD	data/game_data.gd	literal/000557	166					ui			[{"raw":"%s","class":"placeholder","movable":false,"order_sensitive":true}]								BLOCKED	53e79747ad79819a8754cf63f0e638e5e5369e5fc7586abf6797360e3ec63559	0		U-0009	
SEG-BASE-E23E45BBBBB5F7193EFF	BASE	RES-2E00ACC886FEB4BD	data/game_data.gd	literal/000577	167					debug			[]								OUT_OF_SCOPE	f10d45385d485c75cd727be58732ffa3e8144ad37429caae2ddaf7df1792e4f3	0			
SEG-BASE-9D08F84CD3BC4B3C5F43	BASE	RES-2E00ACC886FEB4BD	data/game_data.gd	literal/000578	168					debug			[]								OUT_OF_SCOPE	ef80651368888eb108a6f7978adc8cd17a13fa8e9e517f459b19667fae1f53d4	0			
SEG-BASE-EB1DDA3C6272BDA95A34	BASE	RES-5ADB8BB74B87307D	data/hint.gd	literal/000036	1		ROUTE-COMMON			tutorial		『%s』 기록을 다시 한 번 잘 읽어 보세요.	[{"raw":"%s","class":"placeholder","movable":false,"order_sensitive":true}]							BATCH-PROD-HINT-GENERIC	INTEGRATED	b9095741de8aeac6d044a4262f146d097cba5e0ec570ea2e44fa135a94169e18	1			
SEG-BASE-996A380D4EF3BFF17E95	BASE	RES-5ADB8BB74B87307D	data/hint.gd	literal/000037	2		ROUTE-COMMON			tutorial		수신한 MESSAGE를 다시 읽어 보세요. 다음에 복원할 기록명의 단서가 적혀 있어요.	[]							BATCH-PROD-HINT-GENERIC	INTEGRATED	faac7e68fe0318ad3b7d4a9252d110d575eba8452d888b36c226837a1a43f48e	1			
SEG-BASE-DF8301E9C5B6EA9C1964	BASE	RES-5ADB8BB74B87307D	data/hint.gd	literal/000038	3		ROUTE-COMMON			tutorial		MESSAGE나 임무 지령서(00-ORDER)를 다시 읽어 보세요. 다음에 복원할 기록명을 알아낼 단서가 들어 있어요.	[{"raw":"00-ORDER","class":"record_key","movable":false,"order_sensitive":true}]							BATCH-PROD-HINT-GENERIC	INTEGRATED	1813f89347465cb30bd8574545b4f4b16175442ea706bdc460a17a59b2a91de4	1			
SEG-BASE-36074B067FF9BF0673AF	BASE	RES-5ADB8BB74B87307D	data/hint.gd	literal/000039	4		ROUTE-COMMON			tutorial		단서가 담긴 기록에는 인물 『%s』 및 장소 『%s』에 대한 내용이 나와요.	[{"raw":"%s","class":"placeholder","movable":false,"order_sensitive":true},{"raw":"%s","class":"placeholder","movable":false,"order_sensitive":true}]							BATCH-PROD-HINT-GENERIC	INTEGRATED	98a4d1cef68667157d630f0e253d306efeae2ea1e5afa9f35fc84f08bd68cda9	1			
SEG-BASE-D32EE3C285ABFEE3C3C0	BASE	RES-5ADB8BB74B87307D	data/hint.gd	literal/000040	5		ROUTE-COMMON			tutorial		다음에 복원할 기록은 『%s』입니다.	[{"raw":"%s","class":"placeholder","movable":false,"order_sensitive":true}]							BATCH-PROD-HINT-GENERIC	INTEGRATED	e3e8d49467bbae28913558029146dd34b9c3531e9c6018c9f3a6b2b22d7d72e1	1			
SEG-BASE-3D4A2CDEB5A7D135D91C	BASE	RES-5ADB8BB74B87307D	data/hint.gd	literal/000041	6		ROUTE-COMMON			tutorial		『%s』(%s의 기록)을 다시 한 번 잘 읽어 보세요.	[{"raw":"%s","class":"placeholder","movable":false,"order_sensitive":true},{"raw":"%s","class":"placeholder","movable":false,"order_sensitive":true}]							BATCH-PROD-HINT-GENERIC	INTEGRATED	c80f3596d21afad791621045c53c96b9d83eb5ed87f0c82115a00946862bb6f7	1			
SEG-BASE-928889241ECDD05330AD	BASE	RES-5ADB8BB74B87307D	data/hint.gd	literal/000045	7		ROUTE-COMMON			tutorial		흉기는 『%s』입니다. 이 흉기가 누구에게 지급됐는지 학생 명단과 대조해 보면 가해자를 좁힐 수 있어요.	[{"raw":"%s","class":"placeholder","movable":false,"order_sensitive":true}]							BATCH-PROD-HINT-GENERIC	INTEGRATED	cefe2bf071be218c521244f12f25bdd1639eaabeabd5fa53d62ca7b48af16cd7	1			
SEG-BASE-A33A7873046E129274EF	BASE	RES-5ADB8BB74B87307D	data/hint.gd	literal/000046	8		ROUTE-COMMON			tutorial		흉기 없이 벌어진 범행입니다. 누가 현장에 있었는지 기록의 증언을 바탕으로 가해자를 좁혀 보세요.	[]							BATCH-PROD-HINT-GENERIC	INTEGRATED	fae507dad1bf9a38073ca690575c55ddd74162d49a5960ae718d9384e974cf73	1			
SEG-BASE-502855A09C7174132CF8	BASE	RES-5ADB8BB74B87307D	data/hint.gd	literal/000047	9		ROUTE-COMMON			tutorial		타살이 아닙니다. 사인(사고/자살/강제 기폭 등)에 주목해 상황을 파악해 보세요.	[]							BATCH-PROD-HINT-GENERIC	INTEGRATED	8bb6b6a5f0d7c6be39ea1c7e9a0c7a6bb5b35c66e5dabce63a52224be850aff2	1			
SEG-BASE-DAEA2569D46719486F6B	BASE	RES-5ADB8BB74B87307D	data/hint.gd	literal/000048	10		ROUTE-COMMON			tutorial		기록과 학생 명단을 대조하면 〈사인·흉기·가해자〉를 확정할 수 있어요.	[]							BATCH-PROD-HINT-GENERIC	INTEGRATED	e5cef50914825d4e2aa4d89cbbaf1780708f477286433b22c4e773003a7c9cc1	1			
SEG-BASE-1F0DEE8B9C81480CEB28	BASE	RES-5ADB8BB74B87307D	data/hint.gd	literal/000049	11		ROUTE-COMMON			tutorial		사인 『%s』	[{"raw":"%s","class":"placeholder","movable":false,"order_sensitive":true}]							BATCH-PROD-HINT-GENERIC	INTEGRATED	6a43467e9650e18bb95aa4cbd18b0caf1d479d7baaadb6bce7ff3269b495b868	1			
SEG-BASE-EACDF3F7EC7BBD9B9D0B	BASE	RES-5ADB8BB74B87307D	data/hint.gd	literal/000052	12		ROUTE-COMMON			tutorial		흉기 『%s』	[{"raw":"%s","class":"placeholder","movable":false,"order_sensitive":true}]							BATCH-PROD-HINT-GENERIC	INTEGRATED	a74f8144571d282ff8654eaff281312d077d9e3d83f4f4027b5f462673712134	1			
SEG-BASE-A70541E88190B568D5DE	BASE	RES-5ADB8BB74B87307D	data/hint.gd	literal/000053	13		ROUTE-COMMON			tutorial		가해자 『%s』	[{"raw":"%s","class":"placeholder","movable":false,"order_sensitive":true}]							BATCH-PROD-HINT-GENERIC	INTEGRATED	2494bf325d51830078d718acf8116577348b494ba25a2c61fd7e452f41e90bdd	1			
SEG-BASE-173D3A332993EAD8F331	BASE	RES-5ADB8BB74B87307D	data/hint.gd	literal/000054	14		ROUTE-COMMON			tutorial		정답 ── 	[]							BATCH-PROD-HINT-GENERIC	INTEGRATED	3859b7394c4d007cfe39249818dc31104286d8f19f96fdb667005f8b91baa4c1	1			
SEG-BASE-A7C8766477BBDE77C9EA	BASE	RES-5ADB8BB74B87307D	data/hint.gd	literal/000059	15		ROUTE-COMMON			tutorial		『%s』(%s의 기록)	[{"raw":"%s","class":"placeholder","movable":false,"order_sensitive":true},{"raw":"%s","class":"placeholder","movable":false,"order_sensitive":true}]							BATCH-PROD-HINT-GENERIC	INTEGRATED	161e53bf372dd670f1d327ac7d167d4c90c4175fd3b1680cde94091f70403d45	1			
SEG-BASE-0F7FCED0A5ADA6C40226	BASE	RES-5ADB8BB74B87307D	data/hint.gd	literal/000062	16		ROUTE-COMMON			tutorial		본문만으로는 이 가해자를 좁힐 수 없어요. %s에 범인의 단서가 있어요. 다시 읽고 대조해 보세요.	[{"raw":"%s","class":"placeholder","movable":false,"order_sensitive":true}]							BATCH-PROD-HINT-GENERIC	INTEGRATED	d0380049e7e7fac0d6282eb348b035892e39c58bd890e7ade99b096f86b5b92c	1			
SEG-BASE-0D08F2115FA845CDEE8A	BASE	RES-5ADB8BB74B87307D	data/hint.gd	literal/000063	17		ROUTE-COMMON			tutorial		·	[]							BATCH-PROD-HINT-GENERIC	INTEGRATED	2a21905f43e5a05954fb631dfc0cf38b1d8b25001f9ccedd80abcd27e88f6fb8	1			
SEG-BASE-127DE32707A4F6D46A1A	BASE	RES-42D08B5B9BF398C1	data/hint_overrides.gd	table/05-D2-29/restore/1	1	SCENE-RECORD-INITIAL	ROUTE-COMMON	STATE-RESTORE-INITIAL		tutorial		『00-ORDER』를 다시 한 번 잘 읽어 보세요.	[{"raw":"00-ORDER","class":"record_key","movable":false,"order_sensitive":true}]							BATCH-PILOT-NARRATIVE	RUNTIME_VALIDATED	aa2cbab68c8b7a516b73bba8eaeb3ae4c5ad7ca49d37d64218ad6798d5535eb2	1			
SEG-BASE-139EAA99E9E1A7CDDA47	BASE	RES-42D08B5B9BF398C1	data/hint_overrides.gd	table/05-D2-29/restore/3	2	SCENE-RECORD-INITIAL	ROUTE-COMMON	STATE-RESTORE-INITIAL		tutorial		다음에 복원할 기록은 『05-D2-29』입니다.	[{"raw":"05-D2-29","class":"record_key","movable":false,"order_sensitive":true}]							BATCH-PILOT-NARRATIVE	RUNTIME_VALIDATED	f655a60dbd18fca75554345377e50f42d8dd51a47d730dc00365039ca8f850a6	1			
SEG-BASE-CEB8E661C52E6F16B598	BASE	RES-42D08B5B9BF398C1	data/hint_overrides.gd	table/05-D2-29/confirm/1	3	SCENE-RECORD-INITIAL	ROUTE-COMMON	STATE-RESTORE-INITIAL		tutorial		『05-D2-29』를 다시 한 번 잘 읽어 보세요.	[{"raw":"05-D2-29","class":"record_key","movable":false,"order_sensitive":true}]							BATCH-PILOT-NARRATIVE	RUNTIME_VALIDATED	8b0cc6f7824bdcd22822b8560588d070a4e53a9d5cd05a5f51f62acff4697c31	1			
SEG-BASE-D075FDF7319EA8E18400	BASE	RES-42D08B5B9BF398C1	data/hint_overrides.gd	table/05-D2-29/confirm/3	4	SCENE-RECORD-INITIAL	ROUTE-COMMON	STATE-RESTORE-INITIAL		tutorial		정답 ── 사인 『참살』 ／ 흉기 『나타』 ／ 가해자 『기류 렌』.	[]							BATCH-PILOT-NARRATIVE	RUNTIME_VALIDATED	810442cea4a5dfce1a2fa7c6ac4bfabec0a820f5c805a63c0c9a343176976a17	1			
SEG-BASE-1BFB2E70F389AE20754C	BASE	RES-42D08B5B9BF398C1	data/hint_overrides.gd	table/06-D2-11/restore/1	5	SCENE-RECORD-INITIAL	ROUTE-COMMON	STATE-RESTORE-INITIAL		tutorial		『00-ORDER』를 다시 한 번 잘 읽어 보세요.	[{"raw":"00-ORDER","class":"record_key","movable":false,"order_sensitive":true}]							BATCH-PILOT-NARRATIVE	RUNTIME_VALIDATED	aa2cbab68c8b7a516b73bba8eaeb3ae4c5ad7ca49d37d64218ad6798d5535eb2	1			
SEG-BASE-63703B398EDAC1B3F19B	BASE	RES-42D08B5B9BF398C1	data/hint_overrides.gd	table/06-D2-11/restore/3	6	SCENE-RECORD-INITIAL	ROUTE-COMMON	STATE-RESTORE-INITIAL		tutorial		다음에 복원할 기록은 『06-D2-11』입니다.	[{"raw":"06-D2-11","class":"record_key","movable":false,"order_sensitive":true}]							BATCH-PILOT-NARRATIVE	RUNTIME_VALIDATED	ab9c9ecca215216feeef412092ccbe8f288b0b4f2e7a4f5f16851614b09d608f	1			
SEG-BASE-DC048E03A896F1FC649C	BASE	RES-42D08B5B9BF398C1	data/hint_overrides.gd	table/06-D2-11/confirm/1	7	SCENE-RECORD-INITIAL	ROUTE-COMMON	STATE-RESTORE-INITIAL		tutorial		『06-D2-11』를 다시 한 번 잘 읽어 보세요.	[{"raw":"06-D2-11","class":"record_key","movable":false,"order_sensitive":true}]							BATCH-PILOT-NARRATIVE	RUNTIME_VALIDATED	85ddce86cf21cfdb6e77c4014fd55cb183826cd4722664708f5ab7f7faffc16e	1			
SEG-BASE-DCBA25FAB1B7D6DAB31F	BASE	RES-42D08B5B9BF398C1	data/hint_overrides.gd	table/06-D2-11/confirm/2	8	SCENE-RECORD-INITIAL	ROUTE-COMMON	STATE-RESTORE-INITIAL		tutorial		흉기는 『너클』입니다. 이 흉기가 누구에게 지급됐는지 명단과 대조해 보면 가해자를 좁힐 수 있어요.	[]							BATCH-PILOT-NARRATIVE	RUNTIME_VALIDATED	fb10d5f90d2d96b7672b8421a9edc12604dcc6938c09a0eb28e0579cb16203e2	1			
SEG-BASE-93F85E7C887B3FA89B4C	BASE	RES-42D08B5B9BF398C1	data/hint_overrides.gd	table/06-D2-11/confirm/3	9	SCENE-RECORD-INITIAL	ROUTE-COMMON	STATE-RESTORE-INITIAL		tutorial		정답 ── 사인 『구타로 인한 사망』 ／ 흉기 『너클』 ／ 가해자 『가노 렌지』.	[]							BATCH-PILOT-NARRATIVE	RUNTIME_VALIDATED	373fe289785accc9f088994dac2e8c2e929913556b19e14484b4671b68783aeb	1			
SEG-BASE-B0E2499E47CD86631179	BASE	RES-42D08B5B9BF398C1	data/hint_overrides.gd	table/07-D1-24/restore/1	10	SCENE-RECORD-INITIAL	ROUTE-COMMON	STATE-RESTORE-INITIAL		tutorial		『00-ORDER』를 다시 한 번 잘 읽어 보세요.	[{"raw":"00-ORDER","class":"record_key","movable":false,"order_sensitive":true}]							BATCH-PILOT-NARRATIVE	RUNTIME_VALIDATED	aa2cbab68c8b7a516b73bba8eaeb3ae4c5ad7ca49d37d64218ad6798d5535eb2	1			
SEG-BASE-F41611C3B0A244409222	BASE	RES-42D08B5B9BF398C1	data/hint_overrides.gd	table/07-D1-24/restore/3	11	SCENE-RECORD-INITIAL	ROUTE-COMMON	STATE-RESTORE-INITIAL		tutorial		다음에 복원할 기록은 『07-D1-24』입니다.	[{"raw":"07-D1-24","class":"record_key","movable":false,"order_sensitive":true}]							BATCH-PILOT-NARRATIVE	RUNTIME_VALIDATED	9b3f5be892a08609c4591c79a8be84673f3da911b8e828bb76633ec4df61e462	1			
SEG-BASE-3D2E1D743B8300CB5222	BASE	RES-42D08B5B9BF398C1	data/hint_overrides.gd	table/07-D1-24/confirm/1	12	SCENE-RECORD-INITIAL	ROUTE-COMMON	STATE-RESTORE-INITIAL		tutorial		『07-D1-24』를 다시 한 번 잘 읽어 보세요.	[{"raw":"07-D1-24","class":"record_key","movable":false,"order_sensitive":true}]							BATCH-PILOT-NARRATIVE	RUNTIME_VALIDATED	23efb1509d0d4835a601cb85b8e88149c84e4b44c7b43c3fd626b5baee5f7794	1			
SEG-BASE-56DBBFC091B02C712AB5	BASE	RES-42D08B5B9BF398C1	data/hint_overrides.gd	table/07-D1-24/confirm/2	13	SCENE-RECORD-INITIAL	ROUTE-COMMON	STATE-RESTORE-INITIAL		tutorial		흉기는 『나타』입니다. 시간 순서대로 나타가 누구 손에 넘어갔는지 생각해 보세요.	[]							BATCH-PILOT-NARRATIVE	RUNTIME_VALIDATED	08a50899c61c5a705649e61f7f67b363bcdaeb19b2cb791adacdd9ba4bfbdaae	1			
SEG-BASE-693876A006F73FB1AD4E	BASE	RES-42D08B5B9BF398C1	data/hint_overrides.gd	table/07-D1-24/confirm/3	14	SCENE-RECORD-INITIAL	ROUTE-COMMON	STATE-RESTORE-INITIAL		tutorial		정답 ── 사인 『참살』 ／ 흉기 『나타』 ／ 가해자 『가노 렌지』.	[]							BATCH-PILOT-NARRATIVE	RUNTIME_VALIDATED	fb6b5ae7a1abf4cc03c945bf9884911306b71dc28f0fd257d80f6b5c5521a73f	1			
SEG-BASE-AD343D0C6DCE9BC573A4	BASE	RES-42D08B5B9BF398C1	data/hint_overrides.gd	table/09-B2-07/restore/1	15	SCENE-RECORD-A	ROUTE-COMMON	STATE-RESTORE-A		tutorial		수신한 MSG01을 다시 읽어 보세요. 다음에 복원할 기록명의 단서가 적혀 있습니다.	[]							BATCH-PROD-STORY-A1	INTEGRATED	1532835798e1a4d3f1d65495a8fdd42a9790aa2b89b6ee208237a663c0a22bdd	2			
SEG-BASE-853BF7194CE44E673842	BASE	RES-42D08B5B9BF398C1	data/hint_overrides.gd	table/09-B2-07/restore/2	16	SCENE-RECORD-A	ROUTE-COMMON	STATE-RESTORE-A		tutorial		기록명에 ??가 없는 것부터 복원해 보세요.	[]							BATCH-PROD-STORY-A1	INTEGRATED	8c3b973f2342cb3e1d6371a4200d7d0068dd0dcc62e21efa6ce263f0416e4e0e	2			
SEG-BASE-0988B225F3C34FC39884	BASE	RES-42D08B5B9BF398C1	data/hint_overrides.gd	table/09-B2-07/restore/3	17	SCENE-RECORD-A	ROUTE-COMMON	STATE-RESTORE-A		tutorial		다음에 복원할 기록은 『09-B2-07』입니다.	[{"raw":"09-B2-07","class":"record_key","movable":false,"order_sensitive":true}]							BATCH-PROD-STORY-A1	INTEGRATED	67c0a7c7cb6d188ef396e1cd5070e94e29357b689786179345a13d9c9904d40a	2			
SEG-BASE-5592C2EA81B048AF389E	BASE	RES-42D08B5B9BF398C1	data/hint_overrides.gd	table/09-B2-07/confirm/1	18	SCENE-RECORD-A	ROUTE-COMMON	STATE-RESTORE-A		tutorial		『09-B2-07』과 『29-B3-18』을 잘 읽어 보세요.	[{"raw":"09-B2-07","class":"record_key","movable":false,"order_sensitive":true},{"raw":"29-B3-18","class":"record_key","movable":false,"order_sensitive":true}]							BATCH-PROD-STORY-A1	INTEGRATED	76cacfe738a2b52f622fc3742f91d5f362225ddfe5efe5bfcb81a0e75d09daf5	2			
SEG-BASE-87F740B21B6AF18FE280	BASE	RES-42D08B5B9BF398C1	data/hint_overrides.gd	table/09-B2-07/confirm/2	19	SCENE-RECORD-A	ROUTE-COMMON	STATE-RESTORE-A		tutorial		동굴 깊은 곳에는 누가 있었을까요?	[]							BATCH-PROD-STORY-A1	INTEGRATED	9ac611539d4c2dd666fd4e4d50d57d0c0e54a3ad6f4ce3d0c2a82bd8abc5bc17	2			
SEG-BASE-52C95B6D44E28191637D	BASE	RES-42D08B5B9BF398C1	data/hint_overrides.gd	table/09-B2-07/confirm/3	20	SCENE-RECORD-A	ROUTE-COMMON	STATE-RESTORE-A		tutorial		정답 ── 사인 『자상으로 인한 사망』 ／ 흉기 『아이스픽』 ／ 가해자 『시노즈카 다쿠야』.	[]							BATCH-PROD-STORY-A1	INTEGRATED	16a372341f5ccf9a427ef91ea48aa74a0a4d5e727933fafdcb943b028e228c27	2			
SEG-BASE-75B6D151076597497100	BASE	RES-42D08B5B9BF398C1	data/hint_overrides.gd	table/14-C3-30/restore/1	21	SCENE-RECORD-A	ROUTE-COMMON	STATE-RESTORE-A		tutorial		수신한 MSG01을 다시 읽어 보세요. 다음에 복원할 기록명의 단서가 적혀 있습니다.	[]							BATCH-PROD-STORY-A1	INTEGRATED	1532835798e1a4d3f1d65495a8fdd42a9790aa2b89b6ee208237a663c0a22bdd	2			
SEG-BASE-0F7CF9AE95C495D7F3E5	BASE	RES-42D08B5B9BF398C1	data/hint_overrides.gd	table/14-C3-30/restore/2	22	SCENE-RECORD-A	ROUTE-COMMON	STATE-RESTORE-A		tutorial		기록명에 ??가 없는 것부터 복원해 보세요.	[]							BATCH-PROD-STORY-A1	INTEGRATED	8c3b973f2342cb3e1d6371a4200d7d0068dd0dcc62e21efa6ce263f0416e4e0e	2			
SEG-BASE-B9D9111A335AB8191C1A	BASE	RES-42D08B5B9BF398C1	data/hint_overrides.gd	table/14-C3-30/restore/3	23	SCENE-RECORD-A	ROUTE-COMMON	STATE-RESTORE-A		tutorial		다음에 복원할 기록은 『14-C3-30』입니다.	[{"raw":"14-C3-30","class":"record_key","movable":false,"order_sensitive":true}]							BATCH-PROD-STORY-A1	INTEGRATED	db59d4765e997392f288f357ceb980ac56ada8356e12bc2ba234c7cf1e4b44a7	2			
SEG-BASE-020F58C6706595CEA973	BASE	RES-42D08B5B9BF398C1	data/hint_overrides.gd	table/14-C3-30/confirm/1	24	SCENE-RECORD-A	ROUTE-COMMON	STATE-RESTORE-A		tutorial		『13-C3-34』를 다시 한 번 잘 읽어 보세요.	[{"raw":"13-C3-34","class":"record_key","movable":false,"order_sensitive":true}]							BATCH-PROD-STORY-A1	INTEGRATED	84a8a095c200302b2029bd4e336e3f677e288da97b1abbc461a65e7aee934696	2			
SEG-BASE-94FF0606EDB956F56DCE	BASE	RES-42D08B5B9BF398C1	data/hint_overrides.gd	table/14-C3-30/confirm/2	25	SCENE-RECORD-A	ROUTE-COMMON	STATE-RESTORE-A		tutorial		범인을 알게 된 뒤에는 지급된 흉기를 학생 명단에서 확인해 보세요.	[]							BATCH-PROD-STORY-A1	INTEGRATED	384840cb866f05b389b5ce1132969da95d58ce53a7f459d7c371f0e0075213c9	2			
SEG-BASE-22AA29475E01D25A3290	BASE	RES-42D08B5B9BF398C1	data/hint_overrides.gd	table/14-C3-30/confirm/3	26	SCENE-RECORD-A	ROUTE-COMMON	STATE-RESTORE-A		tutorial		정답 ── 사인 『사살』 ／ 흉기 『리볼버』 ／ 가해자 『구로사와 시오리』.	[]							BATCH-PROD-STORY-A1	INTEGRATED	a18f26b30851dac3ecfd1c5f55f98ba6db61f16f9a23fc6e8dbf9e007d48b579	2			
SEG-BASE-040EC7EDCDF4EE59FABC	BASE	RES-42D08B5B9BF398C1	data/hint_overrides.gd	table/13-C3-34/restore/1	27	SCENE-RECORD-A	ROUTE-COMMON	STATE-RESTORE-A		tutorial		『14-C3-30』과 MSG01을 다시 잘 읽어 보세요.	[{"raw":"14-C3-30","class":"record_key","movable":false,"order_sensitive":true}]							BATCH-PROD-STORY-A1	INTEGRATED	65953bc0517ea03898aacf2120606a02bdc98ef63d6529c8946842552da1a147	2			
SEG-BASE-68C149503B978C83D965	BASE	RES-42D08B5B9BF398C1	data/hint_overrides.gd	table/13-C3-34/restore/2	28	SCENE-RECORD-A	ROUTE-COMMON	STATE-RESTORE-A		tutorial		『13-??-34』의 ??에는 무엇이 들어갈까요?	[{"raw":"13-??-34","class":"record_key","movable":false,"order_sensitive":true}]							BATCH-PROD-STORY-A1	INTEGRATED	be38ce02ba0015881e2bc7f27d22c98f7783ab06ba926a72b6dab956638bde5d	2			
SEG-BASE-A30661F01FFAF0083A18	BASE	RES-42D08B5B9BF398C1	data/hint_overrides.gd	table/13-C3-34/restore/3	29	SCENE-RECORD-A	ROUTE-COMMON	STATE-RESTORE-A		tutorial		『13-??-34』의 34에 대해서 학생 명단에서 확인해 보세요.	[{"raw":"13-??-34","class":"record_key","movable":false,"order_sensitive":true}]							BATCH-PROD-STORY-A1	INTEGRATED	995b1efe095cdbf057db762f0f5d24976ea648d30e8ec54e506bc9ac9a8064f4	2			
SEG-BASE-7D34DDC097E86998503B	BASE	RES-42D08B5B9BF398C1	data/hint_overrides.gd	table/13-C3-34/restore/4	30	SCENE-RECORD-A	ROUTE-COMMON	STATE-RESTORE-A		tutorial		지도를 열고 전파탑의 좌표를 확인해 보세요.	[]							BATCH-PROD-STORY-A1	INTEGRATED	ca65dbdb26decfc84e059a0fdefd8736365aee13a3eb8d1f237b866df3eb761f	2			
SEG-BASE-5B0A68F32AF726CE80A7	BASE	RES-42D08B5B9BF398C1	data/hint_overrides.gd	table/13-C3-34/restore/5	31	SCENE-RECORD-A	ROUTE-COMMON	STATE-RESTORE-A		tutorial		다음에 복원할 기록은 『13-C3-34』입니다.	[{"raw":"13-C3-34","class":"record_key","movable":false,"order_sensitive":true}]							BATCH-PROD-STORY-A1	INTEGRATED	1af5f065eb762867e6835e0f9dfbee2ae1687de51ef614ad41c86210d0a8412c	2			
SEG-BASE-8A3ED1C976AB22122431	BASE	RES-42D08B5B9BF398C1	data/hint_overrides.gd	table/13-C3-34/confirm/1	32	SCENE-RECORD-A	ROUTE-COMMON	STATE-RESTORE-A		tutorial		『13-C3-34』를 다시 한 번 잘 읽어 보세요.	[{"raw":"13-C3-34","class":"record_key","movable":false,"order_sensitive":true}]							BATCH-PROD-STORY-A1	INTEGRATED	84a8a095c200302b2029bd4e336e3f677e288da97b1abbc461a65e7aee934696	2			
SEG-BASE-57360FD95B3FAC446DE1	BASE	RES-42D08B5B9BF398C1	data/hint_overrides.gd	table/13-C3-34/confirm/2	33	SCENE-RECORD-A	ROUTE-COMMON	STATE-RESTORE-A		tutorial		지급된 흉기를 학생 명단에서 확인해 보세요.	[]							BATCH-PROD-STORY-A1	INTEGRATED	d81c7dbc8acec3191829124526e277efc60fae42421931017f7f4b2ba77b74be	2			
SEG-BASE-863C4177C978A21D1FF6	BASE	RES-42D08B5B9BF398C1	data/hint_overrides.gd	table/13-C3-34/confirm/3	34	SCENE-RECORD-A	ROUTE-COMMON	STATE-RESTORE-A		tutorial		정답 ── 사인 『사살』 ／ 흉기 『리볼버』 ／ 가해자 『구로사와 시오리』.	[]							BATCH-PROD-STORY-A1	INTEGRATED	a18f26b30851dac3ecfd1c5f55f98ba6db61f16f9a23fc6e8dbf9e007d48b579	2			
SEG-BASE-234F2680FD38F1BDA94A	BASE	RES-42D08B5B9BF398C1	data/hint_overrides.gd	table/10-D4-20/restore/1	35	SCENE-RECORD-A	ROUTE-COMMON	STATE-RESTORE-A		tutorial		『13-C3-34』와 『09-B2-07』을 다시 잘 읽어 보세요.	[{"raw":"13-C3-34","class":"record_key","movable":false,"order_sensitive":true},{"raw":"09-B2-07","class":"record_key","movable":false,"order_sensitive":true}]							BATCH-PROD-STORY-A1	INTEGRATED	0956dc9ad83f5cbc219f531cff0fee03b45a180f3b8a2e5f822c06052bab7034	2			
SEG-BASE-8164E60CD8D152264513	BASE	RES-42D08B5B9BF398C1	data/hint_overrides.gd	table/10-D4-20/restore/2	36	SCENE-RECORD-A	ROUTE-COMMON	STATE-RESTORE-A		tutorial		『00-ANNOUNCE』를 다시 한 번 잘 읽어 보세요.	[{"raw":"00-ANNOUNCE","class":"record_key","movable":false,"order_sensitive":true}]							BATCH-PROD-STORY-A1	INTEGRATED	8061dcf32ee218b85a2b7fb83586bc333e3fa15dbfce67238396fd222cbbc2ba	2			
SEG-BASE-33CB4F3402BD138C4A65	BASE	RES-42D08B5B9BF398C1	data/hint_overrides.gd	table/10-D4-20/restore/3	37	SCENE-RECORD-A	ROUTE-COMMON	STATE-RESTORE-A		tutorial		단서 기록에는 인물 『스다 노조미』와 장소 『교회』가 나옵니다.	[]							BATCH-PROD-STORY-A1	INTEGRATED	d72670a5ec15b7a7c82bddc5a80ff49267082cc2647065e6ba628d4d6336d5bb	2			
SEG-BASE-0118BBBDB2887D243E0C	BASE	RES-42D08B5B9BF398C1	data/hint_overrides.gd	table/10-D4-20/restore/4	38	SCENE-RECORD-A	ROUTE-COMMON	STATE-RESTORE-A		tutorial		마키노는 몇 번째 사망자일까요? 오쿠보는요? 정시 방송에서 나온 사망자 수는 몇 명일까요?	[]							BATCH-PROD-STORY-A1	INTEGRATED	9655eeea1c1637dab7c6e14616b653185446fe10121a8e403dbd360a61f48416	2			
SEG-BASE-6753650A26540E2A5F78	BASE	RES-42D08B5B9BF398C1	data/hint_overrides.gd	table/10-D4-20/restore/5	39	SCENE-RECORD-A	ROUTE-COMMON	STATE-RESTORE-A		tutorial		기록명 형식은 파악했나요? 지도, 학생 명단, 기록명 오른쪽 위의 사망 시각을 확인해 보세요.	[]							BATCH-PROD-STORY-A1	INTEGRATED	82c08df9560cc3a74653958e6fc42ca464e23db65a00f138809f3dea47e6a324	2			
SEG-BASE-7FA63DF447E917B0347F	BASE	RES-42D08B5B9BF398C1	data/hint_overrides.gd	table/10-D4-20/restore/6	40	SCENE-RECORD-A	ROUTE-COMMON	STATE-RESTORE-A		tutorial		마키노(출석번호 34)는 13번째 사망자였습니다. 사망 기록명은 『13-C3-34』입니다. 전파탑의 좌표는 C3입니다. 그럼 스다는 몇 번째로 어디에서 죽었을까요?	[{"raw":"13-C3-34","class":"record_key","movable":false,"order_sensitive":true}]							BATCH-PROD-STORY-A1	INTEGRATED	785c1d28ad36aa1bd419aa5242e121188a3af646a529ce964fc9049f1e54d83d	2			
SEG-BASE-676F7DE300483F20D959	BASE	RES-42D08B5B9BF398C1	data/hint_overrides.gd	table/10-D4-20/restore/7	41	SCENE-RECORD-A	ROUTE-COMMON	STATE-RESTORE-A		tutorial		다음에 복원할 기록은 『10-D4-20』입니다.	[{"raw":"10-D4-20","class":"record_key","movable":false,"order_sensitive":true}]							BATCH-PROD-STORY-A1	INTEGRATED	29fae0017d7e6927563dea2b6b543e5092c148a19ae8823c94c8117e86519b4d	2			
SEG-BASE-8890B05DA762F23BB5C5	BASE	RES-42D08B5B9BF398C1	data/hint_overrides.gd	table/10-D4-20/confirm/1	42	SCENE-RECORD-A	ROUTE-COMMON	STATE-RESTORE-A		tutorial		『10-D4-20』을 다시 한 번 잘 읽어 보세요.	[{"raw":"10-D4-20","class":"record_key","movable":false,"order_sensitive":true}]							BATCH-PROD-STORY-A1	INTEGRATED	981bca0c54855bf85669953c55acdbd9805e0344e50eba22bb7ebb36759652eb	2			
SEG-BASE-E2A71A8B9A20B9947924	BASE	RES-42D08B5B9BF398C1	data/hint_overrides.gd	table/10-D4-20/confirm/2	43	SCENE-RECORD-A	ROUTE-COMMON	STATE-RESTORE-A		tutorial		독살당했습니다. 범인은 누구일까요?	[]							BATCH-PROD-STORY-A1	INTEGRATED	7fd7f43d57de7feccbea6d52882a0042f93fba4d53081c4eb4278d6c95dc6870	2			
SEG-BASE-1A1107DF11347C131F63	BASE	RES-42D08B5B9BF398C1	data/hint_overrides.gd	table/10-D4-20/confirm/3	44	SCENE-RECORD-A	ROUTE-COMMON	STATE-RESTORE-A		tutorial		정답 ── 사인 『중독사』 ／ 흉기 『독약』 ／ 가해자 『미야케 하루카』.	[]							BATCH-PROD-STORY-A1	INTEGRATED	f4fa9d624d55a6d80e4c581798e7ae76af44d2f9de765994abe85aa0c0967b18	2			
SEG-BASE-08E61FBB889DD3AE1805	BASE	RES-42D08B5B9BF398C1	data/hint_overrides.gd	table/11-D4-16/restore/1	45	SCENE-RECORD-A	ROUTE-COMMON	STATE-RESTORE-A		tutorial		『10-D4-20』과 『13-C3-34』를 다시 잘 읽어 보세요.	[{"raw":"10-D4-20","class":"record_key","movable":false,"order_sensitive":true},{"raw":"13-C3-34","class":"record_key","movable":false,"order_sensitive":true}]							BATCH-PROD-STORY-A1	INTEGRATED	28cdcfd160dc4abf05bd0f66aba6faf3c6373b4599de549b08ee8f9302c19121	2			
SEG-BASE-3D89358092EEAAF9F57F	BASE	RES-42D08B5B9BF398C1	data/hint_overrides.gd	table/11-D4-16/restore/2	46	SCENE-RECORD-A	ROUTE-COMMON	STATE-RESTORE-A		tutorial		『00-ANNOUNCE』를 다시 한 번 잘 읽어 보세요.	[{"raw":"00-ANNOUNCE","class":"record_key","movable":false,"order_sensitive":true}]							BATCH-PROD-STORY-A1	INTEGRATED	8061dcf32ee218b85a2b7fb83586bc333e3fa15dbfce67238396fd222cbbc2ba	2			
SEG-BASE-BFAC1DE5F055910CC5B0	BASE	RES-42D08B5B9BF398C1	data/hint_overrides.gd	table/11-D4-16/restore/3	47	SCENE-RECORD-A	ROUTE-COMMON	STATE-RESTORE-A		tutorial		정시 방송에서는 사망 순서대로 이름을 읽어 줍니다.	[]							BATCH-PROD-STORY-A1	INTEGRATED	1dcddaa3938056e45aebe59918c437956fe2f4b67d640d5a3ff590424bad060c	2			
SEG-BASE-E88EA6197FE4FE238C32	BASE	RES-42D08B5B9BF398C1	data/hint_overrides.gd	table/11-D4-16/restore/4	48	SCENE-RECORD-A	ROUTE-COMMON	STATE-RESTORE-A		tutorial		다음에 복원할 기록은 『11-D4-16』입니다.	[{"raw":"11-D4-16","class":"record_key","movable":false,"order_sensitive":true}]							BATCH-PROD-STORY-A1	INTEGRATED	0715e4ab0db421314b8efcbddfde822638eba39acfa6bd3f0c79ddbf6ec63a0d	2			
SEG-BASE-13F23F9D9A08464432A3	BASE	RES-42D08B5B9BF398C1	data/hint_overrides.gd	table/11-D4-16/confirm/1	49	SCENE-RECORD-A	ROUTE-COMMON	STATE-RESTORE-A		tutorial		『11-D4-16』과 『12-D4-31』을 다시 한 번 잘 읽어 보세요.	[{"raw":"11-D4-16","class":"record_key","movable":false,"order_sensitive":true},{"raw":"12-D4-31","class":"record_key","movable":false,"order_sensitive":true}]							BATCH-PROD-STORY-A1	INTEGRATED	920a793de174d3353b1cf26bff675a1c7530272b79d93cb3aad91899b67b5e96	2			
SEG-BASE-A8481AED5BD62DB2C9CB	BASE	RES-42D08B5B9BF398C1	data/hint_overrides.gd	table/11-D4-16/confirm/2	50	SCENE-RECORD-A	ROUTE-COMMON	STATE-RESTORE-A		tutorial		범인은 본문에서 알 수 있습니다. 흉기는 그 자리에서 도망친 사람의 지급품입니다.	[]							BATCH-PROD-STORY-A1	INTEGRATED	d385fbf6f94f7eed6e41be488301411fb77d0fa4977ff524a0c23937a7250ddc	2			
SEG-BASE-F00BD26B55D2EB3E9029	BASE	RES-42D08B5B9BF398C1	data/hint_overrides.gd	table/11-D4-16/confirm/3	51	SCENE-RECORD-A	ROUTE-COMMON	STATE-RESTORE-A		tutorial		명단과 대조해 지급품을 확인해 보세요.	[]							BATCH-PROD-STORY-A1	INTEGRATED	0d84184840cfaeea311a64bc2bd60d6eab965ea61f75b23acc2cf8f0df81da72	2			
SEG-BASE-F2EFD95C189EE29D4F42	BASE	RES-42D08B5B9BF398C1	data/hint_overrides.gd	table/11-D4-16/confirm/4	52	SCENE-RECORD-A	ROUTE-COMMON	STATE-RESTORE-A		tutorial		정답 ── 사인 『자상으로 인한 사망』 ／ 흉기 『페이퍼 나이프』 ／ 가해자 『후쿠시마 아야카』.	[]							BATCH-PROD-STORY-A1	INTEGRATED	984ccf7ba51f3f85d17fe32184834253c049b118e20708bf596b6e1854b70f62	2			
SEG-BASE-385C5AE60BB67098A8EC	BASE	RES-42D08B5B9BF398C1	data/hint_overrides.gd	table/12-D4-31/restore/1	53	SCENE-RECORD-A	ROUTE-COMMON	STATE-RESTORE-A		tutorial		『10-D4-20』과 『13-C3-34』를 다시 잘 읽어 보세요.	[{"raw":"10-D4-20","class":"record_key","movable":false,"order_sensitive":true},{"raw":"13-C3-34","class":"record_key","movable":false,"order_sensitive":true}]							BATCH-PROD-STORY-A2	INTEGRATED	28cdcfd160dc4abf05bd0f66aba6faf3c6373b4599de549b08ee8f9302c19121	1			
SEG-BASE-2F8B5F6C19306A25367F	BASE	RES-42D08B5B9BF398C1	data/hint_overrides.gd	table/12-D4-31/restore/2	54	SCENE-RECORD-A	ROUTE-COMMON	STATE-RESTORE-A		tutorial		『00-ANNOUNCE』를 다시 한 번 잘 읽어 보세요.	[{"raw":"00-ANNOUNCE","class":"record_key","movable":false,"order_sensitive":true}]							BATCH-PROD-STORY-A2	INTEGRATED	8061dcf32ee218b85a2b7fb83586bc333e3fa15dbfce67238396fd222cbbc2ba	1			
SEG-BASE-8CB870EE4F6348C62705	BASE	RES-42D08B5B9BF398C1	data/hint_overrides.gd	table/12-D4-31/restore/3	55	SCENE-RECORD-A	ROUTE-COMMON	STATE-RESTORE-A		tutorial		정시 방송에서는 사망 순서대로 이름을 읽어 줍니다.	[]							BATCH-PROD-STORY-A2	INTEGRATED	1dcddaa3938056e45aebe59918c437956fe2f4b67d640d5a3ff590424bad060c	1			
SEG-BASE-E99EA8FD5C8C8FE66FD4	BASE	RES-42D08B5B9BF398C1	data/hint_overrides.gd	table/12-D4-31/restore/4	56	SCENE-RECORD-A	ROUTE-COMMON	STATE-RESTORE-A		tutorial		다음에 복원할 기록은 『12-D4-31』입니다.	[{"raw":"12-D4-31","class":"record_key","movable":false,"order_sensitive":true}]							BATCH-PROD-STORY-A2	INTEGRATED	7dbbf00fc8a81f2c5ffac5995a65ca440a5743728599ea78d69fa17fc7d33089	1			
SEG-BASE-93F938BD3916664DF4B7	BASE	RES-42D08B5B9BF398C1	data/hint_overrides.gd	table/12-D4-31/confirm/1	57	SCENE-RECORD-A	ROUTE-COMMON	STATE-RESTORE-A		tutorial		『12-D4-31』을 다시 한 번 잘 읽어 보세요.	[{"raw":"12-D4-31","class":"record_key","movable":false,"order_sensitive":true}]							BATCH-PROD-STORY-A2	INTEGRATED	74ba0dc358fee0cea5de5aa84daf39c0a43e8b98b74076cd2b71bac613047d60	1			
SEG-BASE-DFE40F7917FAB397E018	BASE	RES-42D08B5B9BF398C1	data/hint_overrides.gd	table/12-D4-31/confirm/2	58	SCENE-RECORD-A	ROUTE-COMMON	STATE-RESTORE-A		tutorial		교회에 있던 다른 한 사람은 누구일까요?	[]							BATCH-PROD-STORY-A2	INTEGRATED	906533839f68dcfcbdb0f9b6ecbcd880c8060fc2062783a59037314113941331	1			
SEG-BASE-500753EE032535F56CB6	BASE	RES-42D08B5B9BF398C1	data/hint_overrides.gd	table/12-D4-31/confirm/3	59	SCENE-RECORD-A	ROUTE-COMMON	STATE-RESTORE-A		tutorial		다도부가 생각지도 못한 흉기는 무엇일까요?	[]							BATCH-PROD-STORY-A2	INTEGRATED	0e426dadffea551cf024225b992d43e82c4ea84553cbf47f927a0fb2785edc96	1			
SEG-BASE-6AFABEA807DA4A74D673	BASE	RES-42D08B5B9BF398C1	data/hint_overrides.gd	table/12-D4-31/confirm/4	60	SCENE-RECORD-A	ROUTE-COMMON	STATE-RESTORE-A		tutorial		정답 ── 사인 『구타로 인한 사망』 ／ 흉기 『철제 차솥』 ／ 가해자 『미야케 하루카』.	[]							BATCH-PROD-STORY-A2	INTEGRATED	9356d1a438e128edab08c6510c6bfdd3739e0cecdcdc20b66dbd9dfa1feb33be	1			
SEG-BASE-3E5233D6386686FD68C8	BASE	RES-42D08B5B9BF398C1	data/hint_overrides.gd	table/08-C2-37/restore/1	61	SCENE-RECORD-A	ROUTE-COMMON	STATE-RESTORE-A		tutorial		『09-B2-07』과 『10-D4-20』을 다시 잘 읽어 보세요.	[{"raw":"09-B2-07","class":"record_key","movable":false,"order_sensitive":true},{"raw":"10-D4-20","class":"record_key","movable":false,"order_sensitive":true}]							BATCH-PROD-STORY-A2	INTEGRATED	1bcb71d9dcce1f2244ea7cadae35f167c1d41ab0e294f1088076600fd2751ba8	1			
SEG-BASE-E527940C9777AAB0845E	BASE	RES-42D08B5B9BF398C1	data/hint_overrides.gd	table/08-C2-37/restore/2	62	SCENE-RECORD-A	ROUTE-COMMON	STATE-RESTORE-A		tutorial		『10-D4-20』의 정시 방송에서 읽어 준 이름이 있습니다.	[{"raw":"10-D4-20","class":"record_key","movable":false,"order_sensitive":true}]							BATCH-PROD-STORY-A2	INTEGRATED	982f7e510728313f2f19940aa9dd96ce2c2ac00a944dacc5fec4ab2a9f419a1b	1			
SEG-BASE-28E6091247B2AB6FC5F1	BASE	RES-42D08B5B9BF398C1	data/hint_overrides.gd	table/08-C2-37/restore/3	63	SCENE-RECORD-A	ROUTE-COMMON	STATE-RESTORE-A		tutorial		다음에 복원할 기록은 『08-C2-37』입니다.	[{"raw":"08-C2-37","class":"record_key","movable":false,"order_sensitive":true}]							BATCH-PROD-STORY-A2	INTEGRATED	d8b6c54967dcc351bb42fa319c88a99bc5a88ada86daf5b27973922f31b76cfd	1			
SEG-BASE-8A385463A98A7813C8FC	BASE	RES-42D08B5B9BF398C1	data/hint_overrides.gd	table/08-C2-37/confirm/1	64	SCENE-RECORD-A	ROUTE-COMMON	STATE-RESTORE-A		tutorial		『08-C2-37』을 다시 한 번 잘 읽어 보세요.	[{"raw":"08-C2-37","class":"record_key","movable":false,"order_sensitive":true}]							BATCH-PROD-STORY-A2	INTEGRATED	cb3dd6e73ccbdc260f8d1ce5c7fc19b975acbdcb09c647b9a8e8ea44f4ac12e7	1			
SEG-BASE-02F5286CCAE6164FCEC8	BASE	RES-42D08B5B9BF398C1	data/hint_overrides.gd	table/08-C2-37/confirm/2	65	SCENE-RECORD-A	ROUTE-COMMON	STATE-RESTORE-A		tutorial		『00-ZONE』에 사인 처리에 관한 내용이 적혀 있습니다.	[{"raw":"00-ZONE","class":"record_key","movable":false,"order_sensitive":true}]							BATCH-PROD-STORY-A2	INTEGRATED	107ac4a946b0b22b28a1b44dd629870d76ecbc9c3a8342a90cfa5ff95bb462ff	1			
SEG-BASE-62D55BFA3A402EF9AC34	BASE	RES-42D08B5B9BF398C1	data/hint_overrides.gd	table/08-C2-37/confirm/3	66	SCENE-RECORD-A	ROUTE-COMMON	STATE-RESTORE-A		tutorial		정답 ── 사인 『폭사』 ／ 없음 ／ 가해자 없음.	[]							BATCH-PROD-STORY-A2	INTEGRATED	dfa141ce9393a62c7ca7e4bc12b13a9e35a99953680de11174a3dc22016e5932	1			
SEG-BASE-D57DFB1AF86135DC6B08	BASE	RES-42D08B5B9BF398C1	data/hint_overrides.gd	table/02-E4-04/restore/1	67	SCENE-RECORD-A	ROUTE-COMMON	STATE-RESTORE-A		tutorial		『08-C2-37』을 다시 잘 읽어 보세요.	[{"raw":"08-C2-37","class":"record_key","movable":false,"order_sensitive":true}]							BATCH-PROD-STORY-A2	INTEGRATED	713a0db6bee7ccb528663b9554e27f0df5c6b3ed17c0d540562300ec7710b0ad	1			
SEG-BASE-24857E8A36D5BAE6ED77	BASE	RES-42D08B5B9BF398C1	data/hint_overrides.gd	table/02-E4-04/restore/2	68	SCENE-RECORD-A	ROUTE-COMMON	STATE-RESTORE-A		tutorial		단서가 담긴 기록에는 인물 『이구치 하야토』 및 장소 『폐교』에 대한 내용이 나옵니다.	[]							BATCH-PROD-STORY-A2	INTEGRATED	17caa58ff040fa08fe1e32517d2be42e1a64f406083477757150e789caa8b239	1			
SEG-BASE-18CEF43AA49241C06D87	BASE	RES-42D08B5B9BF398C1	data/hint_overrides.gd	table/02-E4-04/restore/3	69	SCENE-RECORD-A	ROUTE-COMMON	STATE-RESTORE-A		tutorial		첫 번째 사망자 다음으로 이구치가 사망했습니다.	[]							BATCH-PROD-STORY-A2	INTEGRATED	2f6d6f090eb4097dbf189dc4c6a6f47193a3f52387355c2a1b486a55ca1d08e9	1			
SEG-BASE-8011819825A37217F622	BASE	RES-42D08B5B9BF398C1	data/hint_overrides.gd	table/02-E4-04/restore/4	70	SCENE-RECORD-A	ROUTE-COMMON	STATE-RESTORE-A		tutorial		다음에 복원할 기록은 『02-E4-04』입니다.	[{"raw":"02-E4-04","class":"record_key","movable":false,"order_sensitive":true}]							BATCH-PROD-STORY-A2	INTEGRATED	6a44b960ba971f46d4b609c7d31d7874ecae02ee1f1a6888f545b98d81e6ccca	1			
SEG-BASE-3338CCE3E53A9CB1E15E	BASE	RES-42D08B5B9BF398C1	data/hint_overrides.gd	table/02-E4-04/confirm/1	71	SCENE-RECORD-A	ROUTE-COMMON	STATE-RESTORE-A		tutorial		『02-E4-04』를 다시 한 번 잘 읽어 보세요.	[{"raw":"02-E4-04","class":"record_key","movable":false,"order_sensitive":true}]							BATCH-PROD-STORY-A2	INTEGRATED	1016e739a29b620df93166802959cde2e60a5b5a1e73f985a387e6ad7b6cdf6e	1			
SEG-BASE-57C848F9E301D98A4F27	BASE	RES-42D08B5B9BF398C1	data/hint_overrides.gd	table/02-E4-04/confirm/2	72	SCENE-RECORD-A	ROUTE-COMMON	STATE-RESTORE-A		tutorial		군복 차림 남자의 리볼버에 의해 살해당했습니다.	[]							BATCH-PROD-STORY-A2	INTEGRATED	9f5f85a994a583d150b575120101cc19722e4ce1ed8f3d01ffece06c36e1d2b7	1			
SEG-BASE-2546908D98E1D0A50C7D	BASE	RES-42D08B5B9BF398C1	data/hint_overrides.gd	table/02-E4-04/confirm/3	73	SCENE-RECORD-A	ROUTE-COMMON	STATE-RESTORE-A		tutorial		『00-REPORT』에는 군복 차림 남자(운영 측)의 살해 방법이 폭사로만 정의되어 있습니다. 하지만 이번에는 폭사가 아닙니다.	[{"raw":"00-REPORT","class":"record_key","movable":false,"order_sensitive":true}]							BATCH-PROD-STORY-A2	INTEGRATED	fe2996b98a42c0e39303d347ff1c5473eafad0c3c5fa66bd4ac941c46802bd08	1			
SEG-BASE-D54B90D281324F03AA09	BASE	RES-42D08B5B9BF398C1	data/hint_overrides.gd	table/02-E4-04/confirm/4	74	SCENE-RECORD-A	ROUTE-COMMON	STATE-RESTORE-A		tutorial		이구치는 죽기 직전 군복 차림 남자의 오른팔을 쇠파이프로 으스러뜨렸습니다.	[]							BATCH-PROD-STORY-A2	INTEGRATED	ed3bef055f5c3d17e6669855b0b7b0a29ae00496d84204c713bd5401e5d56529	1			
SEG-BASE-BF2DA3D9571943FA904E	BASE	RES-42D08B5B9BF398C1	data/hint_overrides.gd	table/02-E4-04/confirm/5	75	SCENE-RECORD-A	ROUTE-COMMON	STATE-RESTORE-A		tutorial		그 뒤에 오른팔을 다친 사람이 있지 않았나요?	[]							BATCH-PROD-STORY-A2	INTEGRATED	563ddcad648b2a830189d0a56435ec2563c97a672e626b7bcd66245cc23b523b	1			
SEG-BASE-AEFF95529CE59470161F	BASE	RES-42D08B5B9BF398C1	data/hint_overrides.gd	table/02-E4-04/confirm/6	76	SCENE-RECORD-A	ROUTE-COMMON	STATE-RESTORE-A		tutorial		사망 보고의 『了』 도장을 잘 비교해 보세요.	[]							BATCH-PROD-STORY-A2	INTEGRATED	8d647917c1a892d0c35e6c31345ed32f720bdd573e501d1ce92d188d827d54da	1			
SEG-BASE-5C52D9FB9B6F7F950256	BASE	RES-42D08B5B9BF398C1	data/hint_overrides.gd	table/02-E4-04/confirm/7	77	SCENE-RECORD-A	ROUTE-COMMON	STATE-RESTORE-A		tutorial		『00-ROLL』을 확인해 보세요. 첫날에 죽었을 텐데 점호에서 이름이 불리지 않은 사람이 있습니다.	[{"raw":"00-ROLL","class":"record_key","movable":false,"order_sensitive":true}]							BATCH-PROD-STORY-A2	INTEGRATED	b9f42c61932ad5463728aeb657135f0201d82ff18c1231e3bde3a23e74b0acc9	1			
SEG-BASE-C9D0C8EE48EC06DADBD4	BASE	RES-42D08B5B9BF398C1	data/hint_overrides.gd	table/02-E4-04/confirm/8	78	SCENE-RECORD-A	ROUTE-COMMON	STATE-RESTORE-A		tutorial		가해자는 반에 있을 리 없는 41번째 남자입니다.	[]							BATCH-PROD-STORY-A2	INTEGRATED	1e52938b3c3ddea77ea3eaaa3341d80a14c1082aa773fb595f8e74a3f0ed7f23	1			
SEG-BASE-A07CF9422637105A0EB0	BASE	RES-42D08B5B9BF398C1	data/hint_overrides.gd	table/02-E4-04/confirm/9	79	SCENE-RECORD-A	ROUTE-COMMON	STATE-RESTORE-A		tutorial		정답 ── 사인 『사살』 ／ 흉기 『리볼버』 ／ 가해자 『나가이 겐』(출석번호 27).	[]							BATCH-PROD-STORY-A2	INTEGRATED	b5761efb33f42c9dc1268cb3365c6f2fa37bfee49a2ba0142268802eec313e39	1			
SEG-BASE-2FABDD101148586E463C	BASE	RES-42D08B5B9BF398C1	data/hint_overrides.gd	table/01-E4-02/restore/1	80	SCENE-RECORD-A	ROUTE-COMMON	STATE-RESTORE-A		tutorial		『02-E4-04』를 다시 잘 읽어 보세요.	[{"raw":"02-E4-04","class":"record_key","movable":false,"order_sensitive":true}]							BATCH-PROD-STORY-A2	INTEGRATED	ca5e90885ebe0268e406abd30d502ac93e9463c21c36c9ee5d9fc16b902940d6	1			
SEG-BASE-7E6E8E9D7510ADA757CF	BASE	RES-42D08B5B9BF398C1	data/hint_overrides.gd	table/01-E4-02/restore/2	81	SCENE-RECORD-A	ROUTE-COMMON	STATE-RESTORE-A		tutorial		다음에 복원할 기록은 『01-E4-02』입니다.	[{"raw":"01-E4-02","class":"record_key","movable":false,"order_sensitive":true}]							BATCH-PROD-STORY-A2	INTEGRATED	0aeb95f9bf224167a5d3f6f1d7c591be088cdc518ef6e773ebf7c91ac73d0e37	1			
SEG-BASE-0845565F5087BA7B1DE0	BASE	RES-42D08B5B9BF398C1	data/hint_overrides.gd	table/01-E4-02/confirm/1	82	SCENE-RECORD-A	ROUTE-COMMON	STATE-RESTORE-A		tutorial		『01-E4-02』를 다시 한 번 잘 읽어 보세요.	[{"raw":"01-E4-02","class":"record_key","movable":false,"order_sensitive":true}]							BATCH-PROD-STORY-A2	INTEGRATED	95ec19921609fe68045a606becab3b26525edfc31f4e16755cce172327b446a8	1			
SEG-BASE-5095934FCFC57A4C1F1D	BASE	RES-42D08B5B9BF398C1	data/hint_overrides.gd	table/01-E4-02/confirm/2	83	SCENE-RECORD-A	ROUTE-COMMON	STATE-RESTORE-A		tutorial		『00-CHIP』에 사인 처리에 관한 내용이 적혀 있습니다.	[{"raw":"00-CHIP","class":"record_key","movable":false,"order_sensitive":true}]							BATCH-PROD-STORY-A2	INTEGRATED	f76d1e1fb262b04c8a1bbf0ecbb40ebcf3f66c4cc22a930b6f448c7cbb3c615e	1			
SEG-BASE-00F76DE7E318DE7088E7	BASE	RES-42D08B5B9BF398C1	data/hint_overrides.gd	table/01-E4-02/confirm/3	84	SCENE-RECORD-A	ROUTE-COMMON	STATE-RESTORE-A		tutorial		정답 ── 사인 『폭사』 ／ 없음 ／ 가해자 없음.	[]							BATCH-PROD-STORY-A2	INTEGRATED	dfa141ce9393a62c7ca7e4bc12b13a9e35a99953680de11174a3dc22016e5932	1			
SEG-BASE-CC66BF201D2E4067176A	BASE	RES-42D08B5B9BF398C1	data/hint_overrides.gd	table/04-C4-23/restore/1	85	SCENE-RECORD-A	ROUTE-COMMON	STATE-RESTORE-A		tutorial		MSG01의 『04-C4-??』에서 ??에는 무엇이 들어갈까요?	[{"raw":"04-C4-??","class":"record_key","movable":false,"order_sensitive":true}]							BATCH-PROD-STORY-A2	INTEGRATED	84c94844b0629a362ca17ccd5738d88e4fa043c4a6fdf21fee65f505a3f1a5c5	1			
SEG-BASE-807FB0B9A230FC37DAE3	BASE	RES-42D08B5B9BF398C1	data/hint_overrides.gd	table/04-C4-23/restore/2	86	SCENE-RECORD-A	ROUTE-COMMON	STATE-RESTORE-A		tutorial		『05-D2-29』를 다시 한 번 잘 읽어 보세요.	[{"raw":"05-D2-29","class":"record_key","movable":false,"order_sensitive":true}]							BATCH-PROD-STORY-A2	INTEGRATED	135c2babae9fb5f4e01c4c6eaf185cbe18dcefe7ff5929b751263dfd5cc51d77	1			
SEG-BASE-90250F36CDCC42EE865F	BASE	RES-42D08B5B9BF398C1	data/hint_overrides.gd	table/04-C4-23/restore/3	87	SCENE-RECORD-A	ROUTE-COMMON	STATE-RESTORE-A		tutorial		단서가 담긴 기록에는 인물 『다치바나 유』 및 장소 『항구』에 대한 내용이 나옵니다.	[]							BATCH-PROD-STORY-A2	INTEGRATED	c19c51dd0f76cd9135f437180b1656d490c615b689af944360acc900ad8f6ce9	1			
SEG-BASE-1B360937ED4E9B3C990C	BASE	RES-42D08B5B9BF398C1	data/hint_overrides.gd	table/04-C4-23/restore/4	88	SCENE-RECORD-A	ROUTE-COMMON	STATE-RESTORE-A		tutorial		『04-C4-??』의 ??에 대해서 다치바나 유를 학생 명단에서 확인해 보세요.	[{"raw":"04-C4-??","class":"record_key","movable":false,"order_sensitive":true}]							BATCH-PROD-STORY-A2	INTEGRATED	a102922d6b6a6e4b0e96d933f74aa192995135104d7377b977372dcbf03781d0	1			
SEG-BASE-1D84C1E25BD31BFEB8A9	BASE	RES-42D08B5B9BF398C1	data/hint_overrides.gd	table/04-C4-23/restore/5	89	SCENE-RECORD-A	ROUTE-COMMON	STATE-RESTORE-A		tutorial		다음에 복원할 기록은 『04-C4-23』입니다.	[{"raw":"04-C4-23","class":"record_key","movable":false,"order_sensitive":true}]							BATCH-PROD-STORY-A2	INTEGRATED	fb8c39c342d932926e36b7bd3bc78e6d238ca444aa4b487f5eb4a9a19a1477aa	1			
SEG-BASE-091805C19A4B6BC87051	BASE	RES-42D08B5B9BF398C1	data/hint_overrides.gd	table/04-C4-23/confirm/1	90	SCENE-RECORD-A	ROUTE-COMMON	STATE-RESTORE-A		tutorial		『04-C4-23』을 다시 한 번 잘 읽어 보세요.	[{"raw":"04-C4-23","class":"record_key","movable":false,"order_sensitive":true}]							BATCH-PROD-STORY-A2	INTEGRATED	0a48e98ca9527ed415acfebe8c7a55f64480c9c262571d00e25484994a40f823	1			
SEG-BASE-C0987C620015E6D60B7C	BASE	RES-42D08B5B9BF398C1	data/hint_overrides.gd	table/04-C4-23/confirm/2	91	SCENE-RECORD-A	ROUTE-COMMON	STATE-RESTORE-A		tutorial		흉기는 『나타』입니다. 이 시점에는 아직 기류가 들고 있습니다.	[]							BATCH-PROD-STORY-A2	INTEGRATED	e24f6d9d92bfab9a8ab6f9414229f21b93a253db98b541ba86b0daa5ca652b0d	1			
SEG-BASE-CBD2C67FD3CA017BB66A	BASE	RES-42D08B5B9BF398C1	data/hint_overrides.gd	table/04-C4-23/confirm/3	92	SCENE-RECORD-A	ROUTE-COMMON	STATE-RESTORE-A		tutorial		정답 ── 사인 『참살』 ／ 흉기 『나타』 ／ 가해자 『기류 렌』.	[]							BATCH-PROD-STORY-A2	INTEGRATED	810442cea4a5dfce1a2fa7c6ac4bfabec0a820f5c805a63c0c9a343176976a17	1			
SEG-BASE-C33F29317B1A643EC461	BASE	RES-42D08B5B9BF398C1	data/hint_overrides.gd	table/30-D1-32/restore/1	93	SCENE-RECORD-B	ROUTE-COMMON	STATE-RESTORE-B		tutorial		수신한 MSG02를 다시 읽어 보세요. 다음에 복원할 기록명의 단서가 적혀 있습니다.	[]							BATCH-PROD-STORY-B	INTEGRATED	e534dae34effcef9b264df841f3cf17755c8ea19347f3b81fc3833d1f52f0472	1			
SEG-BASE-2A244E0D7ED236075527	BASE	RES-42D08B5B9BF398C1	data/hint_overrides.gd	table/30-D1-32/restore/2	94	SCENE-RECORD-B	ROUTE-COMMON	STATE-RESTORE-B		tutorial		기록명에 ??가 없는 것부터 복원해 보세요.	[]							BATCH-PROD-STORY-B	INTEGRATED	7c22a5c58cadd58ea5d6e93933b3edfb74f110faa5565081682787978df93107	1			
SEG-BASE-7DD758D9746E4E270997	BASE	RES-42D08B5B9BF398C1	data/hint_overrides.gd	table/30-D1-32/restore/3	95	SCENE-RECORD-B	ROUTE-COMMON	STATE-RESTORE-B		tutorial		다음에 복원할 기록은 『30-D1-32』입니다.	[{"raw":"30-D1-32","class":"record_key","movable":false,"order_sensitive":true}]							BATCH-PROD-STORY-B	INTEGRATED	4f21040e616062c69d44191d5afcb83e26c2602b0cdf9a2637401c727b38adb9	1			
SEG-BASE-B537F3F5A026DA1A1444	BASE	RES-42D08B5B9BF398C1	data/hint_overrides.gd	table/30-D1-32/confirm/1	96	SCENE-RECORD-B	ROUTE-COMMON	STATE-RESTORE-B		tutorial		『30-D1-32』를 다시 한 번 잘 읽어 보세요.	[{"raw":"30-D1-32","class":"record_key","movable":false,"order_sensitive":true}]							BATCH-PROD-STORY-B	INTEGRATED	83dffea2b5db2a96be48593330d780659005a2167c52ec3065b04ece03169240	1			
SEG-BASE-1B7AF048916F032B3016	BASE	RES-42D08B5B9BF398C1	data/hint_overrides.gd	table/30-D1-32/confirm/2	97	SCENE-RECORD-B	ROUTE-COMMON	STATE-RESTORE-B		tutorial		후루카와에게 누가 무엇을 들이대고 있었을까요?	[]							BATCH-PROD-STORY-B	INTEGRATED	4499787dee3c983d813a9e0d77c5cd41b3aac9b1ff7c24b7a38bc7ebf173dffc	1			
SEG-BASE-725E39259AF43684715C	BASE	RES-42D08B5B9BF398C1	data/hint_overrides.gd	table/30-D1-32/confirm/3	98	SCENE-RECORD-B	ROUTE-COMMON	STATE-RESTORE-B		tutorial		정답 ── 사인 『사살』 ／ 흉기 『리볼버』 ／ 가해자 『고미네 가즈마』.	[]							BATCH-PROD-STORY-B	INTEGRATED	b4a55b5caa3c98cd17002b9fcf17f191171a8c5f1773609e3ebd4743becfcf4e	1			
SEG-BASE-CFED44D1AEF3A8F439FE	BASE	RES-42D08B5B9BF398C1	data/hint_overrides.gd	table/19-E2-15/restore/1	99	SCENE-RECORD-B	ROUTE-COMMON	STATE-RESTORE-B		tutorial		MSG02를 다시 읽어 보세요. 『19-??-15』, 『20-??-41』는 누구의 기억일까요?	[{"raw":"19-??-15","class":"record_key","movable":false,"order_sensitive":true},{"raw":"20-??-41","class":"record_key","movable":false,"order_sensitive":true}]							BATCH-PROD-STORY-B	INTEGRATED	a0a8b646a54b863f1623ce147eb7c7b78abae3328dd282a5b0b0c9513d42e001	1			
SEG-BASE-0EA8703E669F4473E3BA	BASE	RES-42D08B5B9BF398C1	data/hint_overrides.gd	table/19-E2-15/restore/2	100	SCENE-RECORD-B	ROUTE-COMMON	STATE-RESTORE-B		tutorial		『19-??-15』의 15에 대해서 학생 명단에서 확인해 보세요.	[{"raw":"19-??-15","class":"record_key","movable":false,"order_sensitive":true}]							BATCH-PROD-STORY-B	INTEGRATED	95e5991706ab0c8887105798dc2902ec6f07a0cc69d22c6c12800cad7e33b0c3	1			
SEG-BASE-0E0DDFFA572F81420E74	BASE	RES-42D08B5B9BF398C1	data/hint_overrides.gd	table/19-E2-15/restore/3	101	SCENE-RECORD-B	ROUTE-COMMON	STATE-RESTORE-B		tutorial		학생 명단을 확인해 보세요. 어느 부에 소속되어 있나요?	[]							BATCH-PROD-STORY-B	INTEGRATED	29d0e1f195eef9f0482520ecbf71b37fed18457183de427d1147166daedc3b58	1			
SEG-BASE-FC7B32F6D0EA984B6ED2	BASE	RES-42D08B5B9BF398C1	data/hint_overrides.gd	table/19-E2-15/restore/4	102	SCENE-RECORD-B	ROUTE-COMMON	STATE-RESTORE-B		tutorial		『30-D1-32』에는 배구부에 관한 정보가 있었습니다.	[{"raw":"30-D1-32","class":"record_key","movable":false,"order_sensitive":true}]							BATCH-PROD-STORY-B	INTEGRATED	6911f611440c75adc4e16429050d1aab8e71f185cc628eda64e5121514f48a13	1			
SEG-BASE-70097BBDE38D6960E98C	BASE	RES-42D08B5B9BF398C1	data/hint_overrides.gd	table/19-E2-15/restore/5	103	SCENE-RECORD-B	ROUTE-COMMON	STATE-RESTORE-B		tutorial		지도를 열고 공장의 좌표를 확인해 보세요.	[]							BATCH-PROD-STORY-B	INTEGRATED	f5bd1540ad39be4c25fd88cb40a8d173e0e5e94b83bcbc120ba0b92e87784e96	1			
SEG-BASE-CD7C8FC3673F5EB9A180	BASE	RES-42D08B5B9BF398C1	data/hint_overrides.gd	table/19-E2-15/restore/6	104	SCENE-RECORD-B	ROUTE-COMMON	STATE-RESTORE-B		tutorial		다음에 복원할 기록은 『19-E2-15』입니다.	[{"raw":"19-E2-15","class":"record_key","movable":false,"order_sensitive":true}]							BATCH-PROD-STORY-B	INTEGRATED	fc55ee49b44c510b0f2849e5c0697fe3cb20552d98a7747d7f379e7eb5f27ecc	1			
SEG-BASE-4C9BBFF30736FECD45E3	BASE	RES-42D08B5B9BF398C1	data/hint_overrides.gd	table/19-E2-15/confirm/1	105	SCENE-RECORD-B	ROUTE-COMMON	STATE-RESTORE-B		tutorial		『19-E2-15』를 다시 한 번 잘 읽어 보세요.	[{"raw":"19-E2-15","class":"record_key","movable":false,"order_sensitive":true}]							BATCH-PROD-STORY-B	INTEGRATED	906857641893376421f9481c91b232a8ebfa22261d5e3562a13f4e6cb6e9b927	1			
SEG-BASE-EBABDC1ED499C17EEC63	BASE	RES-42D08B5B9BF398C1	data/hint_overrides.gd	table/19-E2-15/confirm/2	106	SCENE-RECORD-B	ROUTE-COMMON	STATE-RESTORE-B		tutorial		이건 타살이 아닙니다.	[]							BATCH-PROD-STORY-B	INTEGRATED	b930429a76a318081c31ff0bc68aafbbe26ec49c6109a189e4fec28c2afd07ce	1			
SEG-BASE-02E631ED5A1EC0D4227D	BASE	RES-42D08B5B9BF398C1	data/hint_overrides.gd	table/19-E2-15/confirm/3	107	SCENE-RECORD-B	ROUTE-COMMON	STATE-RESTORE-B		tutorial		『00-REPORT』를 읽어 보세요.	[{"raw":"00-REPORT","class":"record_key","movable":false,"order_sensitive":true}]							BATCH-PROD-STORY-B	INTEGRATED	2f92580bd5d9f419be020686a1ebe0203889e42aae12d2518b17a35b9c425723	1			
SEG-BASE-57529C59E56677DC2CD8	BASE	RES-42D08B5B9BF398C1	data/hint_overrides.gd	table/19-E2-15/confirm/4	108	SCENE-RECORD-B	ROUTE-COMMON	STATE-RESTORE-B		tutorial		정답 ── 사인 『추락사』.	[]							BATCH-PROD-STORY-B	INTEGRATED	02a4431a67cf8ea8174ee196bdfe8c045ccfb2aff2a8f39f8e01c5a9593693f7	1			
SEG-BASE-BBF6689BDF3593334AA9	BASE	RES-42D08B5B9BF398C1	data/hint_overrides.gd	table/20-E2-41/restore/1	109	SCENE-RECORD-B	ROUTE-COMMON	STATE-RESTORE-B		tutorial		MSG02를 다시 읽어 보세요. 『19-??-15』, 『20-??-41』는 누구의 기억일까요?	[{"raw":"19-??-15","class":"record_key","movable":false,"order_sensitive":true},{"raw":"20-??-41","class":"record_key","movable":false,"order_sensitive":true}]							BATCH-PROD-STORY-B	INTEGRATED	a0a8b646a54b863f1623ce147eb7c7b78abae3328dd282a5b0b0c9513d42e001	1			
SEG-BASE-8FEB289506A5208624C5	BASE	RES-42D08B5B9BF398C1	data/hint_overrides.gd	table/20-E2-41/restore/2	110	SCENE-RECORD-B	ROUTE-COMMON	STATE-RESTORE-B		tutorial		『20-??-41』의 41에 대해서 학생 명단에서 확인해 보세요.	[{"raw":"20-??-41","class":"record_key","movable":false,"order_sensitive":true}]							BATCH-PROD-STORY-B	INTEGRATED	663daf15e791b0baac410a957d1afcfeb44072be54caaa6d1f6c6c0f0fedc685	1			
SEG-BASE-CCDB32A2CBC6035C5C74	BASE	RES-42D08B5B9BF398C1	data/hint_overrides.gd	table/20-E2-41/restore/3	111	SCENE-RECORD-B	ROUTE-COMMON	STATE-RESTORE-B		tutorial		학생 명단을 확인해 보세요. 어느 부에 소속되어 있나요?	[]							BATCH-PROD-STORY-B	INTEGRATED	29d0e1f195eef9f0482520ecbf71b37fed18457183de427d1147166daedc3b58	1			
SEG-BASE-BE132582735E26E8967E	BASE	RES-42D08B5B9BF398C1	data/hint_overrides.gd	table/20-E2-41/restore/4	112	SCENE-RECORD-B	ROUTE-COMMON	STATE-RESTORE-B		tutorial		『30-D1-32』에는 배구부에 관한 정보가 있었습니다.	[{"raw":"30-D1-32","class":"record_key","movable":false,"order_sensitive":true}]							BATCH-PROD-STORY-B	INTEGRATED	6911f611440c75adc4e16429050d1aab8e71f185cc628eda64e5121514f48a13	1			
SEG-BASE-63C7FFD79DC7E989BCA5	BASE	RES-42D08B5B9BF398C1	data/hint_overrides.gd	table/20-E2-41/restore/5	113	SCENE-RECORD-B	ROUTE-COMMON	STATE-RESTORE-B		tutorial		지도를 열고 공장의 좌표를 확인해 보세요.	[]							BATCH-PROD-STORY-B	INTEGRATED	f5bd1540ad39be4c25fd88cb40a8d173e0e5e94b83bcbc120ba0b92e87784e96	1			
SEG-BASE-2DCE2828A89C2D6F96B4	BASE	RES-42D08B5B9BF398C1	data/hint_overrides.gd	table/20-E2-41/restore/6	114	SCENE-RECORD-B	ROUTE-COMMON	STATE-RESTORE-B		tutorial		다음에 복원할 기록은 『20-E2-41』입니다.	[{"raw":"20-E2-41","class":"record_key","movable":false,"order_sensitive":true}]							BATCH-PROD-STORY-B	INTEGRATED	abd417ba2f85e8ecca62863652b38fde226c4be62b44b56f6f82e5da08bf0921	1			
SEG-BASE-C4FBC4281F1689A0C7B4	BASE	RES-42D08B5B9BF398C1	data/hint_overrides.gd	table/20-E2-41/confirm/1	115	SCENE-RECORD-B	ROUTE-COMMON	STATE-RESTORE-B		tutorial		『20-E2-41』를 잘 읽어 보세요.	[{"raw":"20-E2-41","class":"record_key","movable":false,"order_sensitive":true}]							BATCH-PROD-STORY-B	INTEGRATED	7b26509bc32c7eb58696fc2d771c5b0cc277bcf701894dd2e811007ab5dc887a	1			
SEG-BASE-BF3C1E1DE323BC960DE8	BASE	RES-42D08B5B9BF398C1	data/hint_overrides.gd	table/20-E2-41/confirm/2	116	SCENE-RECORD-B	ROUTE-COMMON	STATE-RESTORE-B		tutorial		습격자의 지급 무기는 무엇일까요? 학생 명단을 확인해 보세요.	[]							BATCH-PROD-STORY-B	INTEGRATED	0de2e884ba394ac97179ad106ed45b6bfbccf259f129873644eec791fd9856e0	1			
SEG-BASE-CF378DB5D479676291E7	BASE	RES-42D08B5B9BF398C1	data/hint_overrides.gd	table/20-E2-41/confirm/3	117	SCENE-RECORD-B	ROUTE-COMMON	STATE-RESTORE-B		tutorial		정답 ── 사인 『자상으로 인한 사망』 ／ 흉기 『총검』 ／ 가해자 『사쿠마 쓰바사』.	[]							BATCH-PROD-STORY-B	INTEGRATED	1ab975e3a50c6a179511359dd587109f465d72519bf20e0b06849542187b4b5b	1			
SEG-BASE-48EC42DDB01039D292A8	BASE	RES-42D08B5B9BF398C1	data/hint_overrides.gd	table/18-E2-28/restore/1	118	SCENE-RECORD-B	ROUTE-COMMON	STATE-RESTORE-B		tutorial		『19-E2-15』를 다시 한 번 잘 읽어 보세요.	[{"raw":"19-E2-15","class":"record_key","movable":false,"order_sensitive":true}]							BATCH-PROD-STORY-B	INTEGRATED	352d2df0095a6ff02ddca7d671e7b8a08b5d82579e2c0ef277f27f5dd706fc01	1			
SEG-BASE-56D25D31EE6B38FCB1FE	BASE	RES-42D08B5B9BF398C1	data/hint_overrides.gd	table/18-E2-28/restore/2	119	SCENE-RECORD-B	ROUTE-COMMON	STATE-RESTORE-B		tutorial		정시 방송에서는 누구의 이름이 호명됐고, 몇 명이 사망했을까요?	[]							BATCH-PROD-STORY-B	INTEGRATED	cdf96abd768a6cef08956f84afa912b78892af9c5e6b978041d0080289adde18	1			
SEG-BASE-C3E41DA060C9F9EE59DF	BASE	RES-42D08B5B9BF398C1	data/hint_overrides.gd	table/18-E2-28/restore/3	120	SCENE-RECORD-B	ROUTE-COMMON	STATE-RESTORE-B		tutorial		방송의 「마지막 이름만」 기억에 남은 모양입니다.	[]							BATCH-PROD-STORY-B	INTEGRATED	8f4990b67dcdc1759eef2d7870ec95c1663288d80f7fc8f0d0ea13e1c96bed19	1			
SEG-BASE-D83FCF9E8A1D004412A8	BASE	RES-42D08B5B9BF398C1	data/hint_overrides.gd	table/18-E2-28/restore/4	121	SCENE-RECORD-B	ROUTE-COMMON	STATE-RESTORE-B		tutorial		다음에 복원할 기록은 『18-E2-28』입니다.	[{"raw":"18-E2-28","class":"record_key","movable":false,"order_sensitive":true}]							BATCH-PROD-STORY-B	INTEGRATED	19233f2e9cf45b840bd314ae8b80525586e7bfe033b5ed6279e30dfdf9d045fe	1			
SEG-BASE-7AC05D79F4A9F187C1D7	BASE	RES-42D08B5B9BF398C1	data/hint_overrides.gd	table/18-E2-28/confirm/1	122	SCENE-RECORD-B	ROUTE-COMMON	STATE-RESTORE-B		tutorial		『18-E2-28』를 잘 읽어 보세요.	[{"raw":"18-E2-28","class":"record_key","movable":false,"order_sensitive":true}]							BATCH-PROD-STORY-B	INTEGRATED	843c5514cca93e02c1bea78a11645631422c84a9f1b409becf875c9b0375e023	1			
SEG-BASE-96E9F6152D9AA6B24A64	BASE	RES-42D08B5B9BF398C1	data/hint_overrides.gd	table/18-E2-28/confirm/2	123	SCENE-RECORD-B	ROUTE-COMMON	STATE-RESTORE-B		tutorial		『20-E2-41』를 잘 읽어 보세요.	[{"raw":"20-E2-41","class":"record_key","movable":false,"order_sensitive":true}]							BATCH-PROD-STORY-B	INTEGRATED	7b26509bc32c7eb58696fc2d771c5b0cc277bcf701894dd2e811007ab5dc887a	1			
SEG-BASE-9C731CA729DFCD68FFAE	BASE	RES-42D08B5B9BF398C1	data/hint_overrides.gd	table/18-E2-28/confirm/3	124	SCENE-RECORD-B	ROUTE-COMMON	STATE-RESTORE-B		tutorial		와다가 쏜 「검은 그림자」는 누구일까요?	[]							BATCH-PROD-STORY-B	INTEGRATED	9479d8411bc345d54d67ca3837b3e209e99373dd470932fc75c465d43dcb4a58	1			
SEG-BASE-21C5EB7BE6A968596644	BASE	RES-42D08B5B9BF398C1	data/hint_overrides.gd	table/18-E2-28/confirm/4	125	SCENE-RECORD-B	ROUTE-COMMON	STATE-RESTORE-B		tutorial		정답 ── 사인 『사살』 ／ 흉기 『석궁』 ／ 가해자 『와다 리오』.	[]							BATCH-PROD-STORY-B	INTEGRATED	6c1ae23d59200435d0fde47085a4365ad8dc2ed2e920ce2e96713401e846c72f	1			
SEG-BASE-6A75F32C3959F772B55D	BASE	RES-42D08B5B9BF398C1	data/hint_overrides.gd	table/17-E2-08/restore/1	126	SCENE-RECORD-B	ROUTE-COMMON	STATE-RESTORE-B		tutorial		『18-E2-28』를 다시 한 번 잘 읽어 보세요.	[{"raw":"18-E2-28","class":"record_key","movable":false,"order_sensitive":true}]							BATCH-PROD-STORY-B	INTEGRATED	f8201c87a71cf5b1de47c706727d99fb0f937ad9e902c38eca9d5eaeff9b04b1	1			
SEG-BASE-AF3235F3F4190C1F3BFC	BASE	RES-42D08B5B9BF398C1	data/hint_overrides.gd	table/17-E2-08/restore/2	127	SCENE-RECORD-B	ROUTE-COMMON	STATE-RESTORE-B		tutorial		『19-E2-15』를 다시 한 번 잘 읽어 보세요.	[{"raw":"19-E2-15","class":"record_key","movable":false,"order_sensitive":true}]							BATCH-PROD-STORY-B	INTEGRATED	352d2df0095a6ff02ddca7d671e7b8a08b5d82579e2c0ef277f27f5dd706fc01	1			
SEG-BASE-208D6748AB7A89A3B3EA	BASE	RES-42D08B5B9BF398C1	data/hint_overrides.gd	table/17-E2-08/restore/3	128	SCENE-RECORD-B	ROUTE-COMMON	STATE-RESTORE-B		tutorial		소꿉친구의 이름을 학생 명단에서 찾아보세요.	[]							BATCH-PROD-STORY-B	INTEGRATED	dd215ec15075b95d78a30270ee105febb830832272c2d52209d16f2134e2a372	1			
SEG-BASE-97F67BB5948D7B7BF7B9	BASE	RES-42D08B5B9BF398C1	data/hint_overrides.gd	table/17-E2-08/restore/4	129	SCENE-RECORD-B	ROUTE-COMMON	STATE-RESTORE-B		tutorial		다음에 복원할 기록은 『17-E2-08』입니다.	[{"raw":"17-E2-08","class":"record_key","movable":false,"order_sensitive":true}]							BATCH-PROD-STORY-B	INTEGRATED	10f3293b7c72499b7d559d55695a29ff83c7160b10c75e918618df5c3b3dd9c2	1			
SEG-BASE-1CD7F45B80AA481EF048	BASE	RES-42D08B5B9BF398C1	data/hint_overrides.gd	table/17-E2-08/confirm/1	130	SCENE-RECORD-B	ROUTE-COMMON	STATE-RESTORE-B		tutorial		『17-E2-08』를 잘 읽어 보세요.	[{"raw":"17-E2-08","class":"record_key","movable":false,"order_sensitive":true}]							BATCH-PROD-STORY-B	INTEGRATED	f7651201a87f4bd1c169431f79d45b368ffba412709ba1bb2ce70199113d2898	1			
SEG-BASE-4929C3352DEAADF1C458	BASE	RES-42D08B5B9BF398C1	data/hint_overrides.gd	table/17-E2-08/confirm/2	131	SCENE-RECORD-B	ROUTE-COMMON	STATE-RESTORE-B		tutorial		이건 타살이 아닙니다.	[]							BATCH-PROD-STORY-B	INTEGRATED	b930429a76a318081c31ff0bc68aafbbe26ec49c6109a189e4fec28c2afd07ce	1			
SEG-BASE-054E4AA9F50B7B2FB2A9	BASE	RES-42D08B5B9BF398C1	data/hint_overrides.gd	table/17-E2-08/confirm/3	132	SCENE-RECORD-B	ROUTE-COMMON	STATE-RESTORE-B		tutorial		『00-REPORT』를 읽어 보세요.	[{"raw":"00-REPORT","class":"record_key","movable":false,"order_sensitive":true}]							BATCH-PROD-STORY-B	INTEGRATED	2f92580bd5d9f419be020686a1ebe0203889e42aae12d2518b17a35b9c425723	1			
SEG-BASE-1EFAF9FCB6DEF167F1DE	BASE	RES-42D08B5B9BF398C1	data/hint_overrides.gd	table/17-E2-08/confirm/4	133	SCENE-RECORD-B	ROUTE-COMMON	STATE-RESTORE-B		tutorial		정답 ── 사인 『과실사』.	[]							BATCH-PROD-STORY-B	INTEGRATED	05583b7b0d48dfbae01477144bb24d9c4fc74ba1cb2f3a9ce7ae3367d2c72baf	1			
SEG-BASE-EA415FD3CC591DCCA574	BASE	RES-42D08B5B9BF398C1	data/hint_overrides.gd	table/15-C3-13/restore/1	134	SCENE-RECORD-B	ROUTE-COMMON	STATE-RESTORE-B		tutorial		『17-E2-08』를 다시 한 번 잘 읽어 보세요.	[{"raw":"17-E2-08","class":"record_key","movable":false,"order_sensitive":true}]							BATCH-PROD-STORY-B	INTEGRATED	49ab3245654c5ebfc037a48468a68be2433a563a0af137d83aacb54239311e83	1			
SEG-BASE-F9E136EAC870E987658F	BASE	RES-42D08B5B9BF398C1	data/hint_overrides.gd	table/15-C3-13/restore/2	135	SCENE-RECORD-B	ROUTE-COMMON	STATE-RESTORE-B		tutorial		정시 방송과 사망자 수를 확인해 보세요.	[]							BATCH-PROD-STORY-B	INTEGRATED	77838344bc16d011c42a956bc68e013cb7187217b347fee159977189d7e1057d	1			
SEG-BASE-F7CA930B4F8D0FB619A1	BASE	RES-42D08B5B9BF398C1	data/hint_overrides.gd	table/15-C3-13/restore/3	136	SCENE-RECORD-B	ROUTE-COMMON	STATE-RESTORE-B		tutorial		『30-D1-32』를 다시 한 번 잘 읽어 보세요. 그 시간에 전파탑에서는 무슨 일이 있었을까요?	[{"raw":"30-D1-32","class":"record_key","movable":false,"order_sensitive":true}]							BATCH-PROD-STORY-B	INTEGRATED	66765ff9605c2cc449a5b16500874e1d726cb486e09c407abc6476fdb2bb9bcd	1			
SEG-BASE-DADD0586CE471820DADD	BASE	RES-42D08B5B9BF398C1	data/hint_overrides.gd	table/15-C3-13/restore/4	137	SCENE-RECORD-B	ROUTE-COMMON	STATE-RESTORE-B		tutorial		다음에 복원할 기록은 『15-C3-13』입니다.	[{"raw":"15-C3-13","class":"record_key","movable":false,"order_sensitive":true}]							BATCH-PROD-STORY-B	INTEGRATED	b7b9d8ad45743e7240f2cb70881c09d686b231afe415ef17eae46366be2fabe8	1			
SEG-BASE-6093F8D9E744632D67A4	BASE	RES-42D08B5B9BF398C1	data/hint_overrides.gd	table/15-C3-13/confirm/1	138	SCENE-RECORD-B	ROUTE-COMMON	STATE-RESTORE-B		tutorial		『30-D1-32』를 다시 읽어 보세요.	[{"raw":"30-D1-32","class":"record_key","movable":false,"order_sensitive":true}]							BATCH-PROD-STORY-B	INTEGRATED	45098050180474351e5be13ed4ce45df73bd7afee10127daa2d1f7e913a75283	1			
SEG-BASE-EBCDD101595941A9D08D	BASE	RES-42D08B5B9BF398C1	data/hint_overrides.gd	table/15-C3-13/confirm/2	139	SCENE-RECORD-B	ROUTE-COMMON	STATE-RESTORE-B		tutorial		습격자는 누구일까요? 권총은 누구 손에 들어가 있었을까요?	[]							BATCH-PROD-STORY-B	INTEGRATED	07c4327fe019f4d711c510508e8d6782d591683a0f10c49d9971c5d7f37bb139	1			
SEG-BASE-F0B41051B1C93DB4C584	BASE	RES-42D08B5B9BF398C1	data/hint_overrides.gd	table/15-C3-13/confirm/3	140	SCENE-RECORD-B	ROUTE-COMMON	STATE-RESTORE-B		tutorial		그 인물의 원래 지급 무기는 무엇일까요?	[]							BATCH-PROD-STORY-B	INTEGRATED	7cb83810bb36e7c71c32f2d3155f77cf929eb4fd325acb6899e203ca75c9ed01	1			
SEG-BASE-B0AD82438436A853DE68	BASE	RES-42D08B5B9BF398C1	data/hint_overrides.gd	table/15-C3-13/confirm/4	141	SCENE-RECORD-B	ROUTE-COMMON	STATE-RESTORE-B		tutorial		정답 ── 사인 『참살』 ／ 흉기 『일본도』 ／ 가해자 『고미네 가즈마』.	[]							BATCH-PROD-STORY-B	INTEGRATED	a8f6a4fe03f4e35ee547d60ed39cf798f19614d8c31c223f8d95defced44433b	1			
SEG-BASE-E40A2680D086F3A52ED0	BASE	RES-42D08B5B9BF398C1	data/hint_overrides.gd	table/16-C3-01/restore/1	142	SCENE-RECORD-B	ROUTE-COMMON	STATE-RESTORE-B		tutorial		『15-C3-13』를 다시 한 번 잘 읽어 보세요.	[{"raw":"15-C3-13","class":"record_key","movable":false,"order_sensitive":true}]							BATCH-PROD-STORY-B	INTEGRATED	300233a0bc978720a84e0ff8793ae9da8a9c6c1b7c521c417ec70115dc741a33	1			
SEG-BASE-7F062FB909397DCC9EB0	BASE	RES-42D08B5B9BF398C1	data/hint_overrides.gd	table/16-C3-01/restore/2	143	SCENE-RECORD-B	ROUTE-COMMON	STATE-RESTORE-B		tutorial		『마코토』를 학생 명단에서 찾아보세요.	[]							BATCH-PROD-STORY-B	INTEGRATED	d7b41d818be506983f67506c21f0c5b83b62a86a5b209a3d65476dd93e2f2e4a	1			
SEG-BASE-0ACCDEC800B2B22FE828	BASE	RES-42D08B5B9BF398C1	data/hint_overrides.gd	table/16-C3-01/restore/3	144	SCENE-RECORD-B	ROUTE-COMMON	STATE-RESTORE-B		tutorial		『17-E2-08』에서는 누구의 이름이 호명됐을까요?	[{"raw":"17-E2-08","class":"record_key","movable":false,"order_sensitive":true}]							BATCH-PROD-STORY-B	INTEGRATED	f41ce6bba8a0d776f3c147b64ec858aef6dd3abb4c1744772b6c34849ecc76b6	1			
SEG-BASE-BBE4DFF3CD6226883027	BASE	RES-42D08B5B9BF398C1	data/hint_overrides.gd	table/16-C3-01/restore/4	145	SCENE-RECORD-B	ROUTE-COMMON	STATE-RESTORE-B		tutorial		다음에 복원할 기록은 『16-C3-01』입니다.	[{"raw":"16-C3-01","class":"record_key","movable":false,"order_sensitive":true}]							BATCH-PROD-STORY-B	INTEGRATED	d3750763e637951f0ec714bf22bb01ad602230072a565359f3fa9641e6d65ac1	1			
SEG-BASE-561F395AE022B242D5F9	BASE	RES-42D08B5B9BF398C1	data/hint_overrides.gd	table/16-C3-01/confirm/1	146	SCENE-RECORD-B	ROUTE-COMMON	STATE-RESTORE-B		tutorial		『16-C3-01』를 다시 한 번 잘 읽어 보세요.	[{"raw":"16-C3-01","class":"record_key","movable":false,"order_sensitive":true}]							BATCH-PROD-STORY-B	INTEGRATED	22fe6a326aaa851c0d62ab91a4592342959dec804f1237265fd2a5170afa35fa	1			
SEG-BASE-4985067EB8B49E0695C5	BASE	RES-42D08B5B9BF398C1	data/hint_overrides.gd	table/16-C3-01/confirm/2	147	SCENE-RECORD-B	ROUTE-COMMON	STATE-RESTORE-B		tutorial		구로사와를 살해한 인물과 한패였던 사람은 누구일까요?	[]							BATCH-PROD-STORY-B	INTEGRATED	72f204969a87149934ea0b585d3077ad727f0cff2fc31a3b4a276f2752e8fac6	1			
SEG-BASE-66D34A8F115214C042C2	BASE	RES-42D08B5B9BF398C1	data/hint_overrides.gd	table/16-C3-01/confirm/3	148	SCENE-RECORD-B	ROUTE-COMMON	STATE-RESTORE-B		tutorial		『30-D1-32』에는 두 인물이 등장합니다.	[{"raw":"30-D1-32","class":"record_key","movable":false,"order_sensitive":true}]							BATCH-PROD-STORY-B	INTEGRATED	71a893878a5dd14b0ebad6cef93ea7c1084717520362a9c1bedb24092f8c5814	1			
SEG-BASE-2E9906CCC4E61CCD0EE3	BASE	RES-42D08B5B9BF398C1	data/hint_overrides.gd	table/16-C3-01/confirm/4	149	SCENE-RECORD-B	ROUTE-COMMON	STATE-RESTORE-B		tutorial		그 인물이 현재 가지고 있는 무기는 무엇일까요?	[]							BATCH-PROD-STORY-B	INTEGRATED	bf63b34882741eea7c2c83119395e7902c701434bd465bcd442d4a7cfc9815c9	1			
SEG-BASE-A08B88D5FE78156EE7FE	BASE	RES-42D08B5B9BF398C1	data/hint_overrides.gd	table/16-C3-01/confirm/5	150	SCENE-RECORD-B	ROUTE-COMMON	STATE-RESTORE-B		tutorial		정답 ── 사인 『참살』 ／ 흉기 『나타』 ／ 가해자 『가노 렌지』.	[]							BATCH-PROD-STORY-B	INTEGRATED	fb6b5ae7a1abf4cc03c945bf9884911306b71dc28f0fd257d80f6b5c5521a73f	1			
SEG-BASE-7DCBC224BAD024CA681F	BASE	RES-42D08B5B9BF398C1	data/hint_overrides.gd	table/28-B3-22/restore/1	151	SCENE-RECORD-C	ROUTE-COMMON	STATE-RESTORE-C		tutorial		MSG03을 다시 읽어 보세요. 다음에 복원할 기록명의 단서가 적혀 있습니다.	[]							BATCH-PROD-STORY-C	INTEGRATED	a413a871a54de1d063e7cdc2dae5483c3321b04c6de1c294b8ff242a5f90e708	1			
SEG-BASE-AFBECBBAA76EF82D0E68	BASE	RES-42D08B5B9BF398C1	data/hint_overrides.gd	table/28-B3-22/restore/3	152	SCENE-RECORD-C	ROUTE-COMMON	STATE-RESTORE-C		tutorial		다음에 복원할 기록은 『28-B3-22』입니다.	[{"raw":"28-B3-22","class":"record_key","movable":false,"order_sensitive":true}]							BATCH-PROD-STORY-C	INTEGRATED	1cda402f0231c1544d26964f9b790fbadfe7f1e8364943425d5fae0b8ea5bec5	1			
SEG-BASE-3424CA62A6AE081C2D9D	BASE	RES-42D08B5B9BF398C1	data/hint_overrides.gd	table/28-B3-22/confirm/1	153	SCENE-RECORD-C	ROUTE-COMMON	STATE-RESTORE-C		tutorial		『28-B3-22』를 다시 한 번 잘 읽어 보세요.	[{"raw":"28-B3-22","class":"record_key","movable":false,"order_sensitive":true}]							BATCH-PROD-STORY-C	INTEGRATED	163114162691adfeb5f72b58928e3b35c6ef698cc6f0ae62702a4f51df7734b3	1			
SEG-BASE-B992903F356F3626C6AC	BASE	RES-42D08B5B9BF398C1	data/hint_overrides.gd	table/28-B3-22/confirm/2	154	SCENE-RECORD-C	ROUTE-COMMON	STATE-RESTORE-C		tutorial		시노즈카와 같은 유도부원에게 습격당했습니다.	[]							BATCH-PROD-STORY-C	INTEGRATED	4082473c55f7322a35b0d25ac3c5dc69fb2088494104a8e80c2c42a8f1d6beab	1			
SEG-BASE-4BAD302D0F0BDFF404A5	BASE	RES-42D08B5B9BF398C1	data/hint_overrides.gd	table/28-B3-22/confirm/3	155	SCENE-RECORD-C	ROUTE-COMMON	STATE-RESTORE-C		tutorial		현재 권총을 가지고 있는 사람은 누구일까요?	[]							BATCH-PROD-STORY-C	INTEGRATED	7f64a4ae3bde588cdb74ef3e8aa395bcf7cf318536c7ae3d4867e3301fa88c10	1			
SEG-BASE-AFD6F6DC818A5F3D8845	BASE	RES-42D08B5B9BF398C1	data/hint_overrides.gd	table/28-B3-22/confirm/4	156	SCENE-RECORD-C	ROUTE-COMMON	STATE-RESTORE-C		tutorial		정답 ── 사인 『사살』 ／ 흉기 『리볼버』 ／ 가해자 『고미네 가즈마』.	[]							BATCH-PROD-STORY-C	INTEGRATED	b4a55b5caa3c98cd17002b9fcf17f191171a8c5f1773609e3ebd4743becfcf4e	1			
SEG-BASE-08D44BA2B7A0430F3D07	BASE	RES-42D08B5B9BF398C1	data/hint_overrides.gd	table/24-B3-06/restore/1	157	SCENE-RECORD-C	ROUTE-COMMON	STATE-RESTORE-C		tutorial		『28-B3-22』를 다시 한 번 잘 읽어 보세요.	[{"raw":"28-B3-22","class":"record_key","movable":false,"order_sensitive":true}]							BATCH-PROD-STORY-C	INTEGRATED	b0574768c81b8326dee1f9e5d5877ec773b350b88843d94dfc7d76078ffae2e1	1			
SEG-BASE-8D8A432B74863965539F	BASE	RES-42D08B5B9BF398C1	data/hint_overrides.gd	table/24-B3-06/restore/2	158	SCENE-RECORD-C	ROUTE-COMMON	STATE-RESTORE-C		tutorial		기억 속에서 몇 명이 사망했을까요?	[]							BATCH-PROD-STORY-C	INTEGRATED	9aafc50f4b7d900ec54277f5a647e739c209e8d0d2383cfac107a3164626fefe	1			
SEG-BASE-E322778BB1673284BBA6	BASE	RES-42D08B5B9BF398C1	data/hint_overrides.gd	table/24-B3-06/restore/3	159	SCENE-RECORD-C	ROUTE-COMMON	STATE-RESTORE-C		tutorial		가장 먼저 죽은 인물은 누구였나요?	[]							BATCH-PROD-STORY-C	INTEGRATED	7167309efaf5eff44cf72f2365cd0234eb9e66023a4b27e10f1f7a7af5e954a3	1			
SEG-BASE-DC79FF42B74E9A50DD6C	BASE	RES-42D08B5B9BF398C1	data/hint_overrides.gd	table/24-B3-06/restore/4	160	SCENE-RECORD-C	ROUTE-COMMON	STATE-RESTORE-C		tutorial		『28-B3-22』에서 역산해 사망자 수를 생각해 보세요.	[{"raw":"28-B3-22","class":"record_key","movable":false,"order_sensitive":true}]							BATCH-PROD-STORY-C	INTEGRATED	494f31fb29e7e30c77df1022654c130621d69043a998eb3589e25de517e3dfb1	1			
SEG-BASE-17C3A4BAEDA333BFC8D9	BASE	RES-42D08B5B9BF398C1	data/hint_overrides.gd	table/24-B3-06/restore/5	161	SCENE-RECORD-C	ROUTE-COMMON	STATE-RESTORE-C		tutorial		다음에 복원할 기록은 『24-B3-06』입니다.	[{"raw":"24-B3-06","class":"record_key","movable":false,"order_sensitive":true}]							BATCH-PROD-STORY-C	INTEGRATED	06f8a88a62d6eb58dd3ec40e111d590642e656136f3edd49df6cb1f1708d21ae	1			
SEG-BASE-389B5DE0448521BEFA06	BASE	RES-42D08B5B9BF398C1	data/hint_overrides.gd	table/24-B3-06/confirm/1	162	SCENE-RECORD-C	ROUTE-COMMON	STATE-RESTORE-C		tutorial		『24-B3-06』를 다시 한 번 잘 읽어 보세요.	[{"raw":"24-B3-06","class":"record_key","movable":false,"order_sensitive":true}]							BATCH-PROD-STORY-C	INTEGRATED	39f19c00f704f50c6a8962afbea7569f312b0cfb284778ac6c04d03aad834fe9	1			
SEG-BASE-50407AB5DCF7A5759966	BASE	RES-42D08B5B9BF398C1	data/hint_overrides.gd	table/24-B3-06/confirm/2	163	SCENE-RECORD-C	ROUTE-COMMON	STATE-RESTORE-C		tutorial		독살한 사람은 누구일까요?	[]							BATCH-PROD-STORY-C	INTEGRATED	743b0bd62ae1ef10f9283c5587ad0338aefcd55a40120340aa297f96f84cb8f9	1			
SEG-BASE-D42F4AADF351AED00D42	BASE	RES-42D08B5B9BF398C1	data/hint_overrides.gd	table/24-B3-06/confirm/3	164	SCENE-RECORD-C	ROUTE-COMMON	STATE-RESTORE-C		tutorial		정답 ── 사인 『중독사』 ／ 흉기 『독약』 ／ 가해자 『미야케 하루카』.	[]							BATCH-PROD-STORY-C	INTEGRATED	f4fa9d624d55a6d80e4c581798e7ae76af44d2f9de765994abe85aa0c0967b18	1			
SEG-BASE-43FB40798D26FC9CF245	BASE	RES-42D08B5B9BF398C1	data/hint_overrides.gd	table/26-B3-26/restore/1	165	SCENE-RECORD-C	ROUTE-COMMON	STATE-RESTORE-C		tutorial		『28-B3-22』를 다시 한 번 잘 읽어 보세요.	[{"raw":"28-B3-22","class":"record_key","movable":false,"order_sensitive":true}]							BATCH-PROD-STORY-C	INTEGRATED	b0574768c81b8326dee1f9e5d5877ec773b350b88843d94dfc7d76078ffae2e1	1			
SEG-BASE-C1CA4514B44E13EBB74E	BASE	RES-42D08B5B9BF398C1	data/hint_overrides.gd	table/26-B3-26/restore/2	166	SCENE-RECORD-C	ROUTE-COMMON	STATE-RESTORE-C		tutorial		기억 속에서 몇 명이 사망했을까요?	[]							BATCH-PROD-STORY-C	INTEGRATED	9aafc50f4b7d900ec54277f5a647e739c209e8d0d2383cfac107a3164626fefe	1			
SEG-BASE-1281E858DDB703148204	BASE	RES-42D08B5B9BF398C1	data/hint_overrides.gd	table/26-B3-26/restore/3	167	SCENE-RECORD-C	ROUTE-COMMON	STATE-RESTORE-C		tutorial		세 번째로 죽은 인물은 누구였나요?	[]							BATCH-PROD-STORY-C	INTEGRATED	d2f2dcea13b2a7e637480da5fa18f0a42e0cf06749d48a425ba68697912b9621	1			
SEG-BASE-89554A57D46521755F02	BASE	RES-42D08B5B9BF398C1	data/hint_overrides.gd	table/26-B3-26/restore/4	168	SCENE-RECORD-C	ROUTE-COMMON	STATE-RESTORE-C		tutorial		『28-B3-22』에서 역산해 사망자 수를 생각해 보세요.	[{"raw":"28-B3-22","class":"record_key","movable":false,"order_sensitive":true}]							BATCH-PROD-STORY-C	INTEGRATED	494f31fb29e7e30c77df1022654c130621d69043a998eb3589e25de517e3dfb1	1			
SEG-BASE-A870D0E2EAD0F8D25FFC	BASE	RES-42D08B5B9BF398C1	data/hint_overrides.gd	table/26-B3-26/restore/5	169	SCENE-RECORD-C	ROUTE-COMMON	STATE-RESTORE-C		tutorial		다음에 복원할 기록은 『26-B3-26』입니다.	[{"raw":"26-B3-26","class":"record_key","movable":false,"order_sensitive":true}]							BATCH-PROD-STORY-C	INTEGRATED	badfe3d9826abda976adfed0f2d2ee55eb47f234fdcca0d3f133448689244d02	1			
SEG-BASE-553EB748C3604DD676FB	BASE	RES-42D08B5B9BF398C1	data/hint_overrides.gd	table/26-B3-26/confirm/1	170	SCENE-RECORD-C	ROUTE-COMMON	STATE-RESTORE-C		tutorial		『26-B3-26』과 『29-B3-18』을 다시 한 번 잘 읽어 보세요.	[{"raw":"26-B3-26","class":"record_key","movable":false,"order_sensitive":true},{"raw":"29-B3-18","class":"record_key","movable":false,"order_sensitive":true}]							BATCH-PROD-STORY-C	INTEGRATED	86cc43c34e85c8b911cc679701b1638872348f131be116f51a16b2924f570c28	1			
SEG-BASE-8E88B915EA9BAB5907B9	BASE	RES-42D08B5B9BF398C1	data/hint_overrides.gd	table/26-B3-26/confirm/3	171	SCENE-RECORD-C	ROUTE-COMMON	STATE-RESTORE-C		tutorial		정답 ── 사인 『자상으로 인한 사망』 ／ 흉기 『아이스픽』 ／ 가해자 『시노즈카 다쿠야』.	[]							BATCH-PROD-STORY-C	INTEGRATED	16a372341f5ccf9a427ef91ea48aa74a0a4d5e727933fafdcb943b028e228c27	1			
SEG-BASE-D3CCC079D47850193566	BASE	RES-42D08B5B9BF398C1	data/hint_overrides.gd	table/25-B3-36/restore/1	172	SCENE-RECORD-C	ROUTE-COMMON	STATE-RESTORE-C		tutorial		『26-B3-26』과 『28-B3-22』를 다시 한 번 잘 읽어 보세요.	[{"raw":"26-B3-26","class":"record_key","movable":false,"order_sensitive":true},{"raw":"28-B3-22","class":"record_key","movable":false,"order_sensitive":true}]							BATCH-PROD-STORY-C	INTEGRATED	b19c218ad66198b4445367b82fe56fdf0cf755f27322d643c7c3b2b84fe56380	1			
SEG-BASE-188C74ED495E466FBD0B	BASE	RES-42D08B5B9BF398C1	data/hint_overrides.gd	table/25-B3-36/restore/2	173	SCENE-RECORD-C	ROUTE-COMMON	STATE-RESTORE-C		tutorial		『28-B3-22』에는 두 번째 사망자가 나온 사실이 적혀 있습니다.	[{"raw":"28-B3-22","class":"record_key","movable":false,"order_sensitive":true}]							BATCH-PROD-STORY-C	INTEGRATED	85e52662f6dc424c3a853e45ff164bb50633d96c639be889d2703800de47c57d	1			
SEG-BASE-4A16DC8C719F602624B3	BASE	RES-42D08B5B9BF398C1	data/hint_overrides.gd	table/25-B3-36/restore/3	174	SCENE-RECORD-C	ROUTE-COMMON	STATE-RESTORE-C		tutorial		『26-B3-26』에서 무라세에게 무슨 일이 있었는지 알 수 있습니다.	[{"raw":"26-B3-26","class":"record_key","movable":false,"order_sensitive":true}]							BATCH-PROD-STORY-C	INTEGRATED	20bed5c247bded12a47297c5ff744138e85adf64b3f10e4680ff1e04a62f9819	1			
SEG-BASE-C791C06113815162B5F0	BASE	RES-42D08B5B9BF398C1	data/hint_overrides.gd	table/25-B3-36/restore/4	175	SCENE-RECORD-C	ROUTE-COMMON	STATE-RESTORE-C		tutorial		다음에 복원할 기록은 『25-B3-36』입니다.	[{"raw":"25-B3-36","class":"record_key","movable":false,"order_sensitive":true}]							BATCH-PROD-STORY-C	INTEGRATED	2ab1f8766086d1168739bfadf703956647c007e7ad237965f6e2c3fb2f41e8b9	1			
SEG-BASE-7DB476763A088EE6BD46	BASE	RES-42D08B5B9BF398C1	data/hint_overrides.gd	table/25-B3-36/confirm/1	176	SCENE-RECORD-C	ROUTE-COMMON	STATE-RESTORE-C		tutorial		『25-B3-36』를 다시 한 번 잘 읽어 보세요.	[{"raw":"25-B3-36","class":"record_key","movable":false,"order_sensitive":true}]							BATCH-PROD-STORY-C	INTEGRATED	d2d80327ab2e1999cfecb761916d62463beafdfed681d83337dd1a0e99162698	1			
SEG-BASE-13AC6730873C903CB3B4	BASE	RES-42D08B5B9BF398C1	data/hint_overrides.gd	table/25-B3-36/confirm/2	177	SCENE-RECORD-C	ROUTE-COMMON	STATE-RESTORE-C		tutorial		이것은 타살이 아닙니다.	[]							BATCH-PROD-STORY-C	INTEGRATED	b930429a76a318081c31ff0bc68aafbbe26ec49c6109a189e4fec28c2afd07ce	1			
SEG-BASE-8AC1F3B99FE5DFEA23FE	BASE	RES-42D08B5B9BF398C1	data/hint_overrides.gd	table/25-B3-36/confirm/3	178	SCENE-RECORD-C	ROUTE-COMMON	STATE-RESTORE-C		tutorial		『00-REPORT』를 읽어 보세요.	[{"raw":"00-REPORT","class":"record_key","movable":false,"order_sensitive":true}]							BATCH-PROD-STORY-C	INTEGRATED	2f92580bd5d9f419be020686a1ebe0203889e42aae12d2518b17a35b9c425723	1			
SEG-BASE-5A921BD86F344BEBA41F	BASE	RES-42D08B5B9BF398C1	data/hint_overrides.gd	table/25-B3-36/confirm/4	179	SCENE-RECORD-C	ROUTE-COMMON	STATE-RESTORE-C		tutorial		정답 ── 사인 『과실사』.	[]							BATCH-PROD-STORY-C	INTEGRATED	05583b7b0d48dfbae01477144bb24d9c4fc74ba1cb2f3a9ce7ae3367d2c72baf	1			
SEG-BASE-33B0B5D772347A6D9B7A	BASE	RES-42D08B5B9BF398C1	data/hint_overrides.gd	table/27-B3-35/restore/1	180	SCENE-RECORD-C	ROUTE-COMMON	STATE-RESTORE-C		tutorial		『25-B3-36』과 『28-B3-22』를 다시 한 번 잘 읽어 보세요.	[{"raw":"25-B3-36","class":"record_key","movable":false,"order_sensitive":true},{"raw":"28-B3-22","class":"record_key","movable":false,"order_sensitive":true}]							BATCH-PROD-STORY-C	INTEGRATED	9421978bec8187078a3ce765c740cb4a4e2711e53df563bf64aa8aaed4de257d	1			
SEG-BASE-9E1BB355A8D5BE68D824	BASE	RES-42D08B5B9BF398C1	data/hint_overrides.gd	table/27-B3-35/restore/2	181	SCENE-RECORD-C	ROUTE-COMMON	STATE-RESTORE-C		tutorial		독살범은 네 번째로 살해당했습니다.	[]							BATCH-PROD-STORY-C	INTEGRATED	d0142e8b7ec0cec732f0d07c483899d6dca651a3a16bc259bcb5c8a439872e53	1			
SEG-BASE-40387DE735921D64DF60	BASE	RES-42D08B5B9BF398C1	data/hint_overrides.gd	table/27-B3-35/restore/3	182	SCENE-RECORD-C	ROUTE-COMMON	STATE-RESTORE-C		tutorial		『25-B3-36』를 보면 독살범은 동아리가 없는 학생입니다.	[{"raw":"25-B3-36","class":"record_key","movable":false,"order_sensitive":true}]							BATCH-PROD-STORY-C	INTEGRATED	8edb5710f09c3c1822d27aea679e9b617c906fad53e678067a9b4041dab6f6f5	1			
SEG-BASE-87B1A3B00EE71BD0E5A9	BASE	RES-42D08B5B9BF398C1	data/hint_overrides.gd	table/27-B3-35/restore/4	183	SCENE-RECORD-C	ROUTE-COMMON	STATE-RESTORE-C		tutorial		현재 동아리가 없는 생존자는 얼마 남지 않았습니다.	[]							BATCH-PROD-STORY-C	INTEGRATED	95a6b6184558a48094c8ea81ce2a4af6772ac7e478792e2bc6fc05ab100d76a8	1			
SEG-BASE-4ABF632F13FC11AACF46	BASE	RES-42D08B5B9BF398C1	data/hint_overrides.gd	table/27-B3-35/restore/5	184	SCENE-RECORD-C	ROUTE-COMMON	STATE-RESTORE-C		tutorial		다음에 복원할 기록은 『27-B3-35』입니다.	[{"raw":"27-B3-35","class":"record_key","movable":false,"order_sensitive":true}]							BATCH-PROD-STORY-C	INTEGRATED	8d5b8dd08997009932a15f96288eb1aca20b5c1eeac232765311bc88d5fb747d	1			
SEG-BASE-91F39CB54A600A138D30	BASE	RES-42D08B5B9BF398C1	data/hint_overrides.gd	table/27-B3-35/confirm/1	185	SCENE-RECORD-C	ROUTE-COMMON	STATE-RESTORE-C		tutorial		『28-B3-22』를 다시 한 번 잘 읽어 보세요.	[{"raw":"28-B3-22","class":"record_key","movable":false,"order_sensitive":true}]							BATCH-PROD-STORY-C	INTEGRATED	163114162691adfeb5f72b58928e3b35c6ef698cc6f0ae62702a4f51df7734b3	1			
SEG-BASE-ADA58CEAB4CBB9D0D77B	BASE	RES-42D08B5B9BF398C1	data/hint_overrides.gd	table/27-B3-35/confirm/3	186	SCENE-RECORD-C	ROUTE-COMMON	STATE-RESTORE-C		tutorial		정답 ── 사인 『구타로 인한 사망』 ／ 흉기 『특수 경봉』 ／ 가해자 『다카나시 아오이』.	[]							BATCH-PROD-STORY-C	INTEGRATED	d84d51bccd6a38a61d84c655a8e0eb2375d6274057c6801ede3e069bb3799fe2	1			
SEG-BASE-DAA298F8B883F47DF29D	BASE	RES-42D08B5B9BF398C1	data/hint_overrides.gd	table/29-B3-18/restore/1	187	SCENE-RECORD-D	ROUTE-COMMON	STATE-RESTORE-D		tutorial		『28-B3-22』 기록을 다시 한 번 잘 읽어 보세요.	[{"raw":"28-B3-22","class":"record_key","movable":false,"order_sensitive":true}]							BATCH-PROD-STORY-D	INTEGRATED	b0574768c81b8326dee1f9e5d5877ec773b350b88843d94dfc7d76078ffae2e1	1			
SEG-BASE-F4EBE930D6554B0EAD60	BASE	RES-42D08B5B9BF398C1	data/hint_overrides.gd	table/29-B3-18/restore/2	188	SCENE-RECORD-D	ROUTE-COMMON	STATE-RESTORE-D		tutorial		다카나시는 누구와 함께 있었을까요?	[]							BATCH-PROD-STORY-D	INTEGRATED	49872f1686efb58b2bb8992ca2e7c493938adf16a6e6fcf09a9192edf03c928b	1			
SEG-BASE-7EB78EB107913C88E9A9	BASE	RES-42D08B5B9BF398C1	data/hint_overrides.gd	table/29-B3-18/restore/3	189	SCENE-RECORD-D	ROUTE-COMMON	STATE-RESTORE-D		tutorial		MSG04의 29-??-18을 풀어 보세요.	[{"raw":"29-??-18","class":"record_key","movable":false,"order_sensitive":true}]							BATCH-PROD-STORY-D	INTEGRATED	9c9db50d8fa9015cf986f07ff83ca7c62e85eb25d244c0ff12fd17ba0071af32	1			
SEG-BASE-1E8683BD5EAEB36B7920	BASE	RES-42D08B5B9BF398C1	data/hint_overrides.gd	table/29-B3-18/restore/4	190	SCENE-RECORD-D	ROUTE-COMMON	STATE-RESTORE-D		tutorial		『29-??-18』의 18번을 학생 명단에서 확인해 보세요.	[{"raw":"29-??-18","class":"record_key","movable":false,"order_sensitive":true}]							BATCH-PROD-STORY-D	INTEGRATED	4c00a150a33b27f743fdf392219a5fa7db02d3d943c87f2aecc721eb78b6e10f	1			
SEG-BASE-EC3BA2F8702E2CB2DF6F	BASE	RES-42D08B5B9BF398C1	data/hint_overrides.gd	table/29-B3-18/restore/5	191	SCENE-RECORD-D	ROUTE-COMMON	STATE-RESTORE-D		tutorial		지도를 열고 폐촌의 좌표를 확인해 보세요.	[]							BATCH-PROD-STORY-D	INTEGRATED	98c365dcabc0a15a2937a0ae9f72cef6303622ea5c49607e45a2c48097ec9f20	1			
SEG-BASE-020CD0243C3F47AEEEE4	BASE	RES-42D08B5B9BF398C1	data/hint_overrides.gd	table/29-B3-18/restore/6	192	SCENE-RECORD-D	ROUTE-COMMON	STATE-RESTORE-D		tutorial		다음에 복원할 기록은 『29-B3-18』입니다.	[{"raw":"29-B3-18","class":"record_key","movable":false,"order_sensitive":true}]							BATCH-PROD-STORY-D	INTEGRATED	4e59d7337cdd71fa0ef761dfe3b705cc4a8343225575f8cac5db811fdf1ffad2	1			
SEG-BASE-06FAE14D7BDE513C0EE0	BASE	RES-42D08B5B9BF398C1	data/hint_overrides.gd	table/29-B3-18/confirm/1	193	SCENE-RECORD-D	ROUTE-COMMON	STATE-RESTORE-D		tutorial		『29-B3-18』 기록을 다시 한 번 잘 읽어 보세요.	[{"raw":"29-B3-18","class":"record_key","movable":false,"order_sensitive":true}]							BATCH-PROD-STORY-D	INTEGRATED	609a8575eabd53bd4b8b4a18666972360385e24e7b485590c7039c2f334101ab	1			
SEG-BASE-265E98275AF87CA26C41	BASE	RES-42D08B5B9BF398C1	data/hint_overrides.gd	table/29-B3-18/confirm/2	194	SCENE-RECORD-D	ROUTE-COMMON	STATE-RESTORE-D		tutorial		가노의 손에는 무엇이 들려 있었을까요?	[]							BATCH-PROD-STORY-D	INTEGRATED	a717e413f92591ae9a522f60320d83e8309e0897abd3ca97d43d60a03e5098dc	1			
SEG-BASE-62B8AFED4D9F94AEA1FE	BASE	RES-42D08B5B9BF398C1	data/hint_overrides.gd	table/29-B3-18/confirm/3	195	SCENE-RECORD-D	ROUTE-COMMON	STATE-RESTORE-D		tutorial		정답 ── 사인 『자상으로 인한 사망』 ／ 흉기 『서바이벌 나이프』 ／ 가해자 『가노 렌지』.	[]							BATCH-PROD-STORY-D	INTEGRATED	6ff9dc558dda700bea277a8010b976556c3c37bc8edc54791671b27669c4723c	1			
SEG-BASE-478CDE94AB60DBF9D028	BASE	RES-42D08B5B9BF398C1	data/hint_overrides.gd	table/23-B1-21/restore/1	196	SCENE-RECORD-D	ROUTE-COMMON	STATE-RESTORE-D		tutorial		『24-B3-06』과 『30-D1-32』를 다시 한 번 잘 읽어 보세요.	[{"raw":"24-B3-06","class":"record_key","movable":false,"order_sensitive":true},{"raw":"30-D1-32","class":"record_key","movable":false,"order_sensitive":true}]							BATCH-PROD-STORY-D	INTEGRATED	0ed0243cf4c2297698c9bfc714a41d946d3d061cdb3a46e96bd84bdfbd2ea974	1			
SEG-BASE-EA419ABD2CB039E25D66	BASE	RES-42D08B5B9BF398C1	data/hint_overrides.gd	table/23-B1-21/restore/2	197	SCENE-RECORD-D	ROUTE-COMMON	STATE-RESTORE-D		tutorial		『24-B3-06』에서 이른 아침에 한 명이 사망했다는 걸 알 수 있어요.	[{"raw":"24-B3-06","class":"record_key","movable":false,"order_sensitive":true}]							BATCH-PROD-STORY-D	INTEGRATED	1cf7d0d0d591ea08e5dd1792e8e557313c0baa58956fa491e7bb0f913a3b29f3	1			
SEG-BASE-BBA4A8B44C54774424D1	BASE	RES-42D08B5B9BF398C1	data/hint_overrides.gd	table/23-B1-21/restore/3	198	SCENE-RECORD-D	ROUTE-COMMON	STATE-RESTORE-D		tutorial		『30-D1-32』에서는 아침에 암초 지대에서 나온 인물이 목격됐어요.	[{"raw":"30-D1-32","class":"record_key","movable":false,"order_sensitive":true}]							BATCH-PROD-STORY-D	INTEGRATED	508dbd1e0f176bd01df375b36424851ade3e10c461bc39c9b31f63e179b36a5b	1			
SEG-BASE-CE7A66DF8AC13EBDDA28	BASE	RES-42D08B5B9BF398C1	data/hint_overrides.gd	table/23-B1-21/restore/4	199	SCENE-RECORD-D	ROUTE-COMMON	STATE-RESTORE-D		tutorial		MSG04의 23-??-21을 풀어 보세요.	[{"raw":"23-??-21","class":"record_key","movable":false,"order_sensitive":true}]							BATCH-PROD-STORY-D	INTEGRATED	6967fb0c5231f1e72e322073d12d194241544fb32db153ddf5ee52b98ae325c3	1			
SEG-BASE-D575FF0A86239357D6FC	BASE	RES-42D08B5B9BF398C1	data/hint_overrides.gd	table/23-B1-21/restore/5	200	SCENE-RECORD-D	ROUTE-COMMON	STATE-RESTORE-D		tutorial		『23-??-21』의 21번을 학생 명단에서 확인해 보세요.	[{"raw":"23-??-21","class":"record_key","movable":false,"order_sensitive":true}]							BATCH-PROD-STORY-D	INTEGRATED	883b10c9872a485d49d62f63fcd3ad245c6a0813c133b9588d7ebaf31276655d	1			
SEG-BASE-24A692429DD177F7D40A	BASE	RES-42D08B5B9BF398C1	data/hint_overrides.gd	table/23-B1-21/restore/6	201	SCENE-RECORD-D	ROUTE-COMMON	STATE-RESTORE-D		tutorial		지도를 열고 암초 지대의 좌표를 확인해 보세요.	[]							BATCH-PROD-STORY-D	INTEGRATED	8d6c1bc6dc0f1213e6413020da34d6c76e5e75bd1d8be3e3463fc78165ebfffd	1			
SEG-BASE-C16AC69D4ABDC8BA52D7	BASE	RES-42D08B5B9BF398C1	data/hint_overrides.gd	table/23-B1-21/restore/7	202	SCENE-RECORD-D	ROUTE-COMMON	STATE-RESTORE-D		tutorial		다음에 복원할 기록은 『23-B1-21』입니다.	[{"raw":"23-B1-21","class":"record_key","movable":false,"order_sensitive":true}]							BATCH-PROD-STORY-D	INTEGRATED	f7ee9377fd0f4ab3754c5d6dd673a8e26f157fe915b3978d94c7b9cfdf67ff2d	1			
SEG-BASE-2994169ED4B6E369EB90	BASE	RES-42D08B5B9BF398C1	data/hint_overrides.gd	table/23-B1-21/confirm/1	203	SCENE-RECORD-D	ROUTE-COMMON	STATE-RESTORE-D		tutorial		『23-B1-21』 기록을 다시 한 번 잘 읽어 보세요.	[{"raw":"23-B1-21","class":"record_key","movable":false,"order_sensitive":true}]							BATCH-PROD-STORY-D	INTEGRATED	cdda19480cde8a3a6a9c2283c889bd7ae5099f5c23878fe7e56f51beb4c3f729	1			
SEG-BASE-6C907C1F41F8A2CDE46B	BASE	RES-42D08B5B9BF398C1	data/hint_overrides.gd	table/23-B1-21/confirm/3	204	SCENE-RECORD-D	ROUTE-COMMON	STATE-RESTORE-D		tutorial		정답 ── 사인 『참살』 ／ 흉기 『나타』 ／ 가해자 『가노 렌지』.	[]							BATCH-PROD-STORY-D	INTEGRATED	fb6b5ae7a1abf4cc03c945bf9884911306b71dc28f0fd257d80f6b5c5521a73f	1			
SEG-BASE-E296B64F6D40C8528F56	BASE	RES-42D08B5B9BF398C1	data/hint_overrides.gd	table/21-E2-17/restore/1	205	SCENE-RECORD-E	ROUTE-COMMON	STATE-RESTORE-E		tutorial		『20-E2-41』을 다시 잘 읽어 보세요.	[{"raw":"20-E2-41","class":"record_key","movable":false,"order_sensitive":true}]							BATCH-PROD-STORY-E1	INTEGRATED	2e8e1c790b26e084a3bfdf9eb089524a25bd5a70b8b400919190af46d365ecef	1			
SEG-BASE-3AA4111291F37F735679	BASE	RES-42D08B5B9BF398C1	data/hint_overrides.gd	table/21-E2-17/restore/2	206	SCENE-RECORD-E	ROUTE-COMMON	STATE-RESTORE-E		tutorial		『00-ROLL』에는 첫째 날의 사망자가 적혀 있습니다. 그중 아직 확정되지 않은 사망자는 누구일까요?	[{"raw":"00-ROLL","class":"record_key","movable":false,"order_sensitive":true}]							BATCH-PROD-STORY-E1	INTEGRATED	3353326cc0d5612885a9731887a168904d5f1bb3571a0f5d1d5a2ed32563d1ea	1			
SEG-BASE-D432EE5224250DF293D5	BASE	RES-42D08B5B9BF398C1	data/hint_overrides.gd	table/21-E2-17/restore/4	207	SCENE-RECORD-E	ROUTE-COMMON	STATE-RESTORE-E		tutorial		다음으로 복원할 기록은 『21-E2-17』입니다.	[{"raw":"21-E2-17","class":"record_key","movable":false,"order_sensitive":true}]							BATCH-PROD-STORY-E1	INTEGRATED	87ff622a3fd32654d00dedc4564f16e74eb6254badb0c7f383eb151fc2968ff5	1			
SEG-BASE-2C357836CD3417578173	BASE	RES-42D08B5B9BF398C1	data/hint_overrides.gd	table/21-E2-17/confirm/1	208	SCENE-RECORD-E	ROUTE-COMMON	STATE-RESTORE-E		tutorial		『21-E2-17』을 다시 한번 잘 읽어 보세요.	[{"raw":"21-E2-17","class":"record_key","movable":false,"order_sensitive":true}]							BATCH-PROD-STORY-E1	INTEGRATED	ea82c11d84f43601eaf2c8eaf5c3eed3b23d406258f991e8831238f1076ef1ac	1			
SEG-BASE-5EA72F63EF11F148A994	BASE	RES-42D08B5B9BF398C1	data/hint_overrides.gd	table/21-E2-17/confirm/2	209	SCENE-RECORD-E	ROUTE-COMMON	STATE-RESTORE-E		tutorial		정답 ── 사인 『사살』 ／ 흉기 『석궁』 ／ 가해자 『와다 리오』.	[]							BATCH-PROD-STORY-E1	INTEGRATED	6c1ae23d59200435d0fde47085a4365ad8dc2ed2e920ce2e96713401e846c72f	1			
SEG-BASE-326FCE1A51AC5608D09C	BASE	RES-42D08B5B9BF398C1	data/hint_overrides.gd	table/22-E2-10/restore/1	210	SCENE-RECORD-E	ROUTE-COMMON	STATE-RESTORE-E		tutorial		『21-E2-17』을 다시 잘 읽어 보세요.	[{"raw":"21-E2-17","class":"record_key","movable":false,"order_sensitive":true}]							BATCH-PROD-STORY-E1	INTEGRATED	6fa14d24ffd31303820281dad60968a07a6293782764f65a742887cba35da2d4	1			
SEG-BASE-EA95A307381F342E1145	BASE	RES-42D08B5B9BF398C1	data/hint_overrides.gd	table/22-E2-10/restore/2	211	SCENE-RECORD-E	ROUTE-COMMON	STATE-RESTORE-E		tutorial		『00-ROLL』에는 첫째 날의 사망자가 적혀 있습니다. 그중 아직 확정되지 않은 사망자는 누구일까요?	[{"raw":"00-ROLL","class":"record_key","movable":false,"order_sensitive":true}]							BATCH-PROD-STORY-E1	INTEGRATED	3353326cc0d5612885a9731887a168904d5f1bb3571a0f5d1d5a2ed32563d1ea	1			
SEG-BASE-CC72CD85918A4A667758	BASE	RES-42D08B5B9BF398C1	data/hint_overrides.gd	table/22-E2-10/restore/3	212	SCENE-RECORD-E	ROUTE-COMMON	STATE-RESTORE-E		tutorial		『마오』를 명부에서 찾아보세요.	[]							BATCH-PROD-STORY-E1	INTEGRATED	6248a812ce949a8ca1a113ebcd8329263ca72a6fec1ced99c2448670acd4964e	1			
SEG-BASE-3018D99AB5DD2D4F9D11	BASE	RES-42D08B5B9BF398C1	data/hint_overrides.gd	table/22-E2-10/restore/4	213	SCENE-RECORD-E	ROUTE-COMMON	STATE-RESTORE-E		tutorial		다음으로 복원할 기록은 『22-E2-10』입니다.	[{"raw":"22-E2-10","class":"record_key","movable":false,"order_sensitive":true}]							BATCH-PROD-STORY-E1	INTEGRATED	0879e2b771bf22b9d5ba6f74053698d836a4146c88c026506c04ebba5afb365e	1			
SEG-BASE-026D6F179011F6187941	BASE	RES-42D08B5B9BF398C1	data/hint_overrides.gd	table/22-E2-10/confirm/1	214	SCENE-RECORD-E	ROUTE-COMMON	STATE-RESTORE-E		tutorial		『22-E2-10』을 다시 한번 잘 읽어 보세요.	[{"raw":"22-E2-10","class":"record_key","movable":false,"order_sensitive":true}]							BATCH-PROD-STORY-E1	INTEGRATED	c596ecf8558f5b3b9fedd558c44c740f11585c854f2acb8be5ae501e6e409695	1			
SEG-BASE-0FF4AFC6FAE083916FCB	BASE	RES-42D08B5B9BF398C1	data/hint_overrides.gd	table/22-E2-10/confirm/2	215	SCENE-RECORD-E	ROUTE-COMMON	STATE-RESTORE-E		tutorial		타살이 아닙니다.	[]							BATCH-PROD-STORY-E1	INTEGRATED	b930429a76a318081c31ff0bc68aafbbe26ec49c6109a189e4fec28c2afd07ce	1			
SEG-BASE-DF2282DB8B7945C88E73	BASE	RES-42D08B5B9BF398C1	data/hint_overrides.gd	table/22-E2-10/confirm/3	216	SCENE-RECORD-E	ROUTE-COMMON	STATE-RESTORE-E		tutorial		정답 ── 사인 『폭사』.	[]							BATCH-PROD-STORY-E1	INTEGRATED	377668966b968b0b594ed1e0578f5f4c575e4c683e4b5f333c581d3dd5f1db4e	1			
SEG-BASE-DE42CF888C1A9FC978C5	BASE	RES-42D08B5B9BF398C1	data/hint_overrides.gd	table/32-B2-12/restore/1	217	SCENE-RECORD-E	ROUTE-COMMON	STATE-RESTORE-E		tutorial		수신한 MSG05를 다시 읽어 보세요. 다음에 복원할 기록명의 단서가 적혀 있습니다.	[]							BATCH-PROD-STORY-E1	INTEGRATED	3118a74e96afec02a21dceeab1fe6d9d91e629d24b2baa9b916c220db7aed0fe	1			
SEG-BASE-2BD1397BB3D5E657AD4D	BASE	RES-42D08B5B9BF398C1	data/hint_overrides.gd	table/32-B2-12/restore/2	218	SCENE-RECORD-E	ROUTE-COMMON	STATE-RESTORE-E		tutorial		다음으로 복원할 기록은 『32-B2-12』입니다.	[{"raw":"32-B2-12","class":"record_key","movable":false,"order_sensitive":true}]							BATCH-PROD-STORY-E1	INTEGRATED	7251e8ecbf12367de775fd8e08c2aab2d8a5929641866614a05861468d71c1f7	1			
SEG-BASE-9800C93D9C77CA5D9A55	BASE	RES-42D08B5B9BF398C1	data/hint_overrides.gd	table/32-B2-12/confirm/1	219	SCENE-RECORD-E	ROUTE-COMMON	STATE-RESTORE-E		tutorial		『33-B2-03』을 다시 한번 잘 읽어 보세요.	[{"raw":"33-B2-03","class":"record_key","movable":false,"order_sensitive":true}]							BATCH-PROD-STORY-E1	INTEGRATED	d3126637c232a692712626fc144fd457aaea1201ccf7551229e42a75e73117d1	1			
SEG-BASE-E7EC836499B59206022C	BASE	RES-42D08B5B9BF398C1	data/hint_overrides.gd	table/32-B2-12/confirm/2	220	SCENE-RECORD-E	ROUTE-COMMON	STATE-RESTORE-E		tutorial		현재 아이스픽을 가지고 있는 인물은 누구일까요?	[]							BATCH-PROD-STORY-E1	INTEGRATED	02bd63cc98564cb1f3ae52cd5f2c74752611d9e0f49957d1d9a662270acb6be6	1			
SEG-BASE-EC2F9A17C42567C27B33	BASE	RES-42D08B5B9BF398C1	data/hint_overrides.gd	table/32-B2-12/confirm/3	221	SCENE-RECORD-E	ROUTE-COMMON	STATE-RESTORE-E		tutorial		정답 ── 사인 『자상으로 인한 사망』 ／ 흉기 『아이스픽』 ／ 가해자 『가노 렌지』.	[]							BATCH-PROD-STORY-E1	INTEGRATED	ab7b2a3f0fe86b3ec32892462b34fff7a1e5e486b1a5cd4c825580dabd20d7dc	1			
SEG-BASE-E5A995DA7277C937FFC5	BASE	RES-42D08B5B9BF398C1	data/hint_overrides.gd	table/31-B2-19/restore/1	222	SCENE-RECORD-E	ROUTE-COMMON	STATE-RESTORE-E		tutorial		『32-B2-12』을 다시 잘 읽어 보세요.	[{"raw":"32-B2-12","class":"record_key","movable":false,"order_sensitive":true}]							BATCH-PROD-STORY-E1	INTEGRATED	b92d066470f49838aa4d79e72cbec39d49b90db8f4fe593956efc31e6c402720	1			
SEG-BASE-C47FFBFDB6F50E749A2F	BASE	RES-42D08B5B9BF398C1	data/hint_overrides.gd	table/31-B2-19/restore/2	223	SCENE-RECORD-E	ROUTE-COMMON	STATE-RESTORE-E		tutorial		현재 호신용 경보기를 가지고 있는 인물은 누구일까요?	[]							BATCH-PROD-STORY-E1	INTEGRATED	7caa242fb00afdfdbd540c4e796decff8f718a9b3ba71af6a9e132f5cc5f4a2d	1			
SEG-BASE-7699F18574F639ED2F0E	BASE	RES-42D08B5B9BF398C1	data/hint_overrides.gd	table/31-B2-19/restore/3	224	SCENE-RECORD-E	ROUTE-COMMON	STATE-RESTORE-E		tutorial		쓰러져 있던 사람은 호신용 경보기를 가지고 있었습니다.	[]							BATCH-PROD-STORY-E1	INTEGRATED	4885b3e3501ae51a97f50935c9df57663ed3a866565ef576c13c3419f3f0cdcd	1			
SEG-BASE-48EE6BD27FC489B34E4F	BASE	RES-42D08B5B9BF398C1	data/hint_overrides.gd	table/31-B2-19/restore/4	225	SCENE-RECORD-E	ROUTE-COMMON	STATE-RESTORE-E		tutorial		다음으로 복원할 기록은 『31-B2-19』입니다.	[{"raw":"31-B2-19","class":"record_key","movable":false,"order_sensitive":true}]							BATCH-PROD-STORY-E1	INTEGRATED	3fe01d788c68578b07e6799295a22a6ef9b490f3c1b52f30b8047bb018fbe467	1			
SEG-BASE-F6DAFE1897307864C9CB	BASE	RES-42D08B5B9BF398C1	data/hint_overrides.gd	table/31-B2-19/confirm/1	226	SCENE-RECORD-E	ROUTE-COMMON	STATE-RESTORE-E		tutorial		『31-B2-19』을 다시 한번 잘 읽어 보세요.	[{"raw":"31-B2-19","class":"record_key","movable":false,"order_sensitive":true}]							BATCH-PROD-STORY-E1	INTEGRATED	e7367340fd91f33b7d2826e67420750d0d004cfa78e73647bacd4194c4094b57	1			
SEG-BASE-D5DFB0138BAF15EFED27	BASE	RES-42D08B5B9BF398C1	data/hint_overrides.gd	table/31-B2-19/confirm/2	227	SCENE-RECORD-E	ROUTE-COMMON	STATE-RESTORE-E		tutorial		현재 아이스픽을 가지고 있는 인물은 누구일까요?	[]							BATCH-PROD-STORY-E1	INTEGRATED	02bd63cc98564cb1f3ae52cd5f2c74752611d9e0f49957d1d9a662270acb6be6	1			
SEG-BASE-D6C2BBC69C7B1E11C553	BASE	RES-42D08B5B9BF398C1	data/hint_overrides.gd	table/31-B2-19/confirm/3	228	SCENE-RECORD-E	ROUTE-COMMON	STATE-RESTORE-E		tutorial		정답 ── 사인 『자상으로 인한 사망』 ／ 흉기 『아이스픽』 ／ 가해자 『가노 렌지』.	[]							BATCH-PROD-STORY-E1	INTEGRATED	ab7b2a3f0fe86b3ec32892462b34fff7a1e5e486b1a5cd4c825580dabd20d7dc	1			
SEG-BASE-DBE7A0CC5B0886A5BF40	BASE	RES-42D08B5B9BF398C1	data/hint_overrides.gd	table/33-B2-03/restore/1	229	SCENE-RECORD-E	ROUTE-COMMON	STATE-RESTORE-E		tutorial		『31-B2-19』과 『32-B2-12』를 다시 잘 읽어 보세요.	[{"raw":"31-B2-19","class":"record_key","movable":false,"order_sensitive":true},{"raw":"32-B2-12","class":"record_key","movable":false,"order_sensitive":true}]							BATCH-PROD-STORY-E1	INTEGRATED	478a3d6fb58dc13067cab6fccba2d29a4d552e7afddd45c347c7a7f0c3f5dd87	1			
SEG-BASE-6501CC55B1B6D707B940	BASE	RES-42D08B5B9BF398C1	data/hint_overrides.gd	table/33-B2-03/restore/2	230	SCENE-RECORD-E	ROUTE-COMMON	STATE-RESTORE-E		tutorial		구도와 함께 온 손전등을 들고 있는 인물은 누구일까요?	[]							BATCH-PROD-STORY-E1	INTEGRATED	feb52ec694481b3f0b85e5091b994e923ad7598d4916bfc89667e35e95843308	1			
SEG-BASE-159EE22B7A66F97E94AD	BASE	RES-42D08B5B9BF398C1	data/hint_overrides.gd	table/33-B2-03/restore/3	231	SCENE-RECORD-E	ROUTE-COMMON	STATE-RESTORE-E		tutorial		습격자는 누구일까요? 살아서 도망칠 만큼 만만해 보이지는 않습니다.	[]							BATCH-PROD-STORY-E1	INTEGRATED	d46292fed69243e77a15e5cc2a8fca0fac1a50700b260da1b68a061022ee4b02	1			
SEG-BASE-9BCCC9C5420274444141	BASE	RES-42D08B5B9BF398C1	data/hint_overrides.gd	table/33-B2-03/restore/4	232	SCENE-RECORD-E	ROUTE-COMMON	STATE-RESTORE-E		tutorial		다음으로 복원할 기록은 『33-B2-03』입니다.	[{"raw":"33-B2-03","class":"record_key","movable":false,"order_sensitive":true}]							BATCH-PROD-STORY-E1	INTEGRATED	c8a3d0c6e7874488a8427d2334d337a2bf2ff4d934a871bdf3da754ab87ad9ae	1			
SEG-BASE-B60892BC4CC0E4E74FF4	BASE	RES-42D08B5B9BF398C1	data/hint_overrides.gd	table/33-B2-03/confirm/1	233	SCENE-RECORD-E	ROUTE-COMMON	STATE-RESTORE-E		tutorial		『33-B2-03』을 다시 한번 잘 읽어 보세요.	[{"raw":"33-B2-03","class":"record_key","movable":false,"order_sensitive":true}]							BATCH-PROD-STORY-E1	INTEGRATED	d3126637c232a692712626fc144fd457aaea1201ccf7551229e42a75e73117d1	1			
SEG-BASE-4ED532044FED7B480D92	BASE	RES-42D08B5B9BF398C1	data/hint_overrides.gd	table/33-B2-03/confirm/2	234	SCENE-RECORD-E	ROUTE-COMMON	STATE-RESTORE-E		tutorial		현재 리볼버를 가지고 있는 인물은 누구일까요?	[]							BATCH-PROD-STORY-E1	INTEGRATED	4746ebef8017a7bbfe85cdf41cf2afbf249dff5d439db280a207e3f6dada8619	1			
SEG-BASE-BF2AB1F29C3C9775FACD	BASE	RES-42D08B5B9BF398C1	data/hint_overrides.gd	table/33-B2-03/confirm/3	235	SCENE-RECORD-E	ROUTE-COMMON	STATE-RESTORE-E		tutorial		정답 ── 사인 『사살』 ／ 흉기 『리볼버』 ／ 가해자 『고미네 가즈마』.	[]							BATCH-PROD-STORY-E1	INTEGRATED	b4a55b5caa3c98cd17002b9fcf17f191171a8c5f1773609e3ebd4743becfcf4e	1			
SEG-BASE-16A298E2881A82838C8B	BASE	RES-42D08B5B9BF398C1	data/hint_overrides.gd	table/39-D1-38/restore/1	236	SCENE-RECORD-E	ROUTE-COMMON	STATE-RESTORE-E		tutorial		수신한 MSG05를 다시 읽어 보세요. 다음에 복원해야 할 기록명의 단서가 적혀 있습니다.	[]							BATCH-PROD-STORY-E2	INTEGRATED	3118a74e96afec02a21dceeab1fe6d9d91e629d24b2baa9b916c220db7aed0fe	1			
SEG-BASE-2062527BB6A8AA0ED6CB	BASE	RES-42D08B5B9BF398C1	data/hint_overrides.gd	table/39-D1-38/restore/3	237	SCENE-RECORD-E	ROUTE-COMMON	STATE-RESTORE-E		tutorial		다음에 복원할 기록은 『39-D1-38』입니다.	[{"raw":"39-D1-38","class":"record_key","movable":false,"order_sensitive":true}]							BATCH-PROD-STORY-E2	INTEGRATED	453da16eb7e378f226b6d358d7ab73ef05cf031aa56abb8b2f778fec8eee6787	1			
SEG-BASE-8E3078132AA0158FBAE7	BASE	RES-42D08B5B9BF398C1	data/hint_overrides.gd	table/39-D1-38/confirm/1	238	SCENE-RECORD-E	ROUTE-COMMON	STATE-RESTORE-E		tutorial		『39-D1-38』을 다시 한 번 잘 읽어 보세요.	[{"raw":"39-D1-38","class":"record_key","movable":false,"order_sensitive":true}]							BATCH-PROD-STORY-E2	INTEGRATED	1795d9c3d5e2536488e58510971ae59c9b772a9f2842ca984345dbbcf2705a41	1			
SEG-BASE-93D511CD63FA9F95B60B	BASE	RES-42D08B5B9BF398C1	data/hint_overrides.gd	table/39-D1-38/confirm/2	239	SCENE-RECORD-E	ROUTE-COMMON	STATE-RESTORE-E		tutorial		이건 타살이 아닙니다.	[]							BATCH-PROD-STORY-E2	INTEGRATED	b930429a76a318081c31ff0bc68aafbbe26ec49c6109a189e4fec28c2afd07ce	1			
SEG-BASE-D0452CCF94A7F7112138	BASE	RES-42D08B5B9BF398C1	data/hint_overrides.gd	table/39-D1-38/confirm/3	240	SCENE-RECORD-E	ROUTE-COMMON	STATE-RESTORE-E		tutorial		『00-REPORT』를 읽어 보세요.	[{"raw":"00-REPORT","class":"record_key","movable":false,"order_sensitive":true}]							BATCH-PROD-STORY-E2	INTEGRATED	2f92580bd5d9f419be020686a1ebe0203889e42aae12d2518b17a35b9c425723	1			
SEG-BASE-45AE7384FD74AC88FD47	BASE	RES-42D08B5B9BF398C1	data/hint_overrides.gd	table/39-D1-38/confirm/4	241	SCENE-RECORD-E	ROUTE-COMMON	STATE-RESTORE-E		tutorial		정답 ── 사인 『추락사』.	[]							BATCH-PROD-STORY-E2	INTEGRATED	02a4431a67cf8ea8174ee196bdfe8c045ccfb2aff2a8f39f8e01c5a9593693f7	1			
SEG-BASE-5344D37CFA357CC37FAC	BASE	RES-42D08B5B9BF398C1	data/hint_overrides.gd	table/37-D1-25/restore/1	242	SCENE-RECORD-E	ROUTE-COMMON	STATE-RESTORE-E		tutorial		『39-D1-38』을 다시 한 번 잘 읽어 보세요.	[{"raw":"39-D1-38","class":"record_key","movable":false,"order_sensitive":true}]							BATCH-PROD-STORY-E2	INTEGRATED	ebf7b188019f98c700862e203e9764a94907c3d0f2ea1ec0c3ebe6636e53f608	1			
SEG-BASE-15A36A0A6E7A22706C0C	BASE	RES-42D08B5B9BF398C1	data/hint_overrides.gd	table/37-D1-25/restore/2	243	SCENE-RECORD-E	ROUTE-COMMON	STATE-RESTORE-E		tutorial		사망 순서에 주의하세요. 가장 먼저 떨어진 사람은 누구일까요?	[]							BATCH-PROD-STORY-E2	INTEGRATED	33a67a42d0d2ead178cb5845c6173ce04f05f0a12a9c63f94f5d33e1bb526fbb	1			
SEG-BASE-B16322454A6A482C7850	BASE	RES-42D08B5B9BF398C1	data/hint_overrides.gd	table/37-D1-25/restore/3	244	SCENE-RECORD-E	ROUTE-COMMON	STATE-RESTORE-E		tutorial		『39-D1-38』에서 역산하면 몇 번째 사망자일까요?	[{"raw":"39-D1-38","class":"record_key","movable":false,"order_sensitive":true}]							BATCH-PROD-STORY-E2	INTEGRATED	27eb3edd312781f416cad60db22050d8a4aa4666d04900a3f81bde33b092e283	1			
SEG-BASE-72CEB25F2DB88F45D66E	BASE	RES-42D08B5B9BF398C1	data/hint_overrides.gd	table/37-D1-25/restore/4	245	SCENE-RECORD-E	ROUTE-COMMON	STATE-RESTORE-E		tutorial		다음에 복원할 기록은 『37-D1-25』입니다.	[{"raw":"37-D1-25","class":"record_key","movable":false,"order_sensitive":true}]							BATCH-PROD-STORY-E2	INTEGRATED	64f81770fa485549331687fba2109bd27927ef301765bc76f84cb02ffbb28362	1			
SEG-BASE-649BAF1A3B308B8C3568	BASE	RES-42D08B5B9BF398C1	data/hint_overrides.gd	table/37-D1-25/confirm/1	246	SCENE-RECORD-E	ROUTE-COMMON	STATE-RESTORE-E		tutorial		『37-D1-25』를 다시 한 번 잘 읽어 보세요.	[{"raw":"37-D1-25","class":"record_key","movable":false,"order_sensitive":true}]							BATCH-PROD-STORY-E2	INTEGRATED	a46c210f1b77797f091cdf03fd64e18231151559760c011cba3b81b708593a88	1			
SEG-BASE-FF46C5D7581C6481121C	BASE	RES-42D08B5B9BF398C1	data/hint_overrides.gd	table/37-D1-25/confirm/2	247	SCENE-RECORD-E	ROUTE-COMMON	STATE-RESTORE-E		tutorial		『00-REPORT』를 다시 한 번 잘 읽어 보세요.	[{"raw":"00-REPORT","class":"record_key","movable":false,"order_sensitive":true}]							BATCH-PROD-STORY-E2	INTEGRATED	ef7be6db634ee2af0593f6d7845263783d66a91110d23c74420adc72f3e1b72c	1			
SEG-BASE-C276F9D040866CC84931	BASE	RES-42D08B5B9BF398C1	data/hint_overrides.gd	table/37-D1-25/confirm/3	248	SCENE-RECORD-E	ROUTE-COMMON	STATE-RESTORE-E		tutorial		흉기를 사용하지 않은 가해입니다.	[]							BATCH-PROD-STORY-E2	INTEGRATED	478efd2dc9a7536eb99b993103a64dcc78de2e524565e5142cea0153a7c2b2df	1			
SEG-BASE-B312FCA204153DC6493E	BASE	RES-42D08B5B9BF398C1	data/hint_overrides.gd	table/37-D1-25/confirm/4	249	SCENE-RECORD-E	ROUTE-COMMON	STATE-RESTORE-E		tutorial		정답 ── 사인 『추락사』 ／ 가해자 『혼다 호타루』.	[]							BATCH-PROD-STORY-E2	INTEGRATED	ed9d95d63dd7bbfd6da027c7970a08e4246cbe3caa6bec0fb444c63ea7fafdb3	1			
SEG-BASE-89BD1B2BABD7939B0E9E	BASE	RES-42D08B5B9BF398C1	data/hint_overrides.gd	table/38-D1-40/restore/1	250	SCENE-RECORD-E	ROUTE-COMMON	STATE-RESTORE-E		tutorial		『39-D1-38』을 다시 한 번 잘 읽어 보세요.	[{"raw":"39-D1-38","class":"record_key","movable":false,"order_sensitive":true}]							BATCH-PROD-STORY-E2	INTEGRATED	ebf7b188019f98c700862e203e9764a94907c3d0f2ea1ec0c3ebe6636e53f608	1			
SEG-BASE-818B6E6896BBC02F848C	BASE	RES-42D08B5B9BF398C1	data/hint_overrides.gd	table/38-D1-40/restore/2	251	SCENE-RECORD-E	ROUTE-COMMON	STATE-RESTORE-E		tutorial		네 사람 모두 연극부입니다.	[]							BATCH-PROD-STORY-E2	INTEGRATED	260d1ba7b983dda1a8e2dd18c31c53ea9571a19660504c3c33cd624877c56206	1			
SEG-BASE-8028E570C2FDCE87BFC7	BASE	RES-42D08B5B9BF398C1	data/hint_overrides.gd	table/38-D1-40/restore/3	252	SCENE-RECORD-E	ROUTE-COMMON	STATE-RESTORE-E		tutorial		기록에 이름이 나오지 않은 연극부원은 누구일까요?	[]							BATCH-PROD-STORY-E2	INTEGRATED	1205b5c8c8666314cba0064b275937ad4023a9324aba63ff7c840c3ecb09b433	1			
SEG-BASE-A3B2CC88AA1894B79C99	BASE	RES-42D08B5B9BF398C1	data/hint_overrides.gd	table/38-D1-40/restore/4	253	SCENE-RECORD-E	ROUTE-COMMON	STATE-RESTORE-E		tutorial		다음에 복원할 기록은 『38-D1-40』입니다.	[{"raw":"38-D1-40","class":"record_key","movable":false,"order_sensitive":true}]							BATCH-PROD-STORY-E2	INTEGRATED	beb829e31299f30676ddfeabd8c0636d952708d0f244a0469eac171ce7b47e4f	1			
SEG-BASE-6605EB760B68D79BE26A	BASE	RES-42D08B5B9BF398C1	data/hint_overrides.gd	table/38-D1-40/confirm/1	254	SCENE-RECORD-E	ROUTE-COMMON	STATE-RESTORE-E		tutorial		『38-D1-40』를 다시 한 번 잘 읽어 보세요.	[{"raw":"38-D1-40","class":"record_key","movable":false,"order_sensitive":true}]							BATCH-PROD-STORY-E2	INTEGRATED	684274fc1efa96fc96b32a99058b96b74e9124a0ded1bbea4ba9396de81ef276	1			
SEG-BASE-6A0FC65929BB0044B4CB	BASE	RES-42D08B5B9BF398C1	data/hint_overrides.gd	table/38-D1-40/confirm/2	255	SCENE-RECORD-E	ROUTE-COMMON	STATE-RESTORE-E		tutorial		『00-REPORT』를 다시 한 번 잘 읽어 보세요.	[{"raw":"00-REPORT","class":"record_key","movable":false,"order_sensitive":true}]							BATCH-PROD-STORY-E2	INTEGRATED	ef7be6db634ee2af0593f6d7845263783d66a91110d23c74420adc72f3e1b72c	1			
SEG-BASE-9629BE7AFD5C5B73D0A0	BASE	RES-42D08B5B9BF398C1	data/hint_overrides.gd	table/38-D1-40/confirm/3	256	SCENE-RECORD-E	ROUTE-COMMON	STATE-RESTORE-E		tutorial		흉기를 사용하지 않은 가해입니다.	[]							BATCH-PROD-STORY-E2	INTEGRATED	478efd2dc9a7536eb99b993103a64dcc78de2e524565e5142cea0153a7c2b2df	1			
SEG-BASE-F9FE61020457A741B0EF	BASE	RES-42D08B5B9BF398C1	data/hint_overrides.gd	table/38-D1-40/confirm/4	257	SCENE-RECORD-E	ROUTE-COMMON	STATE-RESTORE-E		tutorial		정답 ── 사인 『추락사』 ／ 가해자 『야기 소라』.	[]							BATCH-PROD-STORY-E2	INTEGRATED	4cd881783054340382bbeebb5d613dba092dc875d18a68b6ef2cf02509da0436	1			
SEG-BASE-0AD54E22E17713913608	BASE	RES-42D08B5B9BF398C1	data/hint_overrides.gd	table/40-D1-33/restore/1	258	SCENE-RECORD-E	ROUTE-COMMON	STATE-RESTORE-E		tutorial		『39-D1-38』을 다시 한 번 잘 읽어 보세요.	[{"raw":"39-D1-38","class":"record_key","movable":false,"order_sensitive":true}]							BATCH-PROD-STORY-E2	INTEGRATED	ebf7b188019f98c700862e203e9764a94907c3d0f2ea1ec0c3ebe6636e53f608	1			
SEG-BASE-1B7572B8EC539E307C37	BASE	RES-42D08B5B9BF398C1	data/hint_overrides.gd	table/40-D1-33/restore/2	259	SCENE-RECORD-E	ROUTE-COMMON	STATE-RESTORE-E		tutorial		연극부 생존자는 누구일까요?	[]							BATCH-PROD-STORY-E2	INTEGRATED	cf55e41748b0539d0101c795d30377ef52e22f23d3185d0489b0dcc1b1c3f40a	1			
SEG-BASE-1BF17D78853AB8CF2654	BASE	RES-42D08B5B9BF398C1	data/hint_overrides.gd	table/40-D1-33/restore/3	260	SCENE-RECORD-E	ROUTE-COMMON	STATE-RESTORE-E		tutorial		금지 구역 안에 있어서, 도망칠 여유는 없어 보입니다.	[]							BATCH-PROD-STORY-E2	INTEGRATED	b4296750e9732faced5e7d978b714896d044fd28af59365774f74f4ace83d67b	1			
SEG-BASE-D966766F8B520645B650	BASE	RES-42D08B5B9BF398C1	data/hint_overrides.gd	table/40-D1-33/restore/4	261	SCENE-RECORD-E	ROUTE-COMMON	STATE-RESTORE-E		tutorial		이번 적성 선별에서는 생존자 없음으로 보고되었습니다.	[]							BATCH-PROD-STORY-E2	INTEGRATED	572c1918cb9ca6d260aac8ff209ffae92e44d7f7ae8aadf786bfbcef26411092	1			
SEG-BASE-9DF68090CFED157FFA7E	BASE	RES-42D08B5B9BF398C1	data/hint_overrides.gd	table/40-D1-33/restore/5	262	SCENE-RECORD-E	ROUTE-COMMON	STATE-RESTORE-E		tutorial		다음에 복원할 기록은 『40-D1-33』입니다.	[{"raw":"40-D1-33","class":"record_key","movable":false,"order_sensitive":true}]							BATCH-PROD-STORY-E2	INTEGRATED	5af93245525a993e43ba41c5b8ff525b671ec64e8deaf97db0bdc95a6b97227c	1			
SEG-BASE-10E75FA45083E8833911	BASE	RES-42D08B5B9BF398C1	data/hint_overrides.gd	table/40-D1-33/confirm/1	263	SCENE-RECORD-E	ROUTE-COMMON	STATE-RESTORE-E		tutorial		『40-D1-33』을 다시 한 번 잘 읽어 보세요.	[{"raw":"40-D1-33","class":"record_key","movable":false,"order_sensitive":true}]							BATCH-PROD-STORY-E2	INTEGRATED	8eb8cefe520497831c70d4633b503af7fd95162a497048467124d1828bb7d0d4	1			
SEG-BASE-6DA8B0BB1CF080767954	BASE	RES-42D08B5B9BF398C1	data/hint_overrides.gd	table/40-D1-33/confirm/2	264	SCENE-RECORD-E	ROUTE-COMMON	STATE-RESTORE-E		tutorial		이건 타살이 아닙니다.	[]							BATCH-PROD-STORY-E2	INTEGRATED	b930429a76a318081c31ff0bc68aafbbe26ec49c6109a189e4fec28c2afd07ce	1			
SEG-BASE-9BEF5A1CD6E6E81A2765	BASE	RES-42D08B5B9BF398C1	data/hint_overrides.gd	table/40-D1-33/confirm/3	265	SCENE-RECORD-E	ROUTE-COMMON	STATE-RESTORE-E		tutorial		정답 ── 사인 『폭사』.	[]							BATCH-PROD-STORY-E2	INTEGRATED	377668966b968b0b594ed1e0578f5f4c575e4c683e4b5f333c581d3dd5f1db4e	1			
SEG-BASE-7FF0E8E6D1851651ABA2	BASE	RES-42D08B5B9BF398C1	data/hint_overrides.gd	table/36-B4-39/restore/1	266	SCENE-RECORD-E	ROUTE-COMMON	STATE-RESTORE-E		tutorial		『30-D1-32』, 『37-D1-25』, 『39-D1-38』를 다시 잘 읽어 보세요.	[{"raw":"30-D1-32","class":"record_key","movable":false,"order_sensitive":true},{"raw":"37-D1-25","class":"record_key","movable":false,"order_sensitive":true},{"raw":"39-D1-38","class":"record_key","movable":false,"order_sensitive":true}]							BATCH-PROD-STORY-E2	INTEGRATED	bc2d5b46e8e83a40f28205346236a1f821ea3954fd82cb9ec67feec11da5e7e4	1			
SEG-BASE-9C4A56ABE8FF4B55B679	BASE	RES-42D08B5B9BF398C1	data/hint_overrides.gd	table/36-B4-39/restore/2	267	SCENE-RECORD-E	ROUTE-COMMON	STATE-RESTORE-E		tutorial		정시 방송을 통해 어떤 인물이 사망했다는 사실이 밝혀집니다.	[]							BATCH-PROD-STORY-E2	INTEGRATED	8848df6226a447c5bfc6d6b6d6613aeb3d0f5defcedab791e156621dd08fd6bf	1			
SEG-BASE-9E62725D6F3217DB881A	BASE	RES-42D08B5B9BF398C1	data/hint_overrides.gd	table/36-B4-39/restore/3	268	SCENE-RECORD-E	ROUTE-COMMON	STATE-RESTORE-E		tutorial		그 인물을 학생 명단에서 찾아보세요.	[]							BATCH-PROD-STORY-E2	INTEGRATED	b88b1f3d85234ba4932dca0b1a64367440758b1626eea54e6ce15f3bc56bd27e	1			
SEG-BASE-06DA57EDF03A236239F1	BASE	RES-42D08B5B9BF398C1	data/hint_overrides.gd	table/36-B4-39/restore/4	269	SCENE-RECORD-E	ROUTE-COMMON	STATE-RESTORE-E		tutorial		그 인물은 어디에서 목격되었을까요?	[]							BATCH-PROD-STORY-E2	INTEGRATED	f1ae3e0e1c17b9f7af166065efb3eb97afada38b355d7edd52d6e80143da3307	1			
SEG-BASE-0F61C970C63943C87863	BASE	RES-42D08B5B9BF398C1	data/hint_overrides.gd	table/36-B4-39/restore/5	270	SCENE-RECORD-E	ROUTE-COMMON	STATE-RESTORE-E		tutorial		다음에 복원할 기록은 『36-B4-39』입니다.	[{"raw":"36-B4-39","class":"record_key","movable":false,"order_sensitive":true}]							BATCH-PROD-STORY-E2	INTEGRATED	f03a42f097e2a0dcf85a031861b70f8cea697c8f2d13ad98240f39cf1e7fe0a4	1			
SEG-BASE-B37F7AC5FFD67574EA67	BASE	RES-42D08B5B9BF398C1	data/hint_overrides.gd	table/36-B4-39/confirm/1	271	SCENE-RECORD-E	ROUTE-COMMON	STATE-RESTORE-E		tutorial		『36-B4-39』를 다시 한 번 잘 읽어 보세요.	[{"raw":"36-B4-39","class":"record_key","movable":false,"order_sensitive":true}]							BATCH-PROD-STORY-E2	INTEGRATED	b25dc826c026be17ddd4774fd5a5379a66e167f933419848702eabc70abb055c	1			
SEG-BASE-40212458CF287FDA24C9	BASE	RES-42D08B5B9BF398C1	data/hint_overrides.gd	table/36-B4-39/confirm/2	272	SCENE-RECORD-E	ROUTE-COMMON	STATE-RESTORE-E		tutorial		이건 타살이 아닙니다. 스스로 마셨습니다.	[]							BATCH-PROD-STORY-E2	INTEGRATED	d3bcf24d25db784ca49a9bd5b1e63c7f9bef581aebf1a9aa2701a29eba96c69f	1			
SEG-BASE-B792551269250EFC319D	BASE	RES-42D08B5B9BF398C1	data/hint_overrides.gd	table/36-B4-39/confirm/3	273	SCENE-RECORD-E	ROUTE-COMMON	STATE-RESTORE-E		tutorial		마신 것은 농장에 있던 농약입니다.	[]							BATCH-PROD-STORY-E2	INTEGRATED	c42208f04eb5f90963c5e33fa985c528f31a4b6df2fc60f9f7babacd6e654d53	1			
SEG-BASE-76F499430D3ECB493F42	BASE	RES-42D08B5B9BF398C1	data/hint_overrides.gd	table/36-B4-39/confirm/4	274	SCENE-RECORD-E	ROUTE-COMMON	STATE-RESTORE-E		tutorial		『00-REPORT』를 다시 한 번 잘 읽어 보세요. 자살인 경우 흉기를 어떻게 취급하는지 확인하세요.	[{"raw":"00-REPORT","class":"record_key","movable":false,"order_sensitive":true}]							BATCH-PROD-STORY-E2	INTEGRATED	ba543568d479fb63ca7c24e1bb2e802edf86da51343c6d3910a3fa16da768bd1	1			
SEG-BASE-0D1B783AF3CD350E62AA	BASE	RES-42D08B5B9BF398C1	data/hint_overrides.gd	table/36-B4-39/confirm/5	275	SCENE-RECORD-E	ROUTE-COMMON	STATE-RESTORE-E		tutorial		정답 ── 사인 『중독사』 ／ 흉기 『없음』 ／ 가해자 없음.	[]							BATCH-PROD-STORY-E2	INTEGRATED	a5072b8a2949fd4b020144917a287a20b0ede072af6a98ccb07f00bb5eb8650f	1			
SEG-BASE-4D8A072B60D47CD299CE	BASE	RES-42D08B5B9BF398C1	data/hint_overrides.gd	table/35-B4-09/restore/1	276	SCENE-RECORD-E	ROUTE-COMMON	STATE-RESTORE-E		tutorial		『36-B4-39』를 다시 잘 읽어 보세요.	[{"raw":"36-B4-39","class":"record_key","movable":false,"order_sensitive":true}]							BATCH-PROD-STORY-E2	INTEGRATED	5482133a9fd9d4569ae4f0acddebdd0959332974eeaf725c153bb71698a74415	1			
SEG-BASE-D7AF46D528911C425DF8	BASE	RES-42D08B5B9BF398C1	data/hint_overrides.gd	table/35-B4-09/restore/2	277	SCENE-RECORD-E	ROUTE-COMMON	STATE-RESTORE-E		tutorial		야마시타가 죽인 사람은 누구일까요?	[]							BATCH-PROD-STORY-E2	INTEGRATED	63288a80743ebadcfa59c7bc83752de27a7f45339f8b66d2be89bef35cd5f16e	1			
SEG-BASE-1D5B3A7E1085860559F3	BASE	RES-42D08B5B9BF398C1	data/hint_overrides.gd	table/35-B4-09/restore/3	278	SCENE-RECORD-E	ROUTE-COMMON	STATE-RESTORE-E		tutorial		다음에 복원할 기록은 『35-B4-09』입니다.	[{"raw":"35-B4-09","class":"record_key","movable":false,"order_sensitive":true}]							BATCH-PROD-STORY-E2	INTEGRATED	267c48451364e9dcff7c66778c29429e4bebb1d8d932738ae1c29ea1b6fcdfb8	1			
SEG-BASE-912F180D336329C6714C	BASE	RES-42D08B5B9BF398C1	data/hint_overrides.gd	table/35-B4-09/confirm/1	279	SCENE-RECORD-E	ROUTE-COMMON	STATE-RESTORE-E		tutorial		『35-B4-09』, 『36-B4-39』를 다시 잘 읽어 보세요.	[{"raw":"35-B4-09","class":"record_key","movable":false,"order_sensitive":true},{"raw":"36-B4-39","class":"record_key","movable":false,"order_sensitive":true}]							BATCH-PROD-STORY-E2	INTEGRATED	300927a654f29dd0b3d3af71b1373a74fb2f7d74f149c8d5c25108cb770018e6	1			
SEG-BASE-60C63B7A48E2A782C1EF	BASE	RES-42D08B5B9BF398C1	data/hint_overrides.gd	table/35-B4-09/confirm/2	280	SCENE-RECORD-E	ROUTE-COMMON	STATE-RESTORE-E		tutorial		교살에 사용된 끈은 어떤 무기에 달려 있던 걸까요?	[]							BATCH-PROD-STORY-E2	INTEGRATED	7fc25d316c811696f0a068519c642746dc7f9a4a0cdcd612bd0044cc0019c4d7	1			
SEG-BASE-5AF7BA82EF5145967E90	BASE	RES-42D08B5B9BF398C1	data/hint_overrides.gd	table/35-B4-09/confirm/3	281	SCENE-RECORD-E	ROUTE-COMMON	STATE-RESTORE-E		tutorial		정답 ── 사인 『교살』 ／ 흉기 『하모니카』 ／ 가해자 『야마시타 미사키』.	[]							BATCH-PROD-STORY-E2	INTEGRATED	2e6c3e847719756cbb37c805c68ee0be57a783b69789f396b3e251b9248c3017	1			
SEG-BASE-D243E9260F4AE7769B51	BASE	RES-42D08B5B9BF398C1	data/hint_overrides.gd	table/34-B2-14/restore/1	282	SCENE-RECORD-E	ROUTE-COMMON	STATE-RESTORE-E		tutorial		『33-B2-03』, 『35-B4-09』를 다시 잘 읽어 보세요.	[{"raw":"33-B2-03","class":"record_key","movable":false,"order_sensitive":true},{"raw":"35-B4-09","class":"record_key","movable":false,"order_sensitive":true}]							BATCH-PROD-STORY-E2	INTEGRATED	145126dac0c2212c65e43fe63ffcd2812d7d51b18b7d9a0aa3323ec6f5e8959c	1			
SEG-BASE-0BC0B0EB0F60FE2F7B29	BASE	RES-42D08B5B9BF398C1	data/hint_overrides.gd	table/34-B2-14/restore/2	283	SCENE-RECORD-E	ROUTE-COMMON	STATE-RESTORE-E		tutorial		『33-B2-03』에서는 무언가를 두고 말다툼하는 목소리가 들렸습니다.	[{"raw":"33-B2-03","class":"record_key","movable":false,"order_sensitive":true}]							BATCH-PROD-STORY-E2	INTEGRATED	c0dd6427f476bdb4b66db1542b366c1380d7b3f4d3b827c82fa6a1e3cdb8d82e	1			
SEG-BASE-B7AF14B0DD9D23DC0935	BASE	RES-42D08B5B9BF398C1	data/hint_overrides.gd	table/34-B2-14/restore/3	284	SCENE-RECORD-E	ROUTE-COMMON	STATE-RESTORE-E		tutorial		『35-B4-09』에는 임시로 손잡은 동료를 처리했다고 나옵니다.	[{"raw":"35-B4-09","class":"record_key","movable":false,"order_sensitive":true}]							BATCH-PROD-STORY-E2	INTEGRATED	2ff28fad1b1ae46751275bc93e81d292e7d8453134a4b53247a98624087a7904	1			
SEG-BASE-FD5B65B8DD77231F08FF	BASE	RES-42D08B5B9BF398C1	data/hint_overrides.gd	table/34-B2-14/restore/4	285	SCENE-RECORD-E	ROUTE-COMMON	STATE-RESTORE-E		tutorial		다음에 복원할 기록은 『34-B2-14』입니다.	[{"raw":"34-B2-14","class":"record_key","movable":false,"order_sensitive":true}]							BATCH-PROD-STORY-E2	INTEGRATED	72c0db4a940be4ee065dcd37f206a7a6129fb9337c050d92ee2c8a1cf8c08731	1			
SEG-BASE-BE7FBE48438466FF5E0D	BASE	RES-42D08B5B9BF398C1	data/hint_overrides.gd	table/34-B2-14/confirm/1	286	SCENE-RECORD-E	ROUTE-COMMON	STATE-RESTORE-E		tutorial		『34-B2-14』를 다시 한 번 잘 읽어 보세요.	[{"raw":"34-B2-14","class":"record_key","movable":false,"order_sensitive":true}]							BATCH-PROD-STORY-E2	INTEGRATED	eb966f0c48e8c5549d9352871b34b080df68fe938eede61df16a466620f3977c	1			
SEG-BASE-3501DFFA65519EE0EF6C	BASE	RES-42D08B5B9BF398C1	data/hint_overrides.gd	table/34-B2-14/confirm/3	287	SCENE-RECORD-E	ROUTE-COMMON	STATE-RESTORE-E		tutorial		정답 ── 사인 『참살』 ／ 흉기 『나타』 ／ 가해자 『가노 렌지』.	[]							BATCH-PROD-STORY-E2	INTEGRATED	fb6b5ae7a1abf4cc03c945bf9884911306b71dc28f0fd257d80f6b5c5521a73f	1			
SEG-BASE-CB9530B41C117ECBBADD	BASE	RES-42D08B5B9BF398C1	data/hint_overrides.gd	table/41-A1-05/restore/1	288	SCENE-FINAL	ROUTE-COMMON	STATE-FINAL		tutorial		『23-B1-21』 기록을 다시 한 번 잘 읽어 보세요.	[{"raw":"23-B1-21","class":"record_key","movable":false,"order_sensitive":true}]							BATCH-PROD-STORY-FINAL	INTEGRATED	70e506779f92f0253b3bd4740796938376314096a2731911aa8bca864b5445c4	1			
SEG-BASE-36B1FBF25E6A1B8BD2EF	BASE	RES-42D08B5B9BF398C1	data/hint_overrides.gd	table/41-A1-05/restore/2	289	SCENE-FINAL	ROUTE-COMMON	STATE-FINAL		tutorial		지도에서 곶의 좌표를 확인해 보세요.	[]							BATCH-PROD-STORY-FINAL	INTEGRATED	c6781f6479e701a26633b461c2d8aff892a1a63920c1bfea46a590f4d2ad84f0	1			
SEG-BASE-F4D8C36BAD803E9603BC	BASE	RES-42D08B5B9BF398C1	data/hint_overrides.gd	table/41-A1-05/restore/3	290	SCENE-FINAL	ROUTE-COMMON	STATE-FINAL		tutorial		여기까지 왔다면 이제 소거법으로 입력해 보세요.	[]							BATCH-PROD-STORY-FINAL	INTEGRATED	fbd0a45e3357b7d403903f9f59196d8e746733726a28dfac3122fcfddc921190	1			
SEG-BASE-1077789157DCE6C1A6D5	BASE	RES-42D08B5B9BF398C1	data/hint_overrides.gd	table/41-A1-05/restore/4	291	SCENE-FINAL	ROUTE-COMMON	STATE-FINAL		tutorial		이번 적성 선별에서는 생존자가 없다고 보고되어 있습니다.	[]							BATCH-PROD-STORY-FINAL	INTEGRATED	572c1918cb9ca6d260aac8ff209ffae92e44d7f7ae8aadf786bfbcef26411092	1			
SEG-BASE-78CC07277E9E141CC135	BASE	RES-42D08B5B9BF398C1	data/hint_overrides.gd	table/41-A1-05/restore/5	292	SCENE-FINAL	ROUTE-COMMON	STATE-FINAL		tutorial		다음에 복원할 기록은 『41-A1-05』입니다.	[{"raw":"41-A1-05","class":"record_key","movable":false,"order_sensitive":true}]							BATCH-PROD-STORY-FINAL	INTEGRATED	40f63dc8825036b7f86610250eebdb9e3c68cbb564a4ac141c6807f4f9cbbe0d	1			
SEG-BASE-465661D508D5041B8D0D	BASE	RES-42D08B5B9BF398C1	data/hint_overrides.gd	table/41-A1-05/confirm/1	293	SCENE-FINAL	ROUTE-COMMON	STATE-FINAL		tutorial		『41-A1-05』 기록을 다시 한 번 잘 읽어 보세요.	[{"raw":"41-A1-05","class":"record_key","movable":false,"order_sensitive":true}]							BATCH-PROD-STORY-FINAL	INTEGRATED	1a42cda20dceb978e45e3b37260b3846b36f4c08c5629247b1609697fb84f9da	1			
SEG-BASE-792A615C65B970FE050F	BASE	RES-42D08B5B9BF398C1	data/hint_overrides.gd	table/41-A1-05/confirm/2	294	SCENE-FINAL	ROUTE-COMMON	STATE-FINAL		tutorial		이건 타살이 아닙니다. 섬의 최종 수축에 휩쓸린 겁니다.	[]							BATCH-PROD-STORY-FINAL	INTEGRATED	44064f52140dcceefed5930d499e608da645e502c674586adc21092bde1da178	1			
SEG-BASE-8968D224DE04A8E60A2C	BASE	RES-42D08B5B9BF398C1	data/hint_overrides.gd	table/41-A1-05/confirm/3	295	SCENE-FINAL	ROUTE-COMMON	STATE-FINAL		tutorial		『00-ZONE』에 사인 처리에 관한 내용이 적혀 있습니다.	[{"raw":"00-ZONE","class":"record_key","movable":false,"order_sensitive":true}]							BATCH-PROD-STORY-FINAL	INTEGRATED	107ac4a946b0b22b28a1b44dd629870d76ecbc9c3a8342a90cfa5ff95bb462ff	1			
SEG-BASE-34B1EB2B4BE4F8DD98F8	BASE	RES-42D08B5B9BF398C1	data/hint_overrides.gd	table/41-A1-05/confirm/4	296	SCENE-FINAL	ROUTE-COMMON	STATE-FINAL		tutorial		정답 ── 사인 『폭사』 ／ 없음 ／ 가해자 없음.	[]							BATCH-PROD-STORY-FINAL	INTEGRATED	dfa141ce9393a62c7ca7e4bc12b13a9e35a99953680de11174a3dc22016e5932	1			
SEG-BASE-AABD3489A2837E1F5D02	BASE	RES-42D08B5B9BF398C1	data/hint_overrides.gd	table/03-E4-27/restore/1	297	SCENE-RECORD-A	ROUTE-COMMON	STATE-RESTORE-A		tutorial		수신한 MSG01을 다시 읽어 보세요. 기록명이 그대로 적혀 있는 것도 있습니다.	[]							BATCH-PROD-STORY-A1	INTEGRATED	4668880c379b8a1fdc49dbf96390417a82a47fb6e9870c574433c460dc40ff84	2			
SEG-BASE-746561000434DAD1480C	BASE	RES-42D08B5B9BF398C1	data/hint_overrides.gd	table/03-E4-27/restore/2	298	SCENE-RECORD-A	ROUTE-COMMON	STATE-RESTORE-A		tutorial		다음에 복원할 기록은 『03-E4-27』입니다.	[{"raw":"03-E4-27","class":"record_key","movable":false,"order_sensitive":true}]							BATCH-PROD-STORY-A1	INTEGRATED	3bc95ca917b1aef1c70ecef37e9027b774c5d41cd6273ab9f5cb9f4a1911e546	2			
SEG-BASE-1D2BE73CAFC1FE6AB910	BASE	RES-42D08B5B9BF398C1	data/hint_overrides.gd	table/03-E4-27/confirm/1	299	SCENE-RECORD-A	ROUTE-COMMON	STATE-RESTORE-A		tutorial		『03-E4-27』을 다시 한 번 잘 읽어 보세요.	[{"raw":"03-E4-27","class":"record_key","movable":false,"order_sensitive":true}]							BATCH-PROD-STORY-A1	INTEGRATED	ba3f1d7c6208c6c0da20f6a436d51b99419a8ce3ca22710d0a41693e781213d5	2			
SEG-BASE-CE968D05741913B0D55B	BASE	RES-42D08B5B9BF398C1	data/hint_overrides.gd	table/03-E4-27/confirm/2	300	SCENE-RECORD-A	ROUTE-COMMON	STATE-RESTORE-A		tutorial		이건 타살이 아닙니다. 폐교는 첫날 아침 일찍 봉쇄됐습니다.	[]							BATCH-PROD-STORY-A1	INTEGRATED	2c7f9d304c3306fa54088d7fcdafe01731ff0b963f29be61cf47d954be8de3b9	2			
SEG-BASE-12930D7DFD43AF7EA089	BASE	RES-42D08B5B9BF398C1	data/hint_overrides.gd	table/03-E4-27/confirm/3	301	SCENE-RECORD-A	ROUTE-COMMON	STATE-RESTORE-A		tutorial		『00-ZONE』에 사인 처리에 관한 내용이 적혀 있습니다.	[{"raw":"00-ZONE","class":"record_key","movable":false,"order_sensitive":true}]							BATCH-PROD-STORY-A1	INTEGRATED	107ac4a946b0b22b28a1b44dd629870d76ecbc9c3a8342a90cfa5ff95bb462ff	2			
SEG-BASE-64CBF6D5F11D85C8695C	BASE	RES-42D08B5B9BF398C1	data/hint_overrides.gd	table/03-E4-27/confirm/4	302	SCENE-RECORD-A	ROUTE-COMMON	STATE-RESTORE-A		tutorial		정답 ── 사인 『폭사』 ／ 없음 ／ 가해자 없음.	[]							BATCH-PROD-STORY-A1	INTEGRATED	dfa141ce9393a62c7ca7e4bc12b13a9e35a99953680de11174a3dc22016e5932	2			
SEG-BASE-BC116497ADE0E0489FCF	BASE	RES-9175A4178E9503E5	data/solutions.json	/01-E4-02/club	1	SCENE-BASE-3596505762646416				unknown			[]								OUT_OF_SCOPE	b0b99f7e2aadff34c5ac2cd497899ac8fb1e2fd6c343cc1adca82c7ac273a9b5	0			
SEG-BASE-999C2B70E12BDC0BE4FB	BASE	RES-9175A4178E9503E5	data/solutions.json	/02-E4-04/club	2	SCENE-BASE-A65E2DA7FBC9BA5C				unknown			[]								OUT_OF_SCOPE	8d69af5dcee297e5164023de1d1a843bbb86b673610b9f149975d97fb6171803	0			
SEG-BASE-0A953B22B37BA8B422F6	BASE	RES-9175A4178E9503E5	data/solutions.json	/03-E4-27/club	3	SCENE-BASE-F4B75B970D552D5C				unknown			[]								OUT_OF_SCOPE	8d69af5dcee297e5164023de1d1a843bbb86b673610b9f149975d97fb6171803	0			
SEG-BASE-46F86BCFC91806EAFFF6	BASE	RES-9175A4178E9503E5	data/solutions.json	/04-C4-23/club	4	SCENE-BASE-6944BC62D78C4BB7				unknown			[]								OUT_OF_SCOPE	f999ebd36d1746c6202553734cd833fad2926622c79ba5b64f758e7585a69020	0			
SEG-BASE-AF2E3EF4668A27AEB936	BASE	RES-9175A4178E9503E5	data/solutions.json	/05-D2-29/club	5	SCENE-BASE-CD79BE9C808333C3				unknown			[]								OUT_OF_SCOPE	b0b99f7e2aadff34c5ac2cd497899ac8fb1e2fd6c343cc1adca82c7ac273a9b5	0			
SEG-BASE-E4070C8864B999D422A4	BASE	RES-9175A4178E9503E5	data/solutions.json	/06-D2-11/club	6	SCENE-BASE-4E7B4CC663FA8616				unknown			[]								OUT_OF_SCOPE	b0b99f7e2aadff34c5ac2cd497899ac8fb1e2fd6c343cc1adca82c7ac273a9b5	0			
SEG-BASE-9CC545A33CFE0E9F6E80	BASE	RES-9175A4178E9503E5	data/solutions.json	/07-D1-24/club	7	SCENE-BASE-5E00CD2660106A30				unknown			[]								OUT_OF_SCOPE	8d69af5dcee297e5164023de1d1a843bbb86b673610b9f149975d97fb6171803	0			
SEG-BASE-5AD5A91D0F61B30D362F	BASE	RES-9175A4178E9503E5	data/solutions.json	/08-C2-37/club	8	SCENE-BASE-224DB6C584C6C5B0				unknown			[]								OUT_OF_SCOPE	613e810b5ce50b1ce54250f27a7c20198522c67323951dfdad6aec7c46d6b41d	0			
SEG-BASE-639732C680438ADE1D51	BASE	RES-9175A4178E9503E5	data/solutions.json	/09-B2-07/club	9	SCENE-BASE-C8CEE49F41EBAFCE				unknown			[]								OUT_OF_SCOPE	613e810b5ce50b1ce54250f27a7c20198522c67323951dfdad6aec7c46d6b41d	0			
SEG-BASE-BADD2D82615888AC4E2B	BASE	RES-9175A4178E9503E5	data/solutions.json	/10-D4-20/club	10	SCENE-BASE-6997098A673F3BBC				unknown			[]								OUT_OF_SCOPE	e94e37d0dbb4948f6070e2097f40b417bdac814f762bfa8620290afde2eae152	0			
SEG-BASE-F9F6778787D38A80C59F	BASE	RES-9175A4178E9503E5	data/solutions.json	/11-D4-16/club	11	SCENE-BASE-226D225D2C1ADA10				unknown			[]								OUT_OF_SCOPE	8d69af5dcee297e5164023de1d1a843bbb86b673610b9f149975d97fb6171803	0			
SEG-BASE-F628A2CEDA08F722EDF5	BASE	RES-9175A4178E9503E5	data/solutions.json	/12-D4-31/club	12	SCENE-BASE-B6EFB6FA0F8919F1				unknown			[]								OUT_OF_SCOPE	bf0a4929c04708798645dbfafaf050cb9a0f85247b027c3271f9a146c123a046	0			
SEG-BASE-6A1710245D66A695EF61	BASE	RES-9175A4178E9503E5	data/solutions.json	/13-C3-34/club	13	SCENE-BASE-234D25896C3AE4CD				unknown			[]								OUT_OF_SCOPE	8d69af5dcee297e5164023de1d1a843bbb86b673610b9f149975d97fb6171803	0			
SEG-BASE-AB5887BCB26AF45B8270	BASE	RES-9175A4178E9503E5	data/solutions.json	/14-C3-30/club	14	SCENE-BASE-6F6EF4980219A4F2				unknown			[]								OUT_OF_SCOPE	8d69af5dcee297e5164023de1d1a843bbb86b673610b9f149975d97fb6171803	0			
SEG-BASE-0EDE1B2C5BF972881863	BASE	RES-9175A4178E9503E5	data/solutions.json	/15-C3-13/club	15	SCENE-BASE-BAE434A0FFF714D6				unknown			[]								OUT_OF_SCOPE	8d69af5dcee297e5164023de1d1a843bbb86b673610b9f149975d97fb6171803	0			
SEG-BASE-22FCA5187E5077141089	BASE	RES-9175A4178E9503E5	data/solutions.json	/16-C3-01/club	16	SCENE-BASE-72453CB41E5B61A2				unknown			[]								OUT_OF_SCOPE	edef3d9c01fad7c1708cbb6b596f0424d9ebfc1bdad298b224c2de26605e8b89	0			
SEG-BASE-4AADE63259ECC005E50F	BASE	RES-9175A4178E9503E5	data/solutions.json	/17-E2-08/club	17	SCENE-BASE-A0F0F1F063786138				unknown			[]								OUT_OF_SCOPE	8d69af5dcee297e5164023de1d1a843bbb86b673610b9f149975d97fb6171803	0			
SEG-BASE-0E2A4023141E68BBF5C0	BASE	RES-9175A4178E9503E5	data/solutions.json	/18-E2-28/club	18	SCENE-BASE-3715807B05C8A4A4				unknown			[]								OUT_OF_SCOPE	093219fdec6b26182828f195a61ac8c44388238eb3f714ce5c00fd8e9bd6f568	0			
SEG-BASE-CF749F05CE6DFDA19A05	BASE	RES-9175A4178E9503E5	data/solutions.json	/19-E2-15/club	19	SCENE-BASE-A5566FF9D626508D				unknown			[]								OUT_OF_SCOPE	093219fdec6b26182828f195a61ac8c44388238eb3f714ce5c00fd8e9bd6f568	0			
SEG-BASE-C937B13BE1387C57AEA7	BASE	RES-9175A4178E9503E5	data/solutions.json	/20-E2-41/club	20	SCENE-BASE-F7AA7D3DD803806D				unknown			[]								OUT_OF_SCOPE	093219fdec6b26182828f195a61ac8c44388238eb3f714ce5c00fd8e9bd6f568	0			
SEG-BASE-987E386147EBEC86548B	BASE	RES-9175A4178E9503E5	data/solutions.json	/21-E2-17/club	21	SCENE-BASE-FA2C95A909AD3D9A				unknown			[]								OUT_OF_SCOPE	86cd404d089e18a838be4e914765cf095b7361e17b4f0064f569981aabfcca38	0			
SEG-BASE-4C7C78F24F327CC69A83	BASE	RES-9175A4178E9503E5	data/solutions.json	/22-E2-10/club	22	SCENE-BASE-2E5825907B87D773				unknown			[]								OUT_OF_SCOPE	86cd404d089e18a838be4e914765cf095b7361e17b4f0064f569981aabfcca38	0			
SEG-BASE-7D11B53C36691FF7A2E8	BASE	RES-9175A4178E9503E5	data/solutions.json	/23-B1-21/club	23	SCENE-BASE-CC4AC5DA650C51F7				unknown			[]								OUT_OF_SCOPE	a2ce2840612c3183782e5913bba55c3d702456f04cb46a470396f2c78e906e61	0			
SEG-BASE-BB7D3805437ABEDB21F8	BASE	RES-9175A4178E9503E5	data/solutions.json	/24-B3-06/club	24	SCENE-BASE-464CD589000D679E				unknown			[]								OUT_OF_SCOPE	b0b99f7e2aadff34c5ac2cd497899ac8fb1e2fd6c343cc1adca82c7ac273a9b5	0			
SEG-BASE-9620840A6FE0D8D23E83	BASE	RES-9175A4178E9503E5	data/solutions.json	/25-B3-36/club	25	SCENE-BASE-33F12D4E9F13F263				unknown			[]								OUT_OF_SCOPE	9a8cac9ef0bd76d77831d89b5311f2303aa48b3cfd95d6e5e549c8adb34cfa8f	0			
SEG-BASE-A3EB013DA888D5E1224B	BASE	RES-9175A4178E9503E5	data/solutions.json	/26-B3-26/club	26	SCENE-BASE-CDAE446F195790C1				unknown			[]								OUT_OF_SCOPE	7bd15f6fde41cc68480e5989ef6e9e4938d182d5aa4862c9d040dc7c1012bb26	0			
SEG-BASE-D126A7FCFAFFD430B3F3	BASE	RES-9175A4178E9503E5	data/solutions.json	/27-B3-35/club	27	SCENE-BASE-AC1D41C313CA8CCE				unknown			[]								OUT_OF_SCOPE	8d69af5dcee297e5164023de1d1a843bbb86b673610b9f149975d97fb6171803	0			
SEG-BASE-5BA8FA9933548BD46BD9	BASE	RES-9175A4178E9503E5	data/solutions.json	/28-B3-22/club	28	SCENE-BASE-75E66BB15F4D8E8E				unknown			[]								OUT_OF_SCOPE	86cd404d089e18a838be4e914765cf095b7361e17b4f0064f569981aabfcca38	0			
SEG-BASE-E638C4A8D1F7EB24DB36	BASE	RES-9175A4178E9503E5	data/solutions.json	/29-B3-18/club	29	SCENE-BASE-469CE91C006A4483				unknown			[]								OUT_OF_SCOPE	37d0e35d88a935fd3e15ba1f54d5da1bbea650b131a2cd1e0605ef1eddbf7686	0			
SEG-BASE-95A9CFF7585524D32A96	BASE	RES-9175A4178E9503E5	data/solutions.json	/30-D1-32/club	30	SCENE-BASE-1877856807BB7888				unknown			[]								OUT_OF_SCOPE	e1c244b0ff384aa89042d5f7984cec1961120d5775c21f5431029926ac89270b	0			
SEG-BASE-000A41A79F973BBF83D0	BASE	RES-9175A4178E9503E5	data/solutions.json	/31-B2-19/club	31	SCENE-BASE-26E6D9FBDA1BAC8B				unknown			[]								OUT_OF_SCOPE	86cd404d089e18a838be4e914765cf095b7361e17b4f0064f569981aabfcca38	0			
SEG-BASE-E8EA610D22A6BE79BE15	BASE	RES-9175A4178E9503E5	data/solutions.json	/32-B2-12/club	32	SCENE-BASE-CB26A2C6932F5B40				unknown			[]								OUT_OF_SCOPE	e6ef676e68559ab5e4a4ef5939d4e321148936e236dee96082d1ee37e323faef	0			
SEG-BASE-9A3B59A042C6704FD323	BASE	RES-9175A4178E9503E5	data/solutions.json	/33-B2-03/club	33	SCENE-BASE-964A1FC518F2D415				unknown			[]								OUT_OF_SCOPE	8d69af5dcee297e5164023de1d1a843bbb86b673610b9f149975d97fb6171803	0			
SEG-BASE-61156AE3675AEE79D9A2	BASE	RES-9175A4178E9503E5	data/solutions.json	/34-B2-14/club	34	SCENE-BASE-6357AFB374554EC8				unknown			[]								OUT_OF_SCOPE	37d0e35d88a935fd3e15ba1f54d5da1bbea650b131a2cd1e0605ef1eddbf7686	0			
SEG-BASE-FAE1E21D6D61C2C67E76	BASE	RES-9175A4178E9503E5	data/solutions.json	/35-B4-09/club	35	SCENE-BASE-B3D4227BB837EF59				unknown			[]								OUT_OF_SCOPE	37d0e35d88a935fd3e15ba1f54d5da1bbea650b131a2cd1e0605ef1eddbf7686	0			
SEG-BASE-D36CCAB6256B8476BCE8	BASE	RES-9175A4178E9503E5	data/solutions.json	/37-D1-25/club	36	SCENE-BASE-DEDF3BA4B964DFE7				unknown			[]								OUT_OF_SCOPE	1b70417a9958aef0b1355fbd58763dda9507ff649a190fef43498fde5773bbeb	0			
SEG-BASE-72678DDA6B2CCD5ED5CD	BASE	RES-9175A4178E9503E5	data/solutions.json	/38-D1-40/club	37	SCENE-BASE-D85206777EA845AB				unknown			[]								OUT_OF_SCOPE	1b70417a9958aef0b1355fbd58763dda9507ff649a190fef43498fde5773bbeb	0			
SEG-BASE-BD805384E37DF31799DC	BASE	RES-9175A4178E9503E5	data/solutions.json	/39-D1-38/club	38	SCENE-BASE-692DADECE21013A9				unknown			[]								OUT_OF_SCOPE	1b70417a9958aef0b1355fbd58763dda9507ff649a190fef43498fde5773bbeb	0			
SEG-BASE-DB0D17045824B74E3536	BASE	RES-9175A4178E9503E5	data/solutions.json	/40-D1-33/club	39	SCENE-BASE-7C546C5D2DEC627C				unknown			[]								OUT_OF_SCOPE	1b70417a9958aef0b1355fbd58763dda9507ff649a190fef43498fde5773bbeb	0			
SEG-BASE-D3461B307300E25B8E83	BASE	RES-9175A4178E9503E5	data/solutions.json	/41-A1-05/club	40	SCENE-BASE-BA5106F9FAC14099				unknown			[]								OUT_OF_SCOPE	59971df1605b65485c95615512457efd0af44dba6dda5ffbb5af79d1740147c9	0			
SEG-BASE-9C877A102D44A7581314	BASE	RES-1DDCF62095758F61	scenes/boot_screen.tscn	node/Col/Title/property/text	1					ui		야시마 제국　기록 관리국	[]							BATCH-PROD-UI-SHELL	INTEGRATED	25e2b0f1a4c73355f34f4050fdebac7a53984001bccc2b44196e2fceb4f1b253	1			
SEG-BASE-4A32F773B4B2549AF325	BASE	RES-1DDCF62095758F61	scenes/boot_screen.tscn	node/Col/Sub/property/text	2					ui		기록 복원 단말	[]							BATCH-PROD-UI-SHELL	INTEGRATED	c6a14d33f7229677f55e205e0430221957933a440f8afd43499afa5766694b53	1			
SEG-BASE-96806D509D282B4C46FA	BASE	RES-96D09771A51AB6C0	scenes/ending_digest.tscn	node/Album/Placeholder/property/text	1	SCENE-FINAL	ROUTE-COMMON	STATE-FINAL		narration		(장면 삽화)	[]							BATCH-PROD-CUTSCENES	INTEGRATED	f2fe4549dbdf00ec2c4a10df1cbf15d2a682263d9a3959d3a5cc713eb8cb0c4a	1			
SEG-BASE-725F017BE1FBC7D6CB1E	BASE	RES-EA7809155CB80117	scenes/title_screen.tscn	node/FG/TitleBlock/En/property/text	1					credits			[]								OUT_OF_SCOPE	9c307dc5fc83e8bc20ebf4d4b0f5140e9ca84805c76cfd200b73909d05839fc9	0	D-0037		
SEG-BASE-B9E5BE4EB553F70C7BE4	BASE	RES-EA7809155CB80117	scenes/title_screen.tscn	node/FG/Credit/property/text	2					credits			[]								OUT_OF_SCOPE	c08a155666cb464e8251489f629b93abd3e54d3f461664e18c5cb40c7cfbd9cc	0	D-0019		
SEG-BASE-374298A24D5F4CE55FC3	BASE	RES-6AF6495770CABA5B	scripts/debug_tools.gd	literal/000004	1					debug			[{"raw":"[DEBUG]","class":"markup_open","movable":false,"order_sensitive":true}]								OUT_OF_SCOPE	110b934c6d634997e96cbfe17b62a40be4c93ad5c1cb82fc610829894090f05f	0			
SEG-BASE-DA1B7077C575FC7E1B41	BASE	RES-6AF6495770CABA5B	scripts/debug_tools.gd	literal/000005	2					debug			[{"raw":"[DEBUG]","class":"markup_open","movable":false,"order_sensitive":true}]								OUT_OF_SCOPE	619f084884c4a77a04750c46e4921c9f6ec52eb1e223917ab0e40446cd9970b1	0			
SEG-BASE-8C39CBD3EC322D6EC845	BASE	RES-6AF6495770CABA5B	scripts/debug_tools.gd	literal/000006	3					debug			[{"raw":"[DEBUG]","class":"markup_open","movable":false,"order_sensitive":true},{"raw":"%s","class":"placeholder","movable":false,"order_sensitive":true},{"raw":"%d","class":"placeholder","movable":false,"order_sensitive":true},{"raw":"%d","class":"placeholder","movable":false,"order_sensitive":true},{"raw":"%d","class":"placeholder","movable":false,"order_sensitive":true},{"raw":"%d","class":"placeholder","movable":false,"order_sensitive":true}]								OUT_OF_SCOPE	8a29b069d63b3318d6582fd404f27941670e4908883c691f524e320843388bcb	0			
SEG-BASE-7950C7173F691E9C867D	BASE	RES-6AF6495770CABA5B	scripts/debug_tools.gd	literal/000007	4					debug			[{"raw":"[DEBUG]","class":"markup_open","movable":false,"order_sensitive":true}]								OUT_OF_SCOPE	542a1e4d0dc26c10a22c3563d348781cd070a92eb1fd36cd935d924dcc1ed311	0			
SEG-BASE-6BBF692E7BEA4B2CF35A	BASE	RES-6AF6495770CABA5B	scripts/debug_tools.gd	literal/000010	5					debug			[{"raw":"[DEBUG]","class":"markup_open","movable":false,"order_sensitive":true},{"raw":"%s","class":"placeholder","movable":false,"order_sensitive":true}]								OUT_OF_SCOPE	326b3ebcd41458edfcacf1d2ead48107ce1ec321084d260b3b77846d2772c4de	0			
SEG-BASE-764B8EC57861E9038EB4	BASE	RES-6AF6495770CABA5B	scripts/debug_tools.gd	literal/000012	6					debug			[{"raw":"[DEBUG]","class":"markup_open","movable":false,"order_sensitive":true},{"raw":"%s","class":"placeholder","movable":false,"order_sensitive":true},{"raw":"%d","class":"placeholder","movable":false,"order_sensitive":true},{"raw":"%d","class":"placeholder","movable":false,"order_sensitive":true},{"raw":"%d","class":"placeholder","movable":false,"order_sensitive":true}]								OUT_OF_SCOPE	e5c61a79ac0d2bc5c57ef1bf41167dfc52c711ac0f09a4bff8705272e85c2014	0			
SEG-BASE-95B91F601096BD49E35E	BASE	RES-6AF6495770CABA5B	scripts/debug_tools.gd	literal/000013	7					debug			[{"raw":"[DEBUG]","class":"markup_open","movable":false,"order_sensitive":true}]								OUT_OF_SCOPE	e9a98283e64db3865c36d7b92505e094fc8fee9233f47739b5231fe2b1d95578	0			
SEG-BASE-05D83E97A29AEB767E92	BASE	RES-D8BFD33337F7AFBB	scripts/desktop.gd	literal/000003	1					ui		사망 기록	[]							BATCH-PROD-UI-SHELL	INTEGRATED	e754708aee6bb231f38f4453b1d8bea1ba726eb88b7c3185fb49f345a48d6745	1			
SEG-BASE-C091DDF9B35C3C0DCDCD	BASE	RES-D8BFD33337F7AFBB	scripts/desktop.gd	literal/000010	2					ui		학생 명단	[]							BATCH-PROD-UI-SHELL	INTEGRATED	bbf01c62c6478075fef73d90706501fef5e96056ed0568af27e76b8bceb32c71	1			
SEG-BASE-9FB51914CB0102791D24	BASE	RES-D8BFD33337F7AFBB	scripts/desktop.gd	literal/000016	3					ui		지도	[]							BATCH-PROD-UI-SHELL	INTEGRATED	401cafbae2d04b3ca791a9c495d2987754bf12a292a09ef239681cc0acf54ef2	1			
SEG-BASE-1BF60B60AC0B572213F2	BASE	RES-D8BFD33337F7AFBB	scripts/desktop.gd	literal/000022	4					ui		메모장	[]							BATCH-PROD-UI-SHELL	INTEGRATED	6d82fa7a81f13175d1f54eb1a5d8e771df9c4534c47b949545fb0cf620b16bc5	1			
SEG-BASE-4DCC6C8C7AD7E1CFD38C	BASE	RES-D8BFD33337F7AFBB	scripts/desktop.gd	literal/000027	5					ui		사망 보고	[]							BATCH-PROD-UI-SHELL	INTEGRATED	52a9e33ba2021f3c7c2e825bdfa13a23db1b1eabb9da9ded762746244029f1e1	1			
SEG-BASE-F0162CFA8DA51F253CB1	BASE	RES-D8BFD33337F7AFBB	scripts/desktop.gd	literal/000034	6					ui		힌트	[]							BATCH-PROD-UI-SHELL	INTEGRATED	767b3af42059b436ae204516313c96d621f9a89c338fadc36c172caa6a9eb651	1			
SEG-BASE-6CBEA38CC1C86B13E437	BASE	RES-D8BFD33337F7AFBB	scripts/desktop.gd	literal/000040	7					ui		참고 자료	[]							BATCH-PROD-UI-SHELL	INTEGRATED	bb3198dd6be22eb86357a0e622f3cd637de8edf36908765f6e2c8987b599618b	1			
SEG-BASE-B3DFE3070654F609CFFB	BASE	RES-D8BFD33337F7AFBB	scripts/desktop.gd	literal/000045	8					ui		자동 저장 중	[]							BATCH-MIGRATE-103-DELTA	INTEGRATED	7e1e603d193804e0066605367339769a3ee3998a8e4887d4b0ac94081bb9d81d	1	D-0042		
SEG-BASE-1AAED08584FFDF8153E8	BASE	RES-D8BFD33337F7AFBB	scripts/desktop.gd	literal/000059	9					ui		사망 보고	[]							BATCH-PROD-UI-SHELL	INTEGRATED	52a9e33ba2021f3c7c2e825bdfa13a23db1b1eabb9da9ded762746244029f1e1	1			
SEG-BASE-691AD92C1667389F4D8E	BASE	RES-D8BFD33337F7AFBB	scripts/desktop.gd	literal/000065	10					ui		사망 기록	[]							BATCH-PROD-UI-SHELL	INTEGRATED	e754708aee6bb231f38f4453b1d8bea1ba726eb88b7c3185fb49f345a48d6745	1			
SEG-BASE-9708904F0711D0CDF89E	BASE	RES-D8BFD33337F7AFBB	scripts/desktop.gd	literal/000071	11					ui		학생 명단	[]							BATCH-PROD-UI-SHELL	INTEGRATED	bbf01c62c6478075fef73d90706501fef5e96056ed0568af27e76b8bceb32c71	1			
SEG-BASE-ED8DE77C1C5AAA58C8B4	BASE	RES-D8BFD33337F7AFBB	scripts/desktop.gd	literal/000077	12					ui		지도	[]							BATCH-PROD-UI-SHELL	INTEGRATED	401cafbae2d04b3ca791a9c495d2987754bf12a292a09ef239681cc0acf54ef2	1			
SEG-BASE-6D3B5F2288AD6D9E77F6	BASE	RES-D8BFD33337F7AFBB	scripts/desktop.gd	literal/000083	13					ui		메모장	[]							BATCH-PROD-UI-SHELL	INTEGRATED	6d82fa7a81f13175d1f54eb1a5d8e771df9c4534c47b949545fb0cf620b16bc5	1			
SEG-BASE-4535312B3EB621A83B7C	BASE	RES-D8BFD33337F7AFBB	scripts/desktop.gd	literal/000100	14					ui		힌트	[]							BATCH-PROD-UI-SHELL	INTEGRATED	767b3af42059b436ae204516313c96d621f9a89c338fadc36c172caa6a9eb651	1			
SEG-BASE-2768F1E01DF4EE3C3D79	BASE	RES-D8BFD33337F7AFBB	scripts/desktop.gd	literal/000108	15					ui		참고 자료	[]							BATCH-PROD-UI-SHELL	INTEGRATED	bb3198dd6be22eb86357a0e622f3cd637de8edf36908765f6e2c8987b599618b	1			
SEG-BASE-693F53489AEF20FA767D	BASE	RES-D8BFD33337F7AFBB	scripts/desktop.gd	literal/000125	16					ui		경고: 기록 색인 손상 감지\n\n기록명을 입력하고, ［복원］으로 복원하라.	[]							BATCH-PROD-UI-SHELL	INTEGRATED	9bd38f080dfabaf8ff96e93f4ceff28e8962d3d17f9ab180509b764bacf68b82	1			
SEG-BASE-05B2B9FAD579501D1221	BASE	RES-D8BFD33337F7AFBB	scripts/desktop.gd	literal/000137	17					ui		야시마 제국	[]							BATCH-PROD-UI-SHELL	INTEGRATED	a8b7eda2022e7af80055121d2ff6e1a5ba23f8b827331cb393e24952045b10c6	1			
SEG-BASE-90A81293204C81F2FB2D	BASE	RES-D8BFD33337F7AFBB	scripts/desktop.gd	literal/000141	18					ui		설정	[]							BATCH-PROD-UI-SHELL	INTEGRATED	b7bdb84f49cf8953a9ba4262daef8ca12a429069300bcfb77d4363432a313527	1			
SEG-BASE-7F6E52395D502EDC33E0	BASE	RES-D8BFD33337F7AFBB	scripts/desktop.gd	literal/000142	19					ui		메뉴	[]							BATCH-PROD-UI-SHELL	INTEGRATED	11364a4c8f174651156e7203a53f4c1a7ab0e17014bf238d9abef50c3ea6e3f6	1			
SEG-BASE-702CCA0AD04A765527D1	BASE	RES-D8BFD33337F7AFBB	scripts/desktop.gd	literal/000144	20					ui		자동 저장 중…	[]							BATCH-PROD-UI-SHELL	INTEGRATED	54b496f393e6701d72d9e3cc528a2839bae17a2ffc736af8c2f3c81330cb98bf	1			
SEG-BASE-7621C7A16A830CEC8954	BASE	RES-D8BFD33337F7AFBB	scripts/desktop.gd	literal/000157	21					ui		저장	[]							BATCH-PROD-UI-SHELL	INTEGRATED	250717a1ada55d57020bd278785d09f9f399c9329c4caf6b82f69ea07fec64e8	1			
SEG-BASE-9F7E4B7EDAA3A6B055D9	BASE	RES-D8BFD33337F7AFBB	scripts/desktop.gd	literal/000158	22					ui		불러오기	[]							BATCH-PROD-UI-SHELL	INTEGRATED	763e7f2b1a26c5fa159e887ef2fa9052813fd441e75dece00a033a3c3e791851	1			
SEG-BASE-FC7E0A1D4948316B659C	BASE	RES-D8BFD33337F7AFBB	scripts/desktop.gd	literal/000159	23					ui		타이틀로	[]							BATCH-PROD-UI-SHELL	INTEGRATED	ee8b9863d094d7ebbf7c196c072618cea1702b35ca105efc70f939ab3664e247	1			
SEG-BASE-A5F9E50254D0B7C65D2F	BASE	RES-D8BFD33337F7AFBB	scripts/desktop.gd	literal/000160	24					ui		게임 종료	[]							BATCH-PROD-UI-SHELL	INTEGRATED	828f23dc9206bebddf0e8838702beb4beaa2d001930fe4efc74bbd5731ce528a	1			
SEG-BASE-E751005ACD8A5FB541CE	BASE	RES-D8BFD33337F7AFBB	scripts/desktop.gd	literal/000186	25					ui		복원 성공\n\n이제 모든 사망 보고를 입력할 수 있습니다.	[]							BATCH-PROD-UI-SHELL	INTEGRATED	2cf82bdf642dafbc362935535ff82c22e82f1c21a9d9ad17784b1434122e91b1	1			
SEG-BASE-4538686B502C9BC8098A	BASE	RES-D8BFD33337F7AFBB	scripts/desktop.gd	literal/000191	26					ui		색인에서 발신자 불명의 기록을 발견했습니다.	[]							BATCH-PROD-UI-SHELL	INTEGRATED	890b7ad6502d8cfd8bbc50af9d5820c0369e2cc7d8ffc0ced7ac1aea9d824d40	1			
SEG-BASE-28AB5983165169A8450D	BASE	RES-D8BFD33337F7AFBB	scripts/desktop.gd	literal/000193	27					ui		\n\n기록명: %s	[{"raw":"%s","class":"placeholder","movable":false,"order_sensitive":true}]							BATCH-PROD-UI-SHELL	INTEGRATED	f518611996ba5a2759189b7f4a9107b9af5d47e8408b552b99953cd8a38fa69d	1			
SEG-BASE-3EE310F2770519B78E19	BASE	RES-D8BFD33337F7AFBB	scripts/desktop.gd	literal/000203	28					ui		압수 자료 열람을 허가했습니다.\n단말에 ‘참고 자료’를 추가했습니다.	[]							BATCH-PROD-UI-SHELL	INTEGRATED	da3063ad670694806d090d9f11445c1b4abd802857c9c3b1a32753a409478677	1			
SEG-BASE-4A0EDA0E99F81B41771E	BASE	RES-D8BFD33337F7AFBB	scripts/desktop.gd	literal/000204	29					ui		\n기록 ‘%s’도 책상 위에 펼쳐졌습니다.	[{"raw":"%s","class":"placeholder","movable":false,"order_sensitive":true}]							BATCH-MIGRATE-104-DELTA	INTEGRATED	5fa486e832b3850f117de6a2ed57d3dc67b2988dd08323ce3f27707c055dbcc4	1			
SEG-BASE-B3749D3AE9004A11B4CC	BASE	RES-D8BFD33337F7AFBB	scripts/desktop.gd	literal/000207	30					ui		제23회　적성 선별　기록 복원　완료	[]							BATCH-PROD-UI-SHELL	INTEGRATED	650ed1877bc5d6a76add1beda4e16c543b1b2937fa508f8e598d62da2261e2ff	1			
SEG-BASE-724260AA479EEC9476F7	BASE	RES-D8BFD33337F7AFBB	scripts/desktop.gd	literal/000208	31					ui		대상: 제88고등학교　3학년 2반	[]							BATCH-PROD-UI-SHELL	INTEGRATED	137fe16ddbd725644e7a4327d74b49677e04cd94c8c47f1758bfb2dd04b86f6d	1			
SEG-BASE-38493CE57C9EAC337049	BASE	RES-D8BFD33337F7AFBB	scripts/desktop.gd	literal/000209	32					ui		생존자　……　0명	[]							BATCH-PROD-UI-SHELL	INTEGRATED	2b7136039d6b8928636320efe2302cdc6a77d649b8f9e446a7626b3a56b91514	1			
SEG-BASE-AAFD94BF0E60CE26759C	BASE	RES-D8BFD33337F7AFBB	scripts/desktop.gd	literal/000211	33					ui		보고　완료	[]							BATCH-PROD-UI-SHELL	INTEGRATED	fc42154a83784085ce43dfcb52b6dbb29fb63c0d9c27bbb68c7a971b74bf54de	1			
SEG-BASE-B482AFAD6CE8EF9AB432	BASE	RES-D8BFD33337F7AFBB	scripts/desktop.gd	literal/000212	34					ui		제23회　적성 선별　기록 복원　완료	[]							BATCH-PROD-UI-SHELL	INTEGRATED	650ed1877bc5d6a76add1beda4e16c543b1b2937fa508f8e598d62da2261e2ff	1			
SEG-BASE-6615E93B379EA1C211F7	BASE	RES-D8BFD33337F7AFBB	scripts/desktop.gd	literal/000213	35					ui		대상: 제88고등학교　3학년 2반	[]							BATCH-PROD-UI-SHELL	INTEGRATED	137fe16ddbd725644e7a4327d74b49677e04cd94c8c47f1758bfb2dd04b86f6d	1			
SEG-BASE-BEA2CCFF81D82C8131D0	BASE	RES-D8BFD33337F7AFBB	scripts/desktop.gd	literal/000214	36					ui		생존자　……　1명	[]							BATCH-PROD-UI-SHELL	INTEGRATED	242676854ac21cfae201cf0476af07674df0d210df616db40cbeff7ad0c3ea02	1			
SEG-BASE-AF8C3F6639FFF6A87736	BASE	RES-D8BFD33337F7AFBB	scripts/desktop.gd	literal/000215	37					ui		규정에 따라　처분을 실시	[]							BATCH-PROD-UI-SHELL	INTEGRATED	51448a60f4ca97462b73b3580854a85f053daeddab3696c6543c5a5e576c3c0e	1			
SEG-BASE-C43CB02D2F0909CB6971	BASE	RES-D8BFD33337F7AFBB	scripts/desktop.gd	literal/000217	38					ui		보고　완료	[]							BATCH-PROD-UI-SHELL	INTEGRATED	fc42154a83784085ce43dfcb52b6dbb29fb63c0d9c27bbb68c7a971b74bf54de	1			
SEG-BASE-FB538C030489FF17D33F	BASE	RES-D8BFD33337F7AFBB	scripts/desktop.gd	literal/000223	39					ui		― 자료 공개 ―	[]							BATCH-PROD-UI-SHELL	INTEGRATED	1414accd269a85b961be75c7847a3a3e9386285cda316de0b60cfa9581944865	1			
SEG-BASE-2D21CEB74C7CAD79C92F	BASE	RES-D8BFD33337F7AFBB	scripts/desktop.gd	literal/000225	40					ui		압수 자료 일부의 열람을 허가한다.	[]							BATCH-PROD-UI-SHELL	INTEGRATED	b74dd0350c318ae9c1edcb1fcf3d21b79b1d9bc2fac13dbe2050ca0663bbffd9	1			
SEG-BASE-B64579E2634ADD1DA61C	BASE	RES-D8BFD33337F7AFBB	scripts/desktop.gd	literal/000226	41					ui		단말에 ‘참고 자료’를 추가했다.	[]							BATCH-PROD-UI-SHELL	INTEGRATED	72546eb97faf07ba332ef855defd393555cf36f6f29f278e6e744504bbcc7bff	1			
SEG-BASE-7BB8300CA2FD9E543AB3	BASE	RES-D8BFD33337F7AFBB	scripts/desktop.gd	literal/000227	42					ui		― 자료 공개 ―	[]							BATCH-PROD-UI-SHELL	INTEGRATED	1414accd269a85b961be75c7847a3a3e9386285cda316de0b60cfa9581944865	1			
SEG-BASE-BDD5F80687DFC735ECBD	BASE	RES-D8BFD33337F7AFBB	scripts/desktop.gd	literal/000229	43					ui		압수 자료 일부의 열람을 허가한다.	[]							BATCH-PROD-UI-SHELL	INTEGRATED	b74dd0350c318ae9c1edcb1fcf3d21b79b1d9bc2fac13dbe2050ca0663bbffd9	1			
SEG-BASE-A03261CD4FDE198BF7E7	BASE	RES-D8BFD33337F7AFBB	scripts/desktop.gd	literal/000230	44					ui		단말에 ‘참고 자료’를 추가했다.	[]							BATCH-PROD-UI-SHELL	INTEGRATED	72546eb97faf07ba332ef855defd393555cf36f6f29f278e6e744504bbcc7bff	1			
SEG-BASE-223B1C5F03F3421B91F3	BASE	RES-D8BFD33337F7AFBB	scripts/desktop.gd	literal/000232	45					ui		또한　기록　00-DECREE를　복원하여　귀관에게만 공개했다.	[{"raw":"00-DECREE","class":"record_key","movable":false,"order_sensitive":true}]							BATCH-PROD-UI-SHELL	INTEGRATED	4e1dc68e9a29d7485553bbafcae95ed3a5e54889a66f157248f5dda117f1b1aa	1			
SEG-BASE-2DABE64842049E03E9F5	BASE	RES-D8BFD33337F7AFBB	scripts/desktop.gd	literal/000233	46					ui		― 자료 공개 ―	[]							BATCH-PROD-UI-SHELL	INTEGRATED	1414accd269a85b961be75c7847a3a3e9386285cda316de0b60cfa9581944865	1			
SEG-BASE-BAFB7400520FBCBABABB	BASE	RES-D8BFD33337F7AFBB	scripts/desktop.gd	literal/000235	47					ui		압수 자료 일부의 열람을 허가한다.	[]							BATCH-PROD-UI-SHELL	INTEGRATED	b74dd0350c318ae9c1edcb1fcf3d21b79b1d9bc2fac13dbe2050ca0663bbffd9	1			
SEG-BASE-5309C52064267092966B	BASE	RES-D8BFD33337F7AFBB	scripts/desktop.gd	literal/000236	48					ui		단말에 ‘참고 자료’를 추가했다.	[]							BATCH-PROD-UI-SHELL	INTEGRATED	72546eb97faf07ba332ef855defd393555cf36f6f29f278e6e744504bbcc7bff	1			
SEG-BASE-B814EF14A61500696381	BASE	RES-D8BFD33337F7AFBB	scripts/desktop.gd	literal/000238	49					ui		또한　기록　00-SEALED를　복원하여　귀관에게만 공개했다.	[{"raw":"00-SEALED","class":"record_key","movable":false,"order_sensitive":true}]							BATCH-PROD-UI-SHELL	INTEGRATED	10eb5a1a3df1cab3adb02a6d48fe768a5fe3413060f038c83de981e33446bd2c	1			
SEG-BASE-F26146C7CB9DA8026F4F	BASE	RES-D8BFD33337F7AFBB	scripts/desktop.gd	literal/000249	50					debug			[]								OUT_OF_SCOPE	7483a83f96484a3d0d2361df81bfe3ee4ca1f0293501b439c7898287974d2f2c	0			
SEG-BASE-16DF5BE2B3408A12C759	BASE	RES-D8BFD33337F7AFBB	scripts/desktop.gd	literal/000256	51					ui		■ 학생 명단　3학년 2반（%d명）	[{"raw":"%d","class":"placeholder","movable":false,"order_sensitive":true}]							BATCH-PROD-UI-SHELL	INTEGRATED	8a4e093ca98fd2ac1b782b3d47fc2fe77de56a5e741b2158e9aedcccb1ac3f00	1			
SEG-BASE-BC1B09AA7D6923322B67	BASE	RES-539123A8CBE5DD76	scripts/save_manager.gd	literal/000012	1					debug			[]								OUT_OF_SCOPE	8084bace79440b6d1452daa4a70a86ff942b3bff093a3aea12da6c225adae02b	0			
SEG-BASE-1EEFB2B2B9D2A18A57FE	BASE	RES-539123A8CBE5DD76	scripts/save_manager.gd	literal/000017	2					debug			[{"raw":"%d","class":"placeholder","movable":false,"order_sensitive":true},{"raw":"%d","class":"placeholder","movable":false,"order_sensitive":true},{"raw":"%s","class":"placeholder","movable":false,"order_sensitive":true}]								OUT_OF_SCOPE	52a07dcaf2e8ae069cd4e0fc67341d94761a72c39a90f188c94b47bb0efc1bb1	0			
SEG-BASE-2A65640EFDFBC6627951	BASE	RES-539123A8CBE5DD76	scripts/save_manager.gd	literal/000045	3					debug			[]								OUT_OF_SCOPE	2d4f05368907ea8bc7f224faded4f09d267348c85ce10d26fd5681b756243fc2	0			
SEG-BASE-20232603675AEADD6DF2	BASE	RES-35FEC01A5002BB06	scripts/settings.gd	literal/000009	1					ui		없음	[]							BATCH-MIGRATE-103-DELTA	INTEGRATED	868310e193d1af0b9a0a16b18d5826a5490fe3f9410defa30dc115829fc1db4a	1	D-0042		
SEG-BASE-55295B39F96625D9D97D	BASE	RES-D27BB38E80173230	scripts/steam_manager.gd	literal/000012	1					debug			[]								OUT_OF_SCOPE	47076b1b50f7c76eec9807b5604c31f9458dee6ee7f0cbcc295df437f1acefe1	0			
SEG-BASE-306807974EE4FB3CAB12	BASE	RES-D27BB38E80173230	scripts/steam_manager.gd	literal/000014	2					debug			[{"raw":"[SteamManager]","class":"markup_open","movable":false,"order_sensitive":true},{"raw":"%s","class":"placeholder","movable":false,"order_sensitive":true}]								OUT_OF_SCOPE	789b02d5f44085b16cca21869eefd665de79f3d5c73557dcae99b325ec0826cd	0			
SEG-BASE-80BF83CBC28C89DB6BBD	BASE	RES-D27BB38E80173230	scripts/steam_manager.gd	literal/000017	3					debug			[{"raw":"[SteamManager]","class":"markup_open","movable":false,"order_sensitive":true}]								OUT_OF_SCOPE	62f94215670ba38008a62a53a39966f9bc46681ad0d09cc781db07acb123bf50	0			
SEG-BASE-11AA89440EE20DD19945	BASE	RES-D27BB38E80173230	scripts/steam_manager.gd	literal/000030	4					debug			[{"raw":"[SteamManager]","class":"markup_open","movable":false,"order_sensitive":true}]								OUT_OF_SCOPE	0ca01794eecc3ead07c8543e98f8e8e8a1a1bc56d698c85e59dbcef7fef1a0d8	0			
SEG-BASE-30768270E2F90270BD85	BASE	RES-D27BB38E80173230	scripts/steam_manager.gd	literal/000034	5					debug			[{"raw":"[SteamManager]","class":"markup_open","movable":false,"order_sensitive":true},{"raw":"%d","class":"placeholder","movable":false,"order_sensitive":true},{"raw":"%s","class":"placeholder","movable":false,"order_sensitive":true}]								OUT_OF_SCOPE	cd809cbaf4b7e6c036ec373dbc5a5da07bf544cb5042b466f5c62193fb544460	0			
SEG-BASE-A7636F04FF6838CA9F0E	BASE	RES-D27BB38E80173230	scripts/steam_manager.gd	literal/000036	6					debug			[{"raw":"[SteamManager]","class":"markup_open","movable":false,"order_sensitive":true},{"raw":"%s","class":"placeholder","movable":false,"order_sensitive":true}]								OUT_OF_SCOPE	ceaf1fbbcde87887ef694516e84c85ea28fe3209284df3128b8c6676c3274f92	0			
SEG-BASE-2408CFD4EB81242BEEE4	BASE	RES-D27BB38E80173230	scripts/steam_manager.gd	literal/000047	7					debug			[{"raw":"[SteamManager]","class":"markup_open","movable":false,"order_sensitive":true}]								OUT_OF_SCOPE	efb00398e520b572674342a2878d3b55ca1c2edeebe8c1a692fe11118eb1cc3f	0			
SEG-BASE-8D22D9F6835DC213A29C	BASE	RES-D27BB38E80173230	scripts/steam_manager.gd	literal/000052	8					debug			[{"raw":"[SteamManager]","class":"markup_open","movable":false,"order_sensitive":true}]								OUT_OF_SCOPE	87ccc033688b8590519bcbe5604b1bf5c1ce2a259baaab407805a7ce98fdfc48	0			
SEG-BASE-F96249826147624EE16A	BASE	RES-D7AA2AF83E8B891D	scripts/ui/alert_dialog.gd	literal/000002	1					ui		확인	[]							BATCH-PROD-UI-SHELL	INTEGRATED	565339bc4d33d72817b583024112eb7f5cdf3e5eef0252d6ec1b9c9a94e12bb3	1			
SEG-BASE-D4539481B0BDECB3E3E3	BASE	RES-76DC39B134248FD5	scripts/ui/config_dialog.gd	literal/000003	1					ui		■ 설정	[]							BATCH-PROD-UI-SHELL	INTEGRATED	c43fa14bb3b3fcf4ef007a7841e7beb20b4f8d87076eae8ac385a3a3fea344fe	1			
SEG-BASE-2204D6766EE80510FAD5	BASE	RES-76DC39B134248FD5	scripts/ui/config_dialog.gd	literal/000004	2					ui		BGM 음량	[]							BATCH-PROD-UI-SHELL	INTEGRATED	eaf06548565514201c5fcee5bff24f617bf9466ce32ddae0697e9c188d98ef86	1			
SEG-BASE-856D59484097F56DD32B	BASE	RES-76DC39B134248FD5	scripts/ui/config_dialog.gd	literal/000005	3					ui		효과음 음량	[]							BATCH-PROD-UI-SHELL	INTEGRATED	befbee8db03cb49b3617acf4fd7248db89c0db65bd90b3a42e4262fc78953fe0	1			
SEG-BASE-2EFFAD49F0008F83DAA8	BASE	RES-76DC39B134248FD5	scripts/ui/config_dialog.gd	literal/000006	4					ui		창	[]							BATCH-PROD-UI-SHELL	INTEGRATED	81ea43200d340cc4318bd2232935089545913014de796dcc92e1ac29abf2a317	1			
SEG-BASE-8051311D55A116FB425B	BASE	RES-76DC39B134248FD5	scripts/ui/config_dialog.gd	literal/000007	5					ui		전체 화면	[]							BATCH-PROD-UI-SHELL	INTEGRATED	c72c1dfc2550b2bc628eeaebd74740025c780e720bb314472d4285e09b53ba0b	1			
SEG-BASE-5ABCE515D11D74419A08	BASE	RES-76DC39B134248FD5	scripts/ui/config_dialog.gd	literal/000008	6					ui		테두리 없음	[]							BATCH-PROD-UI-SHELL	INTEGRATED	da4c4e22156b4e3af75231790357c72cc9f1a87df4dcb1f113fd7bd93035ba70	1			
SEG-BASE-B4C391B24029A4EA8669	BASE	RES-76DC39B134248FD5	scripts/ui/config_dialog.gd	literal/000009	7					ui		화면 모드	[]							BATCH-PROD-UI-SHELL	INTEGRATED	b4ca78d285f5aca93b672a5074f8aee4737d0bc506e3c85ee10dc4dde776bd31	1			
SEG-BASE-EA1993E020A773F83436	BASE	RES-76DC39B134248FD5	scripts/ui/config_dialog.gd	literal/000010	8					ui		화면 크기	[]							BATCH-PROD-UI-SHELL	INTEGRATED	bef697a0cd86df02ff3ee4820c20e75a35e52ee9fafb5cb7cbfb7e4bd1b4eba1	1			
SEG-BASE-F5A13C5C63065DA75107	BASE	RES-76DC39B134248FD5	scripts/ui/config_dialog.gd	literal/000011	9					ui		표시 확대	[]							BATCH-MIGRATE-103-DELTA	INTEGRATED	e85df8f0f4d749fbfdf0eab155070f2042631df8826d66a178bc3b8660bcfb49	1	D-0042		
SEG-BASE-9EA2FCBFACDC812069C7	BASE	RES-76DC39B134248FD5	scripts/ui/config_dialog.gd	literal/000012	10					ui		표준	[]							BATCH-PROD-UI-SHELL	INTEGRATED	6f5de510e11de8b4c55ed1395cc4e133ec90600009ce5b8982586c194efef49d	1			
SEG-BASE-9B2550172B72D8104F6C	BASE	RES-76DC39B134248FD5	scripts/ui/config_dialog.gd	literal/000013	11					ui		크게	[]							BATCH-PROD-UI-SHELL	INTEGRATED	f4d626e791cd93058d427d4eaeb4844fe9298db18ed6c1208347c11baa47f66b	1			
SEG-BASE-5575D5A251CDA14D3B27	BASE	RES-76DC39B134248FD5	scripts/ui/config_dialog.gd	literal/000014	12					ui		본문 글자 크기	[]							BATCH-PROD-UI-SHELL	INTEGRATED	c5f09ec5bbc218a305716b134095f7da725e22886a89f35d7f7af80b2740cce0	1			
SEG-BASE-793E70CC19160E30D0F0	BASE	RES-76DC39B134248FD5	scripts/ui/config_dialog.gd	literal/000015	13					ui		끔	[]							BATCH-PROD-UI-SHELL	INTEGRATED	38cca6bea010af8adaf4be7d270456fa9adef8c0252db91f2767c607d077319b	1			
SEG-BASE-9063697824B312E25731	BASE	RES-76DC39B134248FD5	scripts/ui/config_dialog.gd	literal/000016	14					ui		켬	[]							BATCH-PROD-UI-SHELL	INTEGRATED	e8a01133b1351e5fa434167135400d1998d3daa8ce74e3dd9bb57582fa4d7b97	1			
SEG-BASE-FDE255C0E13AFAFCE46B	BASE	RES-76DC39B134248FD5	scripts/ui/config_dialog.gd	literal/000017	15					ui		CRT 표시	[]							BATCH-PROD-UI-SHELL	INTEGRATED	9161b95999e5cea398d638c4135408594f762b69081c8387cbd7120f74a2c4c9	1			
SEG-BASE-DBBD93FCFC8FA850ABD4	BASE	RES-76DC39B134248FD5	scripts/ui/config_dialog.gd	literal/000018	16					ui		닫기	[]							BATCH-PROD-UI-SHELL	INTEGRATED	f6c244f98893cd951392f88864ef16a239999b2e95a6cebf5f6aa8d670460637	1			
SEG-BASE-5E92A5043278B0728DD0	BASE	RES-2BDF64B9E0A6345E	scripts/ui/hint_window.gd	literal/000011	1					ui		모든 기록의 복원과 대조를 완료했습니다. 기술관의 임무는 이것으로 끝입니다.\n\n	[]							BATCH-PROD-HINT-GENERIC	INTEGRATED	c6491c6465302dd0c648aef8a38f29c9dcfcc8278b2d55a9ba489e508c2fcf62	1			
SEG-BASE-B295C1692B06FFD249D7	BASE	RES-2BDF64B9E0A6345E	scripts/ui/hint_window.gd	literal/000012	2					ui		끝까지 플레이해 주셔서 감사합니다.	[]							BATCH-PROD-HINT-GENERIC	INTEGRATED	15af1c2d393682a836f73ecfd85cd57ea86dd641b43e4bc02cb47c81c85ecb6b	1			
SEG-BASE-EFD93DEA1032F6F809FD	BASE	RES-2BDF64B9E0A6345E	scripts/ui/hint_window.gd	literal/000013	3					ui		현재까지는 순조로워요. 단서는 이미 모두 나와 있어요. 복원한 기록을 다시 읽고 사망 보고를 대조해 보세요.	[]							BATCH-PROD-HINT-GENERIC	INTEGRATED	005b69eb7502c705d5e5e3aaa8fc9aa816f4ffbe712424520809079bf1d20240	1			
SEG-BASE-111A491C1ADEA1B15F95	BASE	RES-2BDF64B9E0A6345E	scripts/ui/hint_window.gd	literal/000014	4					ui		기록 복원	[]							BATCH-PROD-HINT-GENERIC	INTEGRATED	0ae242a3473ae5029c1b7aeda80752f45b4b0890a9a7a97c490e5c962e29699a	1			
SEG-BASE-431E4DB1B51582CBD9C9	BASE	RES-2BDF64B9E0A6345E	scripts/ui/hint_window.gd	literal/000015	5					ui		%s의 사인 확인	[{"raw":"%s","class":"placeholder","movable":false,"order_sensitive":true}]							BATCH-PROD-HINT-GENERIC	INTEGRATED	69fe08a2dedb23e7712758d9e54bcc99944ba81d3abacdc88066c1327ca0037b	1			
SEG-BASE-1CA896FD2C8410F9E5CE	BASE	RES-2BDF64B9E0A6345E	scripts/ui/hint_window.gd	literal/000018	6					ui		다음 단계는 「%s」입니다.\n위에서부터 필요한 만큼만 열어 보세요. 맨 아래는 정답이니 주의하세요.	[{"raw":"%s","class":"placeholder","movable":false,"order_sensitive":true}]							BATCH-PROD-HINT-GENERIC	INTEGRATED	5865c3ebf9c6871ad4e0b8695966fe66a4f9bdee48df1d38328b1c87b5099e1a	1			
SEG-BASE-7C68A33CD5071414FF5E	BASE	RES-2BDF64B9E0A6345E	scripts/ui/hint_window.gd	literal/000026	7					ui		이 힌트를 표시할까요?	[]							BATCH-PROD-HINT-GENERIC	INTEGRATED	09d0a22d1ec99f23698fed0cb9b5c058e8d5cc4a31203e7b7a17db21ecd64be7	1			
SEG-BASE-7A91E56AB0D8C4597A41	BASE	RES-2BDF64B9E0A6345E	scripts/ui/hint_window.gd	literal/000027	8					ui		보기	[]							BATCH-PROD-HINT-GENERIC	INTEGRATED	c1ee2c0cd4e9e38c42d6133c938fa606cd39807eb350cf6f9631e92dfb384e25	1			
SEG-BASE-D3E76E5A5BB9C7387291	BASE	RES-201D197E652D3070	scripts/ui/save_slot_dialog.gd	literal/000003	1					ui		■ 저장	[]							BATCH-PROD-UI-SHELL	INTEGRATED	0279fa9138c6f26dd09e7a006b0fb1646b2a065cc8bfc973669af43e0434b1d5	1			
SEG-BASE-4C73AA2235908DBAD142	BASE	RES-201D197E652D3070	scripts/ui/save_slot_dialog.gd	literal/000004	2					ui		■ 불러오기	[]							BATCH-PROD-UI-SHELL	INTEGRATED	c973bf87cb7de7a92f704acb5bd4efa253bbc3ba913069967600f6c209e567bb	1			
SEG-BASE-BB5B26963CB8D3E94721	BASE	RES-201D197E652D3070	scripts/ui/save_slot_dialog.gd	literal/000005	3					ui		클리어 후 데이터를 저장합니다.（★가 표시됩니다）	[]							BATCH-PROD-UI-SHELL	INTEGRATED	3dfc3d09c45ebdd4807ff2999f15bea2231fa4ae867c39f837c765a30724b197	1			
SEG-BASE-B9338956512E6200AF89	BASE	RES-201D197E652D3070	scripts/ui/save_slot_dialog.gd	literal/000014	4					ui		취소	[]							BATCH-PROD-UI-SHELL	INTEGRATED	bca84ea5c65fee0eccd1f23a972b95cce908f83977c65b4e8b32ca72a772a9a5	1			
SEG-BASE-7A8D5010805F576F0C21	BASE	RES-201D197E652D3070	scripts/ui/save_slot_dialog.gd	literal/000015	5					ui		（비어 있음）	[]							BATCH-PROD-UI-SHELL	INTEGRATED	fa8bc5e925f9f76116d7792daddf8681c027c8b1987a9709ada7ec70d7fc689b	1			
SEG-BASE-653CF8758DDED5498CEB	BASE	RES-201D197E652D3070	scripts/ui/save_slot_dialog.gd	literal/000023	6					ui		새 버전의 데이터（이 버전에서는 읽을 수 없습니다）	[]							BATCH-PROD-UI-SHELL	INTEGRATED	82020dcc8163b75443af284808fe9913adc04d04b7fc4e6423fa7f194abbab98	1			
SEG-BASE-F08A3356F1E77AF368C7	BASE	RES-201D197E652D3070	scripts/ui/save_slot_dialog.gd	literal/000047	7					ui		자동 저장	[]							BATCH-PROD-UI-SHELL	INTEGRATED	72b9d7997b19d9ddfcc68376a58f548a9d9d6618610b976435e91c2438d819b7	1			
SEG-BASE-CD0628D64D4FDA72DCF6	BASE	RES-201D197E652D3070	scripts/ui/save_slot_dialog.gd	literal/000048	8					ui		슬롯 %s	[{"raw":"%s","class":"placeholder","movable":false,"order_sensitive":true}]							BATCH-PROD-UI-SHELL	INTEGRATED	a1d84ea96f908848fb940e6b2b0601c6f5f882e8b8874b760bd0ef30554d3de3	1			
SEG-BASE-720A5453A9D99BE246C0	BASE	RES-BB0542E21B5E2A00	scripts/ui/title_bar.gd	literal/000001	1					ui		제목 없음	[]							BATCH-PROD-UI-SHELL	INTEGRATED	f59ab8d1331b7b16952fbd388258f856b9e09ce2d7b904f500bdfe4905640774	1			
SEG-BASE-7BD1E9D5EDBA5AC479A8	BASE	RES-F9A6DC88B55F20A4	scripts/ui/ui_kit.gd	literal/000045	1					ui		대조율 %d%%（확정 %d/%d）	[{"raw":"%d","class":"placeholder","movable":false,"order_sensitive":true},{"raw":"%%","class":"placeholder","movable":false,"order_sensitive":true},{"raw":"%d","class":"placeholder","movable":false,"order_sensitive":true},{"raw":"%d","class":"placeholder","movable":false,"order_sensitive":true}]							BATCH-PROD-UI-INVESTIGATION	INTEGRATED	fca46a7ac6eae7793c1c30463ae00ae3838d04d26a59fe67ed9030bd24ec29a5	1			
SEG-BASE-8A0DFD800A6C5362F7B4	BASE	RES-F9A6DC88B55F20A4	scripts/ui/ui_kit.gd	literal/000189	2					ui		잘라내기	[]							BATCH-PROD-UI-INVESTIGATION	INTEGRATED	8b892f41b8527122e740620fdfae1b5deff40603240ef966fc7d60adaa8a4128	1			
SEG-BASE-087641619F94D99E1164	BASE	RES-F9A6DC88B55F20A4	scripts/ui/ui_kit.gd	literal/000191	3					ui		복사	[]							BATCH-PROD-UI-INVESTIGATION	INTEGRATED	70f7ae4afacd9b24f204752da2e75f48a120dc133901c3834dde318bb412a514	1			
SEG-BASE-7C224FD0BCCBCDD7F1C7	BASE	RES-F9A6DC88B55F20A4	scripts/ui/ui_kit.gd	literal/000193	4					ui		붙여넣기	[]							BATCH-PROD-UI-INVESTIGATION	INTEGRATED	f1a3feffc5bb37d86989f5723f450d27635206b6ac7788027087ad82576401e4	1			
SEG-BASE-B710BDD892F65AAE2C4D	BASE	RES-F9A6DC88B55F20A4	scripts/ui/ui_kit.gd	literal/000195	5					ui		모두 선택	[]							BATCH-PROD-UI-INVESTIGATION	INTEGRATED	757abcf425c82b0e3d2529c068d615e2f9fe2862e507b0b254f09c46e943c2c9	1			
SEG-BASE-FEC949274CBA582FEA6B	BASE	RES-F9A6DC88B55F20A4	scripts/ui/ui_kit.gd	literal/000197	6					ui		지우기	[]							BATCH-PROD-UI-INVESTIGATION	INTEGRATED	df5b2c7768c05874bde7917f87169cf86e21d6e10e4bfb2d036aeb9544c22b52	1			
SEG-BASE-F9344878E2C4F2DD076B	BASE	RES-F9A6DC88B55F20A4	scripts/ui/ui_kit.gd	literal/000199	7					ui		실행 취소	[]							BATCH-PROD-UI-INVESTIGATION	INTEGRATED	1e32b149d4bb024f06b4aa027d636e601d422b370af32131fe1fc8c4f165156d	1			
SEG-BASE-0AAF5FABE91E9E0B7B90	BASE	RES-F9A6DC88B55F20A4	scripts/ui/ui_kit.gd	literal/000201	8					ui		다시 실행	[]							BATCH-PROD-UI-INVESTIGATION	INTEGRATED	1f71a95ae75d135a81dac3b568d71cb4966ffcfa744e0f329b6d5304a2c2b167	1			
SEG-BASE-8C0DD133A122BD4A158F	BASE	RES-F9A6DC88B55F20A4	scripts/ui/ui_kit.gd	literal/000319	9					ui		지급 무기: 	[]							BATCH-PROD-UI-INVESTIGATION	INTEGRATED	2237f7556b6c2c6d6e9d0634c379de85cfde372429c85f4b12775612727dca57	1			
SEG-BASE-F5CBC7BA314A66F45750	BASE	RES-C511D19D63B67FD8	scripts/windows/area_map.gd	literal/000005	1					ui		■ 지도　모쿠토섬	[]							BATCH-PROD-UI-INVESTIGATION	INTEGRATED	536997f8b125e1aeca719a58a0291eb5677a07097f63f5feca8c7c0eae067a85	1			
SEG-BASE-50A031C0989FDFEBF754	BASE	RES-62DF9CB86C6AD1C1	scripts/windows/boot_screen.gd	literal/000001	1					ui		YASHIMA-OS  리비전 2.3	[]							BATCH-PROD-UI-SHELL	INTEGRATED	2607a00c69d83d1ed8ef8929482d9086be05f40dd60c0d4ef145a2d5c9ec2f2e	1			
SEG-BASE-3CF3FB0D4A31144C44C5	BASE	RES-62DF9CB86C6AD1C1	scripts/windows/boot_screen.gd	literal/000002	2					ui		CPU .......................... 정상	[]							BATCH-PROD-UI-SHELL	INTEGRATED	42600d1332709c4e11500301386ecf27633c12b675f01245df7bd24eacaa0d89	1			
SEG-BASE-EC538CBC39C0F767E299	BASE	RES-62DF9CB86C6AD1C1	scripts/windows/boot_screen.gd	literal/000003	3					ui		메모리  16384K ............... 정상	[]							BATCH-PROD-UI-SHELL	INTEGRATED	b8f4910a4f4fdf3bba7e43a504f16e85db4fd59704614c543289e341008a51c9	1			
SEG-BASE-7B771ADCE2AE6B3B238D	BASE	RES-62DF9CB86C6AD1C1	scripts/windows/boot_screen.gd	literal/000004	4					ui		신경 링크 제어 ............. 정상	[]							BATCH-PROD-UI-SHELL	INTEGRATED	e1e0f805a50c048a17f95eeacd7495a3c2dab8e077116b5f93fa792f9287d00a	1			
SEG-BASE-769B2A4349084FF315D1	BASE	RES-62DF9CB86C6AD1C1	scripts/windows/boot_screen.gd	literal/000005	5					ui		아카이브 마운트:/NL ............ 정상	[]							BATCH-PROD-UI-SHELL	INTEGRATED	b878cc8b3b6a74e58f05d3c9b477a34098eae65cbada5bc896c304dc353bb1a1	1			
SEG-BASE-3CC24A50D8CF99884A32	BASE	RES-62DF9CB86C6AD1C1	scripts/windows/boot_screen.gd	literal/000006	6					ui		지령 로드:[00-ORDER] ........ 정상	[{"raw":"[00-ORDER]","class":"markup_open","movable":false,"order_sensitive":true}]							BATCH-PROD-UI-SHELL	INTEGRATED	bbe22de17c8be8f4c2de31a112ed8b81165574527bcd60294280e4eb9f375912	1			
SEG-BASE-A8A5156E4B29363C77F4	BASE	RES-62DF9CB86C6AD1C1	scripts/windows/boot_screen.gd	literal/000007	7					ui		색인 무결성 검사 ........ 실패	[]							BATCH-PROD-UI-SHELL	INTEGRATED	4c2815411fa4af86db889785c4fa78f7374cba24072d0c01cfb79c3ad3494324	1			
SEG-BASE-59E598C3EEC8E7D7640D	BASE	RES-62DF9CB86C6AD1C1	scripts/windows/boot_screen.gd	literal/000008	8					ui		기록:40   상태: 복구	[]							BATCH-PROD-UI-SHELL	INTEGRATED	ba8aa2ec11fc0424a582609fcea86fe5dfd4a407c2839b6793f7a686b3d66cba	1			
SEG-BASE-2C702F6FA9451D377A0D	BASE	RES-1D14A4BE40CA9105	scripts/windows/confirm_cutscene.gd	literal/000012	1					ui		위 1건 취소	[]							BATCH-PROD-UI-REPORT	INTEGRATED	56dfcb66aa106838494b1130f3bc99fd45411cdc11e857b391a5944802b19fc6	1			
SEG-BASE-4BE1E9DAD7729E2318C5	BASE	RES-1D14A4BE40CA9105	scripts/windows/confirm_cutscene.gd	literal/000013	2					ui		확인	[]							BATCH-PROD-UI-REPORT	INTEGRATED	565339bc4d33d72817b583024112eb7f5cdf3e5eef0252d6ec1b9c9a94e12bb3	1			
SEG-BASE-66161C82847FB1DF4FE8	BASE	RES-1D14A4BE40CA9105	scripts/windows/confirm_cutscene.gd	literal/000026	3					ui		1	[]							BATCH-PROD-UI-REPORT	INTEGRATED	412d9cd5bf88e0edf788144cc894a239b107f2267967b3cb31e9066c283ab898	1			
SEG-BASE-2030F78B76D55DD859F6	BASE	RES-1D14A4BE40CA9105	scripts/windows/confirm_cutscene.gd	literal/000027	4					ui		2	[]							BATCH-PROD-UI-REPORT	INTEGRATED	52288f2dfffde9c5a1f4dea7e208b57bce0fa34ea29299981d5dc874d2e494b8	1			
SEG-BASE-81AA7FE01737E7D99A9A	BASE	RES-1D14A4BE40CA9105	scripts/windows/confirm_cutscene.gd	literal/000028	5					ui		3	[]							BATCH-PROD-UI-REPORT	INTEGRATED	562ac777223f47fe057a92b4f190de082ef7cd147d8a602fffaae40f6c370b2d	1			
SEG-BASE-CE8B9444BF96241E6C5D	BASE	RES-1D14A4BE40CA9105	scripts/windows/confirm_cutscene.gd	literal/000034	6					ui		위 %s건 확정	[{"raw":"%s","class":"placeholder","movable":false,"order_sensitive":true}]							BATCH-PROD-UI-REPORT	INTEGRATED	2f9b4049e93669fcb67aaa18216d921c468a6fef82dda322a6300b66e73575da	1			
SEG-BASE-865AE8A1D81E20F55E29	BASE	RES-1D14A4BE40CA9105	scripts/windows/confirm_cutscene.gd	literal/000036	7					ui		확인	[]							BATCH-PROD-UI-REPORT	INTEGRATED	565339bc4d33d72817b583024112eb7f5cdf3e5eef0252d6ec1b9c9a94e12bb3	1			
SEG-BASE-934356CB27CE34DDFB3A	BASE	RES-2AFA35DB7F6D703F	scripts/windows/death_report.gd	literal/000005	1					ui		（사인）	[]							BATCH-PROD-UI-REPORT	INTEGRATED	4f98320b4c0fa85a16ec237977b497597585a3f05683ceb2eb401b44820787ec	1			
SEG-BASE-384DE1BFFF332C339889	BASE	RES-2AFA35DB7F6D703F	scripts/windows/death_report.gd	literal/000006	2					ui		（흉기）	[]							BATCH-PROD-UI-REPORT	INTEGRATED	e4f7f7686021691ce120b6ad556f0b0d296ec372504aff1a0e612e98fc22a8a3	1			
SEG-BASE-BA9D02DDF4373740941C	BASE	RES-2AFA35DB7F6D703F	scripts/windows/death_report.gd	literal/000007	3					ui		（가해자）	[]							BATCH-PROD-UI-REPORT	INTEGRATED	dc75220bdc6fdb45cf573258c2d5e5d2349fcc831f7973b6daac0a6f3d315231	1			
SEG-BASE-7B0DEEC5145E14F91B51	BASE	RES-2AFA35DB7F6D703F	scripts/windows/death_report.gd	literal/000008	4					ui		해당 없음（자살·사고·금지 구역）	[]							BATCH-PROD-UI-REPORT	INTEGRATED	933f4b74060eda008f7b06ea6c7409f938e39830c232ad9192b91798b80b9ef0	1			
SEG-BASE-DCB1F44AAC8DEC33AE79	BASE	RES-2AFA35DB7F6D703F	scripts/windows/death_report.gd	literal/000018	5					ui		보고서 제출	[]							BATCH-PROD-UI-REPORT	INTEGRATED	00fbd6d7840e4f667c37706bb925f729d331549ba3fe702323050c11944819e0	1			
SEG-BASE-6AC55F5BAE633ADE49B8	BASE	RES-2AFA35DB7F6D703F	scripts/windows/death_report.gd	literal/000022	6					ui		■ 사망 보고	[]							BATCH-PROD-UI-REPORT	INTEGRATED	95b3a6ef1752e477fe8ac83adac232469ca3ed3256bc7d3cd9faaaf33ceeb4eb	1			
SEG-BASE-5F96101632CB5915A5A1	BASE	RES-2AFA35DB7F6D703F	scripts/windows/death_report.gd	literal/000023	7					ui		■ 사망 보고　	[]							BATCH-PROD-UI-REPORT	INTEGRATED	019156b1d2335f78214371dc1c9674a483acbce9660bb7cb279fa1172029b559	1			
SEG-BASE-80DFE0C04E9B81A4F298	BASE	RES-2AFA35DB7F6D703F	scripts/windows/death_report.gd	literal/000030	8					ui		　　── 일부 보고가 잘못됨	[]							BATCH-PROD-UI-REPORT	INTEGRATED	e8bf4915d9e4607b871058eb825c4917ac3375662e9cdb5709014b855bcb06a7	1			
SEG-BASE-D91E3E91DDF4B3F16E8C	BASE	RES-2AFA35DB7F6D703F	scripts/windows/death_report.gd	literal/000032	9					ui		대조 대기 중 %s%s%s	[{"raw":"%s","class":"placeholder","movable":false,"order_sensitive":true},{"raw":"%s","class":"placeholder","movable":false,"order_sensitive":true},{"raw":"%s","class":"placeholder","movable":false,"order_sensitive":true}]							BATCH-PROD-UI-REPORT	INTEGRATED	507bddff71b66c1369d86598f86aeaec866f79c2d210dcf10c324ea0f309244e	1			
SEG-BASE-AD9AEC42CCFB893D48C1	BASE	RES-2AFA35DB7F6D703F	scripts/windows/death_report.gd	literal/000062	10					ui		복원 완료. 손상된 사망 보고를 모두 표시합니다.	[]							BATCH-PROD-UI-REPORT	INTEGRATED	2ec6ca807a99b7d9897244ac289292170bb6e0b586445ced28beeafbe827ef29	1			
SEG-BASE-BA09F5D5B8EDEC2F7A39	BASE	RES-2AFA35DB7F6D703F	scripts/windows/death_report.gd	literal/000063	11					ui		사망 보고를 확정했습니다(확정 %d/%d).	[{"raw":"%d","class":"placeholder","movable":false,"order_sensitive":true},{"raw":"%d","class":"placeholder","movable":false,"order_sensitive":true}]							BATCH-PROD-UI-REPORT	INTEGRATED	d2d4c4757d3a3578f340eb4ab6b239b3bc75d17b426b1fbd1a6b4bb08f4d1508	1			
SEG-BASE-FB6A4C3D65980E230E96	BASE	RES-2AFA35DB7F6D703F	scripts/windows/death_report.gd	literal/000064	12					ui		색인의 일부 손상을 감지했습니다. 현재 3건만 표시합니다.	[]							BATCH-PROD-UI-REPORT	INTEGRATED	ab6cd3ece138bb8dba267a16e0c4bcd2fd01f1d11ed4aa4c1abe9d5ef96ba0db	1			
SEG-BASE-2659A58E737C19E18F72	BASE	RES-2AFA35DB7F6D703F	scripts/windows/death_report.gd	literal/000065	13					ui		　／　MESSAGE %d 복원 완료.	[{"raw":"%d","class":"placeholder","movable":false,"order_sensitive":true}]							BATCH-PROD-UI-REPORT	INTEGRATED	dd2ac9cd18ce6d6132349de4dd5a7ecb721e0dca86747b3224ff95305c03268d	1			
SEG-BASE-6D7629A1944B9BB2AF2D	BASE	RES-2AFA35DB7F6D703F	scripts/windows/death_report.gd	literal/000074	14					ui		보고서 제출	[]							BATCH-PROD-UI-REPORT	INTEGRATED	00fbd6d7840e4f667c37706bb925f729d331549ba3fe702323050c11944819e0	1			
SEG-BASE-AECAC4AACFBD68F11E39	BASE	RES-2AFA35DB7F6D703F	scripts/windows/death_report.gd	literal/000075	15					ui		── 이 남자를 어떻게 보고할 것인가 ──	[]							BATCH-PROD-UI-REPORT	INTEGRATED	297689f313bf40a0afc53acdae594c02795a58dfa726f7927bdf641352397da7	1			
SEG-BASE-BC917ED3540CEFC5CF03	BASE	RES-2AFA35DB7F6D703F	scripts/windows/death_report.gd	literal/000079	16					ui		（최종 보고）	[]							BATCH-PROD-UI-REPORT	INTEGRATED	6060932345a07fd1eb966077a7409128c1aecaac7e5d5961d41787151fcb293f	1			
SEG-BASE-F3166F2932C7E1AE536E	BASE	RES-2AFA35DB7F6D703F	scripts/windows/death_report.gd	literal/000080	17					ui		금지 구역에서 폭사	[]							BATCH-PROD-UI-REPORT	INTEGRATED	5e7768fac78a12fb37e90e14f4647ccd0c0f814a2eacbff58a266b61c01ef3a4	1			
SEG-BASE-5A0D6D5DE8F67B810BE1	BASE	RES-3F8A1C522D970A52	scripts/windows/directory_window.gd	literal/000006	1					ui		목록	[]							BATCH-PROD-UI-INVESTIGATION	INTEGRATED	fbf43fa3688ece547e8a2eda9dcd7a7b717166b530835a0a502d2db451ffc9e9	1			
SEG-BASE-A733C3083103580B2103	BASE	RES-3F8A1C522D970A52	scripts/windows/directory_window.gd	literal/000007	2					ui		사진	[]							BATCH-PROD-UI-INVESTIGATION	INTEGRATED	9c3250ff63e15e9104a7eb1341f70d345de5f74421f47aea8dcad2d8e95299ae	1			
SEG-BASE-6D4DF234E1AAD79F6A83	BASE	RES-3F8A1C522D970A52	scripts/windows/directory_window.gd	literal/000010	3					ui		지급 무기: 	[]							BATCH-PROD-UI-INVESTIGATION	INTEGRATED	2237f7556b6c2c6d6e9d0634c379de85cfde372429c85f4b12775612727dca57	1			
SEG-BASE-1E2C1EECB040ED2A8711	BASE	RES-3F8A1C522D970A52	scripts/windows/directory_window.gd	literal/000012	4					ui		◀ 이전	[]							BATCH-PROD-UI-INVESTIGATION	INTEGRATED	36b615231b74aa306ec35b2f0abc622b198edcde395d448ac98caff0eaba9d31	1			
SEG-BASE-AEB556F63D3DAA91D02F	BASE	RES-3F8A1C522D970A52	scripts/windows/directory_window.gd	literal/000014	5					ui		다음 ▶	[]							BATCH-PROD-UI-INVESTIGATION	INTEGRATED	387bac1e12d728126db978ace72bfbbc625b82f6a813983a5721a40af7ded45d	1			
SEG-BASE-3E1D8EA0BC05FEB13E72	BASE	RES-B4D43DDC19C49536	scripts/windows/ending_credits.gd	literal/000001	1	SCENE-FINAL	ROUTE-COMMON	STATE-FINAL		credits		데스게임 보고서	[]							BATCH-PROD-CUTSCENES	INTEGRATED	9c307dc5fc83e8bc20ebf4d4b0f5140e9ca84805c76cfd200b73909d05839fc9	1	D-0037		
SEG-BASE-8321671767523B8CAFE2	BASE	RES-B4D43DDC19C49536	scripts/windows/ending_credits.gd	literal/000004	2	SCENE-FINAL	ROUTE-COMMON	STATE-FINAL		credits		― 제작진 ―	[]							BATCH-PROD-CUTSCENES	INTEGRATED	e0b021df156720b6e58d2a3fa4baead0346f81d6cd7eeae4d0cc2480271cf4da	1			
SEG-BASE-5A94D829986A1BA3577D	BASE	RES-B4D43DDC19C49536	scripts/windows/ending_credits.gd	literal/000006	3	SCENE-FINAL	ROUTE-COMMON	STATE-FINAL		credits		게임 기획 / 각본 / 아트	[]							BATCH-PROD-CUTSCENES	INTEGRATED	37bc52407c1efb8f4fa554e9cd44a03f4a00f242434e611946fb35544f76229b	1			
SEG-BASE-C41469748C8EE90BDA66	BASE	RES-B4D43DDC19C49536	scripts/windows/ending_credits.gd	literal/000007	4	SCENE-FINAL	ROUTE-COMMON	STATE-FINAL		credits			[]								OUT_OF_SCOPE	fef1f9cd699ea4fd0a6de9a46c664e2302dba39ca6796e1c01b5c2f0fb78a471	0			
SEG-BASE-106568973144AD5ACE61	BASE	RES-B4D43DDC19C49536	scripts/windows/ending_credits.gd	literal/000009	5	SCENE-FINAL	ROUTE-COMMON	STATE-FINAL		credits		프로그래밍 / 음악 / 사운드	[]							BATCH-PROD-CUTSCENES	INTEGRATED	b922ff9985fc2ebd536ee6efe0adce18c9cb34a10453757cbdf0489de33b0450	1			
SEG-BASE-B0011332148A9382F043	BASE	RES-B4D43DDC19C49536	scripts/windows/ending_credits.gd	literal/000010	6	SCENE-FINAL	ROUTE-COMMON	STATE-FINAL		credits			[]								OUT_OF_SCOPE	fef1f9cd699ea4fd0a6de9a46c664e2302dba39ca6796e1c01b5c2f0fb78a471	0			
SEG-BASE-F1743A871281C989CBB5	BASE	RES-B4D43DDC19C49536	scripts/windows/ending_credits.gd	literal/000013	7	SCENE-FINAL	ROUTE-COMMON	STATE-FINAL		credits		― 플레이테스트 ―	[]							BATCH-PROD-CUTSCENES	INTEGRATED	26717f17fae1dc8b61987c2444881245a5c296b4364e9095014967e34c8a4c02	1			
SEG-BASE-50645EAAD74A70F5BF60	BASE	RES-B4D43DDC19C49536	scripts/windows/ending_credits.gd	literal/000015	8	SCENE-FINAL	ROUTE-COMMON	STATE-FINAL		credits			[]								OUT_OF_SCOPE	f04b625f4c67d24b7eaead717894fbada96225d0c942d2a44f95f8b25217a99c	0			
SEG-BASE-219F66D4F4ACD8B1CCDC	BASE	RES-B4D43DDC19C49536	scripts/windows/ending_credits.gd	literal/000018	9	SCENE-FINAL	ROUTE-COMMON	STATE-FINAL		credits		― 영감을 받은 작품 ―	[]							BATCH-PROD-CUTSCENES	INTEGRATED	bc6efa9ea9470ba35aeb0b7bdb5871b7d2f2fd7d1ee928528942ea9384a231b1	1			
SEG-BASE-DF935488FA153252A2CE	BASE	RES-B4D43DDC19C49536	scripts/windows/ending_credits.gd	literal/000020	10	SCENE-FINAL	ROUTE-COMMON	STATE-FINAL		credits			[]								OUT_OF_SCOPE	f680c6ca744e00767897fd0866dbd8db9d6b4bf68acefad6c9d498f183fd5fde	0			
SEG-BASE-D2F531B3442A12345720	BASE	RES-B4D43DDC19C49536	scripts/windows/ending_credits.gd	literal/000021	11	SCENE-FINAL	ROUTE-COMMON	STATE-FINAL		credits			[]								OUT_OF_SCOPE	94ef02098ebb76267643f59011e473d2b6c2bda7ac2b7f18c1bffde761ef1b7b	0			
SEG-BASE-B5470619702CCF7DD810	BASE	RES-B4D43DDC19C49536	scripts/windows/ending_credits.gd	literal/000022	12	SCENE-FINAL	ROUTE-COMMON	STATE-FINAL		credits			[]								OUT_OF_SCOPE	3b42548b518df3f93ce21b6561b75377064db25370d54a5df41e4b79bbacd1b2	0			
SEG-BASE-51ABBC64404E3F7171D3	BASE	RES-B4D43DDC19C49536	scripts/windows/ending_credits.gd	literal/000025	13	SCENE-FINAL	ROUTE-COMMON	STATE-FINAL		credits		― 끝 ―	[]							BATCH-PROD-CUTSCENES	INTEGRATED	67d271e4dc4579224a0f2b4632409a08d8c6c236bf67183d6282fbfdd25c4848	1			
SEG-BASE-39AC7BB79DF899869099	BASE	RES-697E70F3A4228FE6	scripts/windows/ending_digest.gd	literal/000001	1	SCENE-FINAL	ROUTE-COMMON	STATE-FINAL		narration		기록 복원 단말에서 시작된 사이버 테러가\n중추를 무너뜨리고, 지휘 계통을 마비시켰다.	[]							BATCH-PROD-CUTSCENES	INTEGRATED	2d175678bd382fa629fbb9c876ccc59ebce350ce408e2474362fc5e2e6d77bd4	1			
SEG-BASE-0951437418FBFAE81C10	BASE	RES-697E70F3A4228FE6	scripts/windows/ending_digest.gd	literal/000002	2	SCENE-FINAL	ROUTE-COMMON	STATE-FINAL		narration		그 틈을 타 봉기가 연쇄적으로 일어났고, 수십 일 후 제국은 붕괴했다.	[]							BATCH-PROD-CUTSCENES	INTEGRATED	ff0f2f24929522292831fb3838d70140aa042d4713292fe6651a4ba3396c64bf	1			
SEG-BASE-4B0EF2BF467E9B85D72E	BASE	RES-697E70F3A4228FE6	scripts/windows/ending_digest.gd	literal/000003	3	SCENE-FINAL	ROUTE-COMMON	STATE-FINAL		narration		그리고――\n동틀 무렵 섬을 떠나는 작은 배 한 척.\n분명히 목격되었다.	[]							BATCH-PROD-CUTSCENES	INTEGRATED	d899bd6c25612e0de581caa0132bfc764518e65813d278c67e4209fefc135edd	1			
SEG-BASE-667876D2B03316E3472A	BASE	RES-697E70F3A4228FE6	scripts/windows/ending_digest.gd	literal/000004	4	SCENE-FINAL	ROUTE-COMMON	STATE-FINAL		narration		그리고――\n그 섬을 떠나는 이는 끝내 나타나지 않았다.	[]							BATCH-PROD-CUTSCENES	INTEGRATED	937d00c48dac836275d0daeeb56d9e9db1a401724ad020f5cc95afbc3c773a7b	1			
SEG-BASE-2E9C8233C1FC99222E98	BASE	RES-14DC35954324F947	scripts/windows/intro_sequence.gd	literal/000001	1	SCENE-BOOT	ROUTE-COMMON	STATE-BOOT		narration		제23회　적성 선별　무사 종료	[]							BATCH-PROD-CUTSCENES	INTEGRATED	96a2a63b2fda0fa675ce058028b7ec525db4195df6ab7e3491ed0a6128cddef0	1			
SEG-BASE-14AAF9E593C1767A84F0	BASE	RES-14DC35954324F947	scripts/windows/intro_sequence.gd	literal/000002	2	SCENE-BOOT	ROUTE-COMMON	STATE-BOOT		narration		대상: 제88고등학교　3학년 2반／40명	[]							BATCH-PROD-CUTSCENES	INTEGRATED	ce0cb51918f6f684bfdf66c12a6333a69f95e610e371e5393d6d659acfc86480	1			
SEG-BASE-5F52BBBBC60963516625	BASE	RES-14DC35954324F947	scripts/windows/intro_sequence.gd	literal/000003	3	SCENE-BOOT	ROUTE-COMMON	STATE-BOOT		narration		생존자 없음	[]							BATCH-PROD-CUTSCENES	INTEGRATED	6bce47ed9f4cf8614dede8ae65575375cc84c2d2f630fa90f6c2cbbd9cc0775b	1			
SEG-BASE-17A79093D00B9C03A2DD	BASE	RES-14DC35954324F947	scripts/windows/intro_sequence.gd	literal/000005	4	SCENE-BOOT	ROUTE-COMMON	STATE-BOOT		narration		보고서를 즉시 제출하라	[]							BATCH-PROD-CUTSCENES	INTEGRATED	76d8857da0e7211d1f1f8353b53399de519a10bd01b79e0a17089e6ccd3d35ec	1			
SEG-BASE-E84198DAE1E9CAC19925	BASE	RES-21A618107AA29A90	scripts/windows/log_viewer.gd	literal/000005	1					ui		복원순 ▼	[]							BATCH-PROD-UI-INVESTIGATION	INTEGRATED	2868f5f318beecc589c33adab78a54a07259221dc802423fec998f053d742a53	1			
SEG-BASE-A4F3AE176879F4820727	BASE	RES-21A618107AA29A90	scripts/windows/log_viewer.gd	literal/000008	2					ui		복원순 ▲	[]							BATCH-PROD-UI-INVESTIGATION	INTEGRATED	11dd6322e281705450eb78a59ac7c7b728dc2ad38924b252c6514214d9193038	1			
SEG-BASE-60BAED5BB201280C67E3	BASE	RES-21A618107AA29A90	scripts/windows/log_viewer.gd	literal/000011	3					ui		기록명순 ▲	[]							BATCH-PROD-UI-INVESTIGATION	INTEGRATED	cfdd4487aff172c804b258cde1112f1872e155117ea7fee4528e891df626c639	1			
SEG-BASE-63D759B37B8C52DB2542	BASE	RES-21A618107AA29A90	scripts/windows/log_viewer.gd	literal/000014	4					ui		기록명순 ▼	[]							BATCH-PROD-UI-INVESTIGATION	INTEGRATED	356a7be559a4816510bf5efe689134bdb19f2691e71f8d5ed34930389f9e04d4	1			
SEG-BASE-46181B836346E537DD57	BASE	RES-21A618107AA29A90	scripts/windows/log_viewer.gd	literal/000017	5					ui		참조 수 ▼	[]							BATCH-PROD-UI-INVESTIGATION	INTEGRATED	0c23fe8b9883895ff415c9462cbf3bbd778c922e46dae5a996b72a9d25e7c9f3	1			
SEG-BASE-13F9475BB1572AA2B99C	BASE	RES-21A618107AA29A90	scripts/windows/log_viewer.gd	literal/000020	6					ui		■ 색인	[]							BATCH-PROD-UI-INVESTIGATION	INTEGRATED	b3b99abfed38fcb23e93ea80ce355e4d0d18558fc64033d13817e63c3ffc7b73	1			
SEG-BASE-F85D949D0813B0A02A89	BASE	RES-21A618107AA29A90	scripts/windows/log_viewer.gd	literal/000027	7					ui		시스템	[]							BATCH-PROD-UI-INVESTIGATION	INTEGRATED	d621c1a7169f2ca51bc8674da52e9572178a66a1dde88da24da78fe4951703f9	1			
SEG-BASE-EECF3C6E0FCD2ACFDBD7	BASE	RES-21A618107AA29A90	scripts/windows/log_viewer.gd	literal/000030	8					ui		기록명:	[]							BATCH-PROD-UI-INVESTIGATION	INTEGRATED	82ee5d136fdb0957dabef08ec487c018031e0b26dcffee9b28e9547661907dcb	1			
SEG-BASE-81ED006EE7BB323AF807	BASE	RES-21A618107AA29A90	scripts/windows/log_viewer.gd	literal/000032	9					ui		복원	[]							BATCH-PROD-UI-INVESTIGATION	INTEGRATED	31da7ca72306209b0e9a08eb58edec538e94592ef11972744210f5ce4c615206	1			
SEG-BASE-E998EAC0A52A8759E974	BASE	RES-21A618107AA29A90	scripts/windows/log_viewer.gd	literal/000035	10					ui		× 아직 입력되지 않았다. 기록명을 입력하라.	[]							BATCH-PROD-UI-INVESTIGATION	INTEGRATED	1dd872abaa296843fcd47071b78d16420b4519bd04db62ef7f1050b3d46dc26a	1			
SEG-BASE-650AA9E551ED51F3AB07	BASE	RES-21A618107AA29A90	scripts/windows/log_viewer.gd	literal/000037	11					ui		× 입력 형식 오류. (예: 05-D2-29 ／ 00-ORDER)	[{"raw":"05-D2-29","class":"record_key","movable":false,"order_sensitive":true},{"raw":"00-ORDER","class":"record_key","movable":false,"order_sensitive":true}]							BATCH-PROD-UI-INVESTIGATION	INTEGRATED	9b3ec97907e506dc7ce939b2d20ebdc008590eb4be4a40575709b89d8aede4a5	1			
SEG-BASE-4482CF9BDC7202CF598F	BASE	RES-21A618107AA29A90	scripts/windows/log_viewer.gd	literal/000039	12					ui		× ERROR 404  ―  해당 기록 없음:  	[]							BATCH-PROD-UI-INVESTIGATION	INTEGRATED	044390f5a9a8f8ff50688aa637c486dd768754cada6c56e74a1be3579a3dc599	1			
SEG-BASE-EB15203F43A1E515F08C	BASE	RES-21A618107AA29A90	scripts/windows/log_viewer.gd	literal/000041	13					ui		× ERROR 404  ―  해당 기록 없음:  	[]							BATCH-PROD-UI-INVESTIGATION	INTEGRATED	044390f5a9a8f8ff50688aa637c486dd768754cada6c56e74a1be3579a3dc599	1			
SEG-BASE-AAE38E63497ED7C90628	BASE	RES-21A618107AA29A90	scripts/windows/log_viewer.gd	literal/000044	14					ui		기록명을 불러왔습니다. ［복원］을 눌러 복원하세요.	[]							BATCH-PROD-UI-INVESTIGATION	INTEGRATED	3f394929fd4ab75fd618b57bb33da87fe91067a5413b34ac1a80bfbb755e69d7	1			
SEG-BASE-0450149AA3BF2F433B12	BASE	RES-21A618107AA29A90	scripts/windows/log_viewer.gd	literal/000047	15					ui		● 시스템 문서를 복원했다.	[]							BATCH-PROD-UI-INVESTIGATION	INTEGRATED	24d612317eb7d7e8f2ebe721fe198b4cd5c24ef97c4e1ee873bc18f7e21635c3	1			
SEG-BASE-982C473D568F4948C9A5	BASE	RES-21A618107AA29A90	scripts/windows/log_viewer.gd	literal/000048	16					ui		● 기록을 복원했다.	[]							BATCH-PROD-UI-INVESTIGATION	INTEGRATED	896827337af0313074d2dae235c3ef57c12dbbea0b649a0e46563e6bbd8b6cc8	1			
SEG-BASE-14C3D48FEB9A6609B7D4	BASE	RES-21A618107AA29A90	scripts/windows/log_viewer.gd	literal/000049	17					ui		● 사망 기록을 복원했다.	[]							BATCH-PROD-UI-INVESTIGATION	INTEGRATED	02e12915e1b2ace17371187a31855aaaf0e8d8c9515829692b918d76c2454914	1			
SEG-BASE-B45BFE32DF9EA4227D77	BASE	RES-21A618107AA29A90	scripts/windows/log_viewer.gd	literal/000058	18					ui		[sys]-- 다른 기억에 대한 참조를 감지. 미복원 %d건 --[/sys]	[{"raw":"[sys]","class":"markup_open","movable":false,"order_sensitive":true},{"raw":"%d","class":"placeholder","movable":false,"order_sensitive":true},{"raw":"[/sys]","class":"markup_close","movable":false,"order_sensitive":true}]							BATCH-PROD-UI-INVESTIGATION	INTEGRATED	5a8598f35956654f375a61fbc4d7e82c1ed996815fce28aa5007e7d1f761ffc5	1			
SEG-BASE-734188DC47DF107CEBF2	BASE	RES-21A618107AA29A90	scripts/windows/log_viewer.gd	literal/000060	19					ui		\n[sys]-- 참조 분석 기능을 감지. 자세한 내용은 00-REFERENCE를 참조 --[/sys]	[{"raw":"[sys]","class":"markup_open","movable":false,"order_sensitive":true},{"raw":"00-REFERENCE","class":"record_key","movable":false,"order_sensitive":true},{"raw":"[/sys]","class":"markup_close","movable":false,"order_sensitive":true}]							BATCH-PROD-UI-INVESTIGATION	INTEGRATED	cc339a94a8e2b4c1f3c9409c27f34f68a3e9911ea3ac603736ee0383d4af6c36	1			
SEG-BASE-99276AF1B7B15E19C4C8	BASE	RES-21A618107AA29A90	scripts/windows/log_viewer.gd	literal/000069	20					ui		하이라이트 해제	[]							BATCH-PROD-UI-INVESTIGATION	INTEGRATED	f89b098b7ca9b9890bf137375a5db88c2af641154e6c1ea26cfc3bf7ece30292	1			
SEG-BASE-90BD8C39B83AAD604BB8	BASE	RES-21A618107AA29A90	scripts/windows/log_viewer.gd	literal/000070	21					ui		하이라이트	[]							BATCH-PROD-UI-INVESTIGATION	INTEGRATED	37064567383c442ef2309e020f5518daf9e422f623f6bf04df819d43594753bb	1			
SEG-BASE-4A23DAE76C6A7B58968A	BASE	RES-21A618107AA29A90	scripts/windows/log_viewer.gd	literal/000074	22					ui		● 하이라이트를 표시했다.	[]							BATCH-PROD-UI-INVESTIGATION	INTEGRATED	e0f72483cbc1f6f6c092c13384e81199f4be93bb1a1586849c16e626390c7c5b	1			
SEG-BASE-D584B9458ECFDC4C7FC1	BASE	RES-21A618107AA29A90	scripts/windows/log_viewer.gd	literal/000075	23					ui		● 하이라이트를 해제했다.	[]							BATCH-PROD-UI-INVESTIGATION	INTEGRATED	57b03582e23d02f0b635d110975453014b09a3b0623ecab6a2ac2d3511ca6c76	1			
SEG-BASE-E06217435AEFF6A9E0BA	BASE	RES-F936A9CB9AE3D74B	scripts/windows/notepad.gd	literal/000006	1					ui		■ 하이라이트 메모	[]							BATCH-PROD-UI-INVESTIGATION	INTEGRATED	482a5b9153fc518cc0625bb1c541939319bba823bb5790dcbbada270bb4d7e7c	1			
SEG-BASE-76F94EECD941334ADAC4	BASE	RES-F936A9CB9AE3D74B	scripts/windows/notepad.gd	literal/000007	2					ui		사망 기록 본문에서 눈에 띄는 부분을 드래그해 선택하고,\n	[]							BATCH-PROD-UI-INVESTIGATION	INTEGRATED	3308c5ab9fb10c65f5ae064a0bf684f3eca5de5ba136a91e24c12092a846a80e	1			
SEG-BASE-80E2FD79945E19E7B584	BASE	RES-F936A9CB9AE3D74B	scripts/windows/notepad.gd	literal/000008	3					ui		마우스 오른쪽 클릭 → ‘하이라이트’를 선택해 표시합니다.\n	[]							BATCH-PROD-UI-INVESTIGATION	INTEGRATED	ce7bcc0e4ed33993d244602ca8f333f0703e7056f83bda44cd861e7a2d183f0b	1			
SEG-BASE-FE61EBAAE42D875B93B8	BASE	RES-F936A9CB9AE3D74B	scripts/windows/notepad.gd	literal/000010	4					ui		· 하이라이트한 구절이 여기에 목록으로 표시됩니다.\n	[]							BATCH-PROD-UI-INVESTIGATION	INTEGRATED	e379007f6d87540ed9e3453a5d7c59e10f5b2ffd39e2a66f13374c7de46b1bc3	1			
SEG-BASE-87A0D3EF638F0665F3CE	BASE	RES-F936A9CB9AE3D74B	scripts/windows/notepad.gd	literal/000011	5					ui		· 하이라이트한 구절마다 메모를 남길 수 있습니다.\n	[]							BATCH-PROD-UI-INVESTIGATION	INTEGRATED	df846e69123ec08ff300c1bcfcd9485818ef0ee5ed13296036d72264ea49edd8	1			
SEG-BASE-EF1DBE6248A85B2E7C5F	BASE	RES-F936A9CB9AE3D74B	scripts/windows/notepad.gd	literal/000012	6					ui		· 하이라이트한 구절을 클릭하면 해당 기록이 열립니다.\n	[]							BATCH-PROD-UI-INVESTIGATION	INTEGRATED	f4d7ff4464200b41a5dcc8e614c42f2a6bf653cade2828999ff30abbdb1f8a6c	1			
SEG-BASE-F64895BE4E92EB49F7E4	BASE	RES-F936A9CB9AE3D74B	scripts/windows/notepad.gd	literal/000013	7					ui		· ‘삭제’로 하이라이트를 지울 수 있습니다.	[]							BATCH-PROD-UI-INVESTIGATION	INTEGRATED	48421df2b323551ea71c318615b43edb554e16adf5daa2ce28f41011c74d42db	1			
SEG-BASE-0EC88AA7D5E37E0C6AE3	BASE	RES-F936A9CB9AE3D74B	scripts/windows/notepad.gd	literal/000019	8					ui		삭제	[]							BATCH-PROD-UI-INVESTIGATION	INTEGRATED	e9653dc3edcbc072d033d200b3aa56539fde84e9b7cc80287fedc9f91cbe03ad	1			
SEG-BASE-ED538BE0BE474F746D0A	BASE	RES-F936A9CB9AE3D74B	scripts/windows/notepad.gd	literal/000021	9					ui		이 하이라이트에 남길 메모…	[]							BATCH-PROD-UI-INVESTIGATION	INTEGRATED	e0b4eb7ab91f998d634a0154d25b3b4a3b61e1e3ce90b1ea8d81f7bd00e2069d	1			
SEG-BASE-B45FB78F6CE074239E25	BASE	RES-F936A9CB9AE3D74B	scripts/windows/notepad.gd	literal/000024	10					ui		확인	[]							BATCH-PROD-UI-INVESTIGATION	INTEGRATED	20db9f87b8606c533dc8fd2599aff4ec2529fd3eeaa9b811c5892d1b44e6ef3e	1			
SEG-BASE-DFB993FC0465A418DC64	BASE	RES-F936A9CB9AE3D74B	scripts/windows/notepad.gd	literal/000025	11					ui		확인	[]							BATCH-PROD-UI-INVESTIGATION	INTEGRATED	20db9f87b8606c533dc8fd2599aff4ec2529fd3eeaa9b811c5892d1b44e6ef3e	1			
SEG-BASE-384F6EA490F44DC61762	BASE	RES-F936A9CB9AE3D74B	scripts/windows/notepad.gd	literal/000026	12					ui		수정	[]							BATCH-PROD-UI-INVESTIGATION	INTEGRATED	a05e98af3a821b31b5e8b5762f98e93fba0e1c9c54fd840ad7acafb3ead7540b	1			
SEG-BASE-23FA531AD9834128220C	BASE	RES-253B1D20B62D81E1	scripts/windows/reference_window.gd	literal/000002	1					ui		압수 자료　제88고등학교　졸업 앨범　발췌	[]							BATCH-PROD-UI-INVESTIGATION	INTEGRATED	ad7eb7ebe693f849015a9fd3414e0e8c475ddb7970aaa5f439df1574f72c1ec7	1			
SEG-BASE-33C793D2174A51DB8067	BASE	RES-253B1D20B62D81E1	scripts/windows/reference_window.gd	literal/000003	2					ui		압수 자료　████████　졸업 ㅇㅐㄹㅂㅓㅁ　기묘	[]							BATCH-PROD-UI-INVESTIGATION	INTEGRATED	f2c05ffdf588659326d2373ef1ab7caa0f2dda840bac992011533ff8bb3c8935	1			
SEG-BASE-BF8FE89E8A8228167459	BASE	RES-253B1D20B62D81E1	scripts/windows/reference_window.gd	literal/000026	3					ui		◀ 이전	[]							BATCH-PROD-UI-INVESTIGATION	INTEGRATED	36b615231b74aa306ec35b2f0abc622b198edcde395d448ac98caff0eaba9d31	1			
SEG-BASE-736C4DA64793592E273B	BASE	RES-253B1D20B62D81E1	scripts/windows/reference_window.gd	literal/000030	4					ui		다음 ▶	[]							BATCH-PROD-UI-INVESTIGATION	INTEGRATED	387bac1e12d728126db978ace72bfbbc625b82f6a813983a5721a40af7ded45d	1			
SEG-BASE-359C0B26CC3269DC2C82	BASE	RES-253B1D20B62D81E1	scripts/windows/reference_window.gd	literal/000031	5					ui		（사진 %02d）	[{"raw":"%02d","class":"placeholder","movable":false,"order_sensitive":true}]							BATCH-PROD-UI-INVESTIGATION	INTEGRATED	ef867101b11f3c9dfaf365f1d4d663369767b3f2532aa43a2b9e416fd77a7bdb	1			
SEG-BASE-B3AFB54D3D7FE5ECC583	BASE	RES-A9E5CD9BFB312FF3	scripts/windows/title_screen.gd	literal/000001	1					ui		데스게임 보고서	[]							BATCH-PROD-UI-SHELL	INTEGRATED	5ec9a0c179c369e0d326862c5612d1c2f290898ce7cfc99c2d3519ee90c628b2	1			
SEG-BASE-D1C3B41EB5B436505B62	BASE	RES-A9E5CD9BFB312FF3	scripts/windows/title_screen.gd	literal/000010	2					ui		버전 	[]							BATCH-PROD-UI-SHELL	INTEGRATED	58d9c832e36929336d3a31da6340510c0c1fab465bf10d75d3eb76ab15465da2	1			
SEG-BASE-E3EB7EBF7426AA6AE943	BASE	RES-A9E5CD9BFB312FF3	scripts/windows/title_screen.gd	literal/000024	3					ui		계속하기	[]							BATCH-PROD-UI-SHELL	INTEGRATED	8b597024261fd635e34d836f2f807220626cf6e3b14d0a5861af8a30fc8dbbd6	1			
SEG-BASE-1982E762F52C96C3118F	BASE	RES-A9E5CD9BFB312FF3	scripts/windows/title_screen.gd	literal/000025	4					ui		새 게임	[]							BATCH-PROD-UI-SHELL	INTEGRATED	fd6b6462657afe1c4fbc3529f131a8061be51bf11da5b00d79031346d9c78f3a	1			
SEG-BASE-7075D7A6D48698E7498C	BASE	RES-A9E5CD9BFB312FF3	scripts/windows/title_screen.gd	literal/000026	5					ui		새 게임	[]							BATCH-PROD-UI-SHELL	INTEGRATED	fd6b6462657afe1c4fbc3529f131a8061be51bf11da5b00d79031346d9c78f3a	1			
SEG-BASE-FEA59048B4CEE671AA17	BASE	RES-A9E5CD9BFB312FF3	scripts/windows/title_screen.gd	literal/000027	6					ui		설정	[]							BATCH-PROD-UI-SHELL	INTEGRATED	0d8619aae051ae343ea983e969d29b7bd7a618eb1b25a6c87c133c5e3ee25264	1			
SEG-BASE-E567A609BE874C4D74C5	BASE	RES-A9E5CD9BFB312FF3	scripts/windows/title_screen.gd	literal/000028	7					ui		크레딧	[]							BATCH-PROD-UI-SHELL	INTEGRATED	bbbf41ef1055e5758faaf7d13d12511e017d2145001f726c603a22be1df80f61	1			
SEG-BASE-8A6E1C964AE728BD1D0D	BASE	RES-A9E5CD9BFB312FF3	scripts/windows/title_screen.gd	literal/000029	8					ui		종료	[]							BATCH-PROD-UI-SHELL	INTEGRATED	8f26d438109c877447c80b84eb7e4ba1e6768ebcfc5408f0bc3c0725956bf039	1			
SEG-BASE-72480D2152DAA52438A3	BASE	RES-EE906CA5847B1B2A	story/logs/deaths.txt	record/01-E4-02/title	1	SCENE-RECORD-A	ROUTE-COMMON	STATE-RESTORE-A	SPK-63DF658920C22073	ui		아사노 이쓰키	[]							BATCH-PROD-STORY-A2	INTEGRATED	63df658920c22073f95b8ed585b843d6e904696ad180cdeb835efe375f6404e6	1			
SEG-BASE-00EE14E935A569F6D25E	BASE	RES-EE906CA5847B1B2A	story/logs/deaths.txt	record/01-E4-02/state	2	SCENE-RECORD-A	ROUTE-COMMON	STATE-RESTORE-A	SPK-63DF658920C22073	ui		1일째 07:00	[]							BATCH-PROD-STORY-A2	INTEGRATED	84d18bb768efb124251a22fd5e0c5b31b2e3446711e192da8c6d5970b99f85f8	1			
SEG-BASE-B72631713483F7BB462F	BASE	RES-EE906CA5847B1B2A	story/logs/deaths.txt	record/01-E4-02/body	3	SCENE-RECORD-A	ROUTE-COMMON	STATE-RESTORE-A	SPK-63DF658920C22073	narration		숨을 쉴 수가 없다.\n휘슬도, 팀원들과 둥글게 모이는 일도 이제 두 번 다시 없다.\n나눠 준 지도마저 내던지고, 나는 교실을 뛰쳐나왔다.\n안 돼.\n생각하기도 전에 발이 먼저 움직였다.\n축구부에서 줄곧 후보 선수였던 내게, 지금 의지할 수 있는 건 이 다리뿐이었다.\n\n운동장으로 뛰쳐나간다. 아침 햇살이 눈부시다. 드넓은 흙바닥 위에 나 혼자다.\n부원들은 어디에 있는 걸까. 다시 그들과 둥글게 모이고 싶다.\n――머리 깊은 곳에서 들어 본 적 없는 높은 소리. 삐, 삐, 하고. 점점 빨라진다.\n무슨 소리일까.\n아니, 이 소리는 어디서 울리는 거지.\n왠지 머릿속에서 들리는 것 같아……\n\n삐삐삐삐…… 간격이 완전히 0이 된다.\n\n강렬한 금속음이 뇌를 꿰뚫은 순간, 머리 전체가 끓어오르는 듯한 뜨거운 빛에 휩싸였다.\n\n[sys]\n-- 신경 기록 소자의 작동을 감지. 사양은 00-CHIP을 참조하세요 --\n-- 생명 기능의 정지를 감지했습니다. --\n[/sys]	[{"raw":"[sys]","class":"markup_open","movable":false,"order_sensitive":true},{"raw":"00-CHIP","class":"record_key","movable":false,"order_sensitive":true},{"raw":"[/sys]","class":"markup_close","movable":false,"order_sensitive":true}]							BATCH-PROD-STORY-A2	INTEGRATED	bdaafb5b427b8cc186105e8dbc6f98dbddedbc97218a84eb647a96b90f2eee31	1			
SEG-BASE-028E5BA2F42D8342D291	BASE	RES-EE906CA5847B1B2A	story/logs/deaths.txt	record/02-E4-04/title	4	SCENE-RECORD-A	ROUTE-COMMON	STATE-RESTORE-A	SPK-8CE94487E67A62CB	ui		이구치 하야토	[]							BATCH-PROD-STORY-A2	INTEGRATED	8ce94487e67a62cbbaa9b8ed3b113c22f2dac1fb48164bc7950131db6ba544b1	1			
SEG-BASE-FD6E3E5D728941B41680	BASE	RES-EE906CA5847B1B2A	story/logs/deaths.txt	record/02-E4-04/state	5	SCENE-RECORD-A	ROUTE-COMMON	STATE-RESTORE-A	SPK-8CE94487E67A62CB	ui		1일째 07:10	[]							BATCH-PROD-STORY-A2	INTEGRATED	5d4e76883613278634ec3778c95293cd654a48dbf14013e26fff8bd891a73896	1			
SEG-BASE-C0AAF3C3C8D97376F862	BASE	RES-EE906CA5847B1B2A	story/logs/deaths.txt	record/02-E4-04/body	6	SCENE-RECORD-A	ROUTE-COMMON	STATE-RESTORE-A	SPK-8CE94487E67A62CB	narration		[b]아사노[/b]가 운동장까지 달려가는 걸 모두 창문에서 지켜봤다.\n수박 깨기라도 하듯 머리가 요란하게 터졌다. 메마른 소리만 이곳까지 들려왔다.\n\n축구부의, 마음 약한 그 녀석.\n중학교 때까지 줄곧 같은 학교에서 같은 부였다.\n고등학교에 와선 내가 삐딱해져서, 주변에선 나를 양아치라고 부르며 아무도 다가오지 않는다.\n그래도 그 녀석은 그런 건 신경 쓰지 않는 듯 늘 평소처럼 말을 걸어 줬다.\n그뿐인 사이였다.\n그뿐일 터였다.\n\n모두가 아비규환의 패닉에 빠진 가운데, 나는 쇠파이프를 다시 움켜쥐고 군복 차림의 어른 앞에 섰다.\n“설명해! 왜 그 녀석이 죽는 건데, 어이!”\n\n어른은 표정 하나 변하지 않는다. 오른손 손가락으로 단말기의 버튼을 쓸고 있다.\n또 저 손가락이다. 그 녀석을 죽였을 때와 같은 움직임이다.\n\n――웃기지 마.\n\n생각하기도 전에 팔이 먼저 나갔다.\n\n[b]뚝[/b], 하고. 단단한 것이 부러지는 감각이 쇠파이프 너머로 전해졌다.\n단말기가 바닥을 튀어 멀리 미끄러져 간다.\n\n꼴좋다.\n젠장. 나는 그저 납득이 안 되는 걸 싫어했을 뿐이었다.\n그게 뭐가 나쁜데.\n어른들은 언제나 내 말은 제대로 듣지도 않고, 처음부터 내가 잘못했다고――\n\n쓰러져 있던 군복 차림 남자가 허리에서 무언가를 꺼냈다.\n리볼버 총구가 이쪽을 향한다.\n\n메마른 소리.\n가슴이 뜨겁다.\n바닥이 다가온다――\n\n[sys]\n-- 생명 기능의 정지를 감지했습니다. --\n[/sys]	[{"raw":"[b]","class":"markup_open","movable":false,"order_sensitive":true},{"raw":"[/b]","class":"markup_close","movable":false,"order_sensitive":true},{"raw":"[b]","class":"markup_open","movable":false,"order_sensitive":true},{"raw":"[/b]","class":"markup_close","movable":false,"order_sensitive":true},{"raw":"[sys]","class":"markup_open","movable":false,"order_sensitive":true},{"raw":"[/sys]","class":"markup_close","movable":false,"order_sensitive":true}]							BATCH-PROD-STORY-A2	INTEGRATED	7c507b3b2e14090daa5d632a8e976ceab4fb2bfededa1e019ab18afd02f7219c	1			
SEG-BASE-986C0771F48BA1774C25	BASE	RES-EE906CA5847B1B2A	story/logs/deaths.txt	record/03-E4-27/title	7	SCENE-RECORD-A	ROUTE-COMMON	STATE-RESTORE-A	SPK-382D491BCC0A5370	ui		나가이 겐	[]							BATCH-PROD-STORY-A1	INTEGRATED	382d491bcc0a5370e51118679292f4682fbeaca67045cd806a0841da128dee08	2			
SEG-BASE-DB281C545D3ED22C23F6	BASE	RES-EE906CA5847B1B2A	story/logs/deaths.txt	record/03-E4-27/state	8	SCENE-RECORD-A	ROUTE-COMMON	STATE-RESTORE-A	SPK-382D491BCC0A5370	ui		1일째 08:03	[]							BATCH-PROD-STORY-A1	INTEGRATED	0ad7cf3c727f284ae9ed4a0d75f28d3cba336dd56f35e4ed6b6305fc145467bc	2			
SEG-BASE-A9B3B2259826DBD22A11	BASE	RES-EE906CA5847B1B2A	story/logs/deaths.txt	record/03-E4-27/body	9	SCENE-RECORD-A	ROUTE-COMMON	STATE-RESTORE-A	SPK-382D491BCC0A5370	narration		사람 하나 남지 않은 폐교 교실에 주저앉아 있다.\n모두 너도나도 흩어져 갔다.\n\n[b]아사노[/b]. 그리고 [b]이구치[/b].\n그 둘은 죽어야 했던 걸까.\n한 명은 그저 무서워서 달렸을 뿐이다.\n한 명은 그저 납득이 안 된다고 말했을 뿐이다.\n\n그런 것만으로도 사람은 죽는다. 여기서는.\n\n우는 게 도리겠지. 하지만 눈물 한 방울도 나오지 않는다.\n그저 조용히 바라보고 있는 내가 있다.\n\n아침 8시 정각의 차임벨이 학교 건물에 울려 퍼진다.\n그렇군. 여기가 최초의 봉쇄 구역이었지.\n나가야 한다. 머리로는 알고 있다.\n그런데도 몸이 움직이지 않는다.\n\n왼손으로, 익숙지 않은 손놀림으로 지급받은 물의 뚜껑을 연다.\n미지근하다. 그래도 목구멍 안쪽을 태우는 듯한 갈증이 조금은 가셨다.\n\n[sys]\n-- 생명 기능의 정지를 감지했습니다. --\n-- 금지 구역을 감지했습니다. 기록은 00-ZONE을 참조하세요 --\n[/sys]	[{"raw":"[b]","class":"markup_open","movable":false,"order_sensitive":true},{"raw":"[/b]","class":"markup_close","movable":false,"order_sensitive":true},{"raw":"[b]","class":"markup_open","movable":false,"order_sensitive":true},{"raw":"[/b]","class":"markup_close","movable":false,"order_sensitive":true},{"raw":"[sys]","class":"markup_open","movable":false,"order_sensitive":true},{"raw":"00-ZONE","class":"record_key","movable":false,"order_sensitive":true},{"raw":"[/sys]","class":"markup_close","movable":false,"order_sensitive":true}]							BATCH-PROD-STORY-A1	INTEGRATED	63f9d3ec6a9b1910facfc70681e011aadab50d4b1eab4fe07e2403ef638342ce	2			
SEG-BASE-AA5BC6A8FA4CC3D1544F	BASE	RES-EE906CA5847B1B2A	story/logs/deaths.txt	record/04-C4-23/title	10	SCENE-RECORD-A	ROUTE-COMMON	STATE-RESTORE-A	SPK-45F997C0BF6E8199	ui		다치바나 유	[]							BATCH-PROD-STORY-A2	INTEGRATED	45f997c0bf6e81995f1d92b98aa060351ac66eb334f9d2fa7b53e13587d7bd40	1			
SEG-BASE-F8BC134B99742343357B	BASE	RES-EE906CA5847B1B2A	story/logs/deaths.txt	record/04-C4-23/state	11	SCENE-RECORD-A	ROUTE-COMMON	STATE-RESTORE-A	SPK-45F997C0BF6E8199	ui		1일째 09:00	[]							BATCH-PROD-STORY-A2	INTEGRATED	275ebf6f1cbf31492f9b612ea1498558da4b4e7818d4a1cebbd67fc302220f50	1			
SEG-BASE-9C9375BFC47222F295C8	BASE	RES-EE906CA5847B1B2A	story/logs/deaths.txt	record/04-C4-23/body	12	SCENE-RECORD-A	ROUTE-COMMON	STATE-RESTORE-A	SPK-45F997C0BF6E8199	narration		“여기서 만나자”고 [b]기류[/b]가 말했어.\n축구부에서 가장 오래 알고 지낸 사이였다.\n내가 부장이었고, 그 녀석이 주장이었다.\n기류는 언제나 모두의 몫까지 땀 흘리는 믿음직한 에이스였지만,\n나한테만은 무슨 일이든 상의해 줬다.\n가장 친한 친구라고 생각했다.\n\n항구의 창고. 약속대로 나는 문을 열었다.\n\n기류가 서 있었다. 손에는 나타를 늘어뜨린 채.\n“……미안해”라고 그 녀석은 말했다. 울 것 같은 얼굴로.\n\n기류야.\n축구부 모두가 살아남자고 했잖아.\n다 같이 배를 타고 탈출하자고 했잖아.\n등 뒤에서 [b]하야미[/b]가 도망치는 발소리가 들린다.\n지금 도망쳐.\n너는 달리기만큼은 빠르잖아.\n\n나타가 치켜 올라간다. 적어도 부장답게. 허둥대지 말자.\n\n[sys]\n-- 생명 기능의 정지를 감지했습니다. --\n[/sys]	[{"raw":"[b]","class":"markup_open","movable":false,"order_sensitive":true},{"raw":"[/b]","class":"markup_close","movable":false,"order_sensitive":true},{"raw":"[b]","class":"markup_open","movable":false,"order_sensitive":true},{"raw":"[/b]","class":"markup_close","movable":false,"order_sensitive":true},{"raw":"[sys]","class":"markup_open","movable":false,"order_sensitive":true},{"raw":"[/sys]","class":"markup_close","movable":false,"order_sensitive":true}]							BATCH-PROD-STORY-A2	INTEGRATED	bb2f1a7a4ca9b5a7bfb9c5df773532e8a11309e82b4366abfb76fd647ec95443	1			
SEG-BASE-F03C46447D68F2EF74D4	BASE	RES-EE906CA5847B1B2A	story/logs/deaths.txt	record/05-D2-29/title	13	SCENE-RECORD-INITIAL	ROUTE-COMMON	STATE-RESTORE-INITIAL	SPK-16C006B1529F3173	ui		하야미 리쿠	[]							BATCH-PILOT-NARRATIVE	RUNTIME_VALIDATED	16c006b1529f31732ef1fa225d944f79e17c1128e6244dd92a602bddf1abc328	1			
SEG-BASE-85A8E043172838D8279C	BASE	RES-EE906CA5847B1B2A	story/logs/deaths.txt	record/05-D2-29/state	14	SCENE-RECORD-INITIAL	ROUTE-COMMON	STATE-RESTORE-INITIAL	SPK-16C006B1529F3173	ui		1일째 09:25	[]							BATCH-PILOT-NARRATIVE	RUNTIME_VALIDATED	745fbc0b58b142d082184140156f613021dc024b6b1f587918bbd63921eead6a	1			
SEG-BASE-C75E0CA6C708F32E5863	BASE	RES-EE906CA5847B1B2A	story/logs/deaths.txt	record/05-D2-29/body	15	SCENE-RECORD-INITIAL	ROUTE-COMMON	STATE-RESTORE-INITIAL	SPK-16C006B1529F3173	narration		발이 늪에 빠져서 빨리 달릴 수가 없다.\n항구에서 정신없이 도망쳐 왔다.\n도망치는 속도만큼은 누구에게도 뒤지지 않는다.\n그럴 줄 알았는데.\n발목까지, 무릎까지 진창에 빠진다. 발버둥 칠수록 깊이 가라앉는다.\n\n등 뒤 비탈을 천천히 내려오는 발소리.\n[b]기류[/b]다.\n나타를 들고 이쪽으로 오고 있다.\n[b]다치바나[/b]가 [b]항구 창고 문[/b]을 열었을 때, 눈짓만으로 “도망쳐”라고 했다.\n그래서 난 도망쳤다.\n다치바나를 두고.\n미안해. 미안하다, 다치바나. 나만 도망쳐서.\n\n안 돼, 이제 곧 따라잡힌다.\n각오하고 뒤돌아보니, 나타를 치켜든 [b]기류[/b]와 눈이 마주쳤다.\n왜…… 너…… 울고 있는 거야?\n\n[sys]\n-- 지명 기록을 감지했습니다. 섬 지도는 00-MAP을 참조하세요 --\n-- 생명 기능의 정지를 감지했습니다. --\n[/sys]	[{"raw":"[b]","class":"markup_open","movable":false,"order_sensitive":true},{"raw":"[/b]","class":"markup_close","movable":false,"order_sensitive":true},{"raw":"[b]","class":"markup_open","movable":false,"order_sensitive":true},{"raw":"[/b]","class":"markup_close","movable":false,"order_sensitive":true},{"raw":"[b]","class":"markup_open","movable":false,"order_sensitive":true},{"raw":"[/b]","class":"markup_close","movable":false,"order_sensitive":true},{"raw":"[b]","class":"markup_open","movable":false,"order_sensitive":true},{"raw":"[/b]","class":"markup_close","movable":false,"order_sensitive":true},{"raw":"[sys]","class":"markup_open","movable":false,"order_sensitive":true},{"raw":"00-MAP","class":"record_key","movable":false,"order_sensitive":true},{"raw":"[/sys]","class":"markup_close","movable":false,"order_sensitive":true}]							BATCH-PILOT-NARRATIVE	RUNTIME_VALIDATED	6191c37ff40f97e886f28d49a2cede7b7f68690cc7962ddd1c711b0c9834e0c7	1			
SEG-BASE-FE846C7A34733B9F90F4	BASE	RES-EE906CA5847B1B2A	story/logs/deaths.txt	record/06-D2-11/title	16	SCENE-RECORD-INITIAL	ROUTE-COMMON	STATE-RESTORE-INITIAL	SPK-52BFEFC9627DEBED	ui		기류 렌	[]							BATCH-PILOT-NARRATIVE	RUNTIME_VALIDATED	52bfefc9627debedf65cab6260033183f3b93bb7cee456a276e70e17dc85dabd	1			
SEG-BASE-95D993AC06552FC07F00	BASE	RES-EE906CA5847B1B2A	story/logs/deaths.txt	record/06-D2-11/state	17	SCENE-RECORD-INITIAL	ROUTE-COMMON	STATE-RESTORE-INITIAL	SPK-52BFEFC9627DEBED	ui		1일째 09:40	[]							BATCH-PILOT-NARRATIVE	RUNTIME_VALIDATED	7f6740a22c84790b78f96a60f4f5db4a1867e42570ef9a07864da92eba37d2c5	1			
SEG-BASE-A3DC19D65DF2192874A4	BASE	RES-EE906CA5847B1B2A	story/logs/deaths.txt	record/06-D2-11/body	18	SCENE-RECORD-INITIAL	ROUTE-COMMON	STATE-RESTORE-INITIAL	SPK-52BFEFC9627DEBED	narration		[b]하야미[/b]가 진흙 속에서 움직임을 멈췄다.\n\n나는 이 적성 시험이 시작된다는 걸 미리 알고 있었다.\n어제, 나라 놈들이 집에 찾아와 여동생을 억지로 데려갔기 때문이다.\n\n“내일은 제일 먼저 움직여. 가장 중요한 놈부터다.”\n\n그 어른들은 그렇게 말했다.\n그래서 나는 죽일 수밖에 없다. 절친이든 누구든.\n죽일 때마다 눈물이 멈추지 않는다. 최악이다. 알고 있다. 그래도, 여동생이. 그 애가.\n\n무릎을 꿇고 울고 있었다. 그래서 뒤에서 들려오는 발소리를 늦게 알아챘다.\n둔탁한 충격. 뒤통수.\n\n유도부의 그 녀석. 움켜쥔 주먹에서 [b]너클[/b]이 번뜩인다.\n나타가 손에서 굴러 떨어진다. 하야미의 무기도, 전부 빼앗긴다.\n동생아. 미안해. 오빠가 약속을 지키지 못하――\n\n[sys]\n-- 생명 기능의 정지를 감지했습니다. --\n-- 유도 조치의 적용을 감지했습니다. 세부 사항은 00-MOTIVE를 참조하세요 --\n[/sys]	[{"raw":"[b]","class":"markup_open","movable":false,"order_sensitive":true},{"raw":"[/b]","class":"markup_close","movable":false,"order_sensitive":true},{"raw":"[b]","class":"markup_open","movable":false,"order_sensitive":true},{"raw":"[/b]","class":"markup_close","movable":false,"order_sensitive":true},{"raw":"[sys]","class":"markup_open","movable":false,"order_sensitive":true},{"raw":"00-MOTIVE","class":"record_key","movable":false,"order_sensitive":true},{"raw":"[/sys]","class":"markup_close","movable":false,"order_sensitive":true}]							BATCH-PILOT-NARRATIVE	RUNTIME_VALIDATED	e4083bd9ee62d19639edb29dd30b18e2876a813dc65494b02ab3988685e79710	1			
SEG-BASE-AE53CD5D5EF16D430BA8	BASE	RES-EE906CA5847B1B2A	story/logs/deaths.txt	record/07-D1-24/title	19	SCENE-RECORD-INITIAL	ROUTE-COMMON	STATE-RESTORE-INITIAL	SPK-E7D42DCA94B8F0AA	ui		다마루 겐	[]							BATCH-PILOT-NARRATIVE	RUNTIME_VALIDATED	e7d42dca94b8f0aa9c375dafa52c5a5424f0581510dd934ee0b0835d9fb96714	1			
SEG-BASE-7EEDEC5FC729AC70F628	BASE	RES-EE906CA5847B1B2A	story/logs/deaths.txt	record/07-D1-24/state	20	SCENE-RECORD-INITIAL	ROUTE-COMMON	STATE-RESTORE-INITIAL	SPK-E7D42DCA94B8F0AA	ui		1일째 10:05	[]							BATCH-PILOT-NARRATIVE	RUNTIME_VALIDATED	2c64f254e29d5b9fc9a2ed1159bc763c46933d8dff6c75527e21ecfcf8008665	1			
SEG-BASE-F96D949922C21767B853	BASE	RES-EE906CA5847B1B2A	story/logs/deaths.txt	record/07-D1-24/body	21	SCENE-RECORD-INITIAL	ROUTE-COMMON	STATE-RESTORE-INITIAL	SPK-E7D42DCA94B8F0AA	narration		국자. 지급받은 게 국자라고. 웃을 수밖에 없다.\n난 있어도 없어도 티가 안 날 만큼 눈에 띄지 않는다.\n싸울 생각은 애초부터 없었다.\n그저 계속 달리다가, 나중에는 숨을 죽이고 상황이 지나가기만 기다릴 생각이었다.\n\n하지만 도망치던 중에 보고 말았다.\n그 [b]기류[/b]가 사람을 죽이는 모습을.\n벌레 한 마리도 못 죽일 것 같은 녀석이 어떻게 그런 짓을 할 수 있는 거지.\n뭔가 근본부터 잘못됐다.\n\n어느새 발밑으로 그림자가 길게 드리워져 있었다. 그 손에 들린 건…… 나타?\n뒤돌아보는 순간, 날카로운 소리가 울렸다. 눈앞이 새빨갛게 물들었다.\n……왜. [b]왜, 기류의 나타를 네가 들고 있는 거야[/b]――\n\n[sys]\n-- 생명 기능의 정지를 감지했습니다. --\n[/sys]	[{"raw":"[b]","class":"markup_open","movable":false,"order_sensitive":true},{"raw":"[/b]","class":"markup_close","movable":false,"order_sensitive":true},{"raw":"[b]","class":"markup_open","movable":false,"order_sensitive":true},{"raw":"[/b]","class":"markup_close","movable":false,"order_sensitive":true},{"raw":"[sys]","class":"markup_open","movable":false,"order_sensitive":true},{"raw":"[/sys]","class":"markup_close","movable":false,"order_sensitive":true}]							BATCH-PILOT-NARRATIVE	RUNTIME_VALIDATED	d168d56430ba44f3ee13f2e78a89f7a347b952c1866a03d1cb7c75116e46ae35	1			
SEG-BASE-CBFD9CECD3E9B624AA92	BASE	RES-EE906CA5847B1B2A	story/logs/deaths.txt	record/08-C2-37/title	22	SCENE-RECORD-A	ROUTE-COMMON	STATE-RESTORE-A	SPK-AC376EEFD163A4BD	ui		모테기 유이	[]							BATCH-PROD-STORY-A2	INTEGRATED	ac376eefd163a4bd29c7d1459b6fe6e6bdd5809141790b13bf9233c2084a4cf5	1			
SEG-BASE-25398BD0415143CF70E5	BASE	RES-EE906CA5847B1B2A	story/logs/deaths.txt	record/08-C2-37/state	23	SCENE-RECORD-A	ROUTE-COMMON	STATE-RESTORE-A	SPK-AC376EEFD163A4BD	ui		1일째 11:03	[]							BATCH-PROD-STORY-A2	INTEGRATED	caa99955fce0d2414fd5e8d57f65fd81e0ac6c86106b9a2b1fe405e2c448c8af	1			
SEG-BASE-299911C112E17EFA1CD3	BASE	RES-EE906CA5847B1B2A	story/logs/deaths.txt	record/08-C2-37/body	24	SCENE-RECORD-A	ROUTE-COMMON	STATE-RESTORE-A	SPK-AC376EEFD163A4BD	narration		계속 그림을 그리고 싶었어. 정말, 그게 전부였는데.\n숲 깊은 곳에서 쓰바키와 단둘이 나무 그늘에 몸을 숨기고 있었다.\n방과 후 미술실에서 나란히 석고상을 스케치하던 때처럼.\n\n멀리서 스피커가 누군가의 이름을 읽어 준다.\n［……다마루. 현재, 7명, 사망……］\n그 순간 머릿속에서 경고 알림이 요란하게 울려 퍼졌다.\n금지 구역이 이 숲까지 닥쳐온다――\n\n달려야 해. 그런데 나무뿌리가 발목을 걸어 넘어뜨렸다. 흙냄새가 뺨에 닿는다.\n\n원치 않아도 떠오른다.\n처음 폐교 건물에서 모두가 눈을 뜨자마자, [b]첫 번째 희생자[/b]가 나왔고…\n[b]그 직후 이구치가[/b]…!\n\n다리가 떨려 움직이지 않는다. 전혀 힘이 들어가지 않는다.\n“가!” 마지막 용기를 쥐어짜 큰 소리로 외친다.\n\n절대로 뒤돌아보지 마. 너만큼은――\n\n[sys]\n-- 생명 기능의 정지를 감지했습니다. --\n-- 금지 구역을 감지했습니다. 기록은 00-ZONE을 참조하세요 --\n[/sys]	[{"raw":"[b]","class":"markup_open","movable":false,"order_sensitive":true},{"raw":"[/b]","class":"markup_close","movable":false,"order_sensitive":true},{"raw":"[b]","class":"markup_open","movable":false,"order_sensitive":true},{"raw":"[/b]","class":"markup_close","movable":false,"order_sensitive":true},{"raw":"[sys]","class":"markup_open","movable":false,"order_sensitive":true},{"raw":"00-ZONE","class":"record_key","movable":false,"order_sensitive":true},{"raw":"[/sys]","class":"markup_close","movable":false,"order_sensitive":true}]							BATCH-PROD-STORY-A2	INTEGRATED	d143507b25b790c0cfb8c7c1899db2c94c8907fa320b9fb6358cb87ae91248e8	1			
SEG-BASE-6AD662F31BCC6804CB55	BASE	RES-EE906CA5847B1B2A	story/logs/deaths.txt	record/09-B2-07/title	25	SCENE-RECORD-A	ROUTE-COMMON	STATE-RESTORE-A	SPK-E23B159513278F4A	ui		오쿠보 쓰바키	[]							BATCH-PROD-STORY-A1	INTEGRATED	e23b159513278f4a51445326b82e1b068e6db9089dfbf96b9c77566206225415	2			
SEG-BASE-10493B6381FAB0195D8B	BASE	RES-EE906CA5847B1B2A	story/logs/deaths.txt	record/09-B2-07/state	26	SCENE-RECORD-A	ROUTE-COMMON	STATE-RESTORE-A	SPK-E23B159513278F4A	ui		1일째 11:10	[]							BATCH-PROD-STORY-A1	INTEGRATED	e078bef92e3b334bb4baabc37affc856a38b5845a2f8022a5296bf4f1b04ce2c	2			
SEG-BASE-632F309195E92E4581E8	BASE	RES-EE906CA5847B1B2A	story/logs/deaths.txt	record/09-B2-07/body	27	SCENE-RECORD-A	ROUTE-COMMON	STATE-RESTORE-A	SPK-E23B159513278F4A	narration		“가!”――[b]동쪽 숲[/b]에서 그 아이의 마지막 목소리를, 나는 등을 돌린 채 들었다.\n[b]미술부에서 줄곧 함께해 왔다[/b].\n내성적인 내게 유일한 친구였다.\n\n정신없이 달려 동굴 안으로 굴러 들어갔다.\n어둡다.\n축축한 바위 냄새.\n스케치북만 가슴에 꼭 끌어안는다.\n종이 모서리가 갈비뼈에 파고들 만큼 세게.\n문득 숲으로 향하던 중의 일이 떠오른다.\n스다 씨가 확성기로 모두에게 [b]교회에 모이라고[/b] 외치고 있었다.\n다정한 목소리였다.\n하지만 갈 수 없었다.\n무서워서.\n우리는 늘 그랬다.\n\n……어? 동굴 깊은 곳에서 누군가가 가쁘게 숨을 몰아쉬고 있다.\n\n눈빛이 이상하다. 나를 보고 있는데도 나를 보고 있지 않다.\n“오지 마, 오지 말라고.”――헛소리처럼 되풀이하면서도,\n그런데도 다가온다.\n\n차가운 것이 배에 박혔다. 한 번. 두 번. 아픔보다 먼저 열기가 느껴졌다.\n유이야. 나도 곧 갈게. 그 석고상, 아직 다 못 그렸는데――\n\n[sys]\n-- 생명 기능의 정지를 감지했습니다. --\n[/sys]	[{"raw":"[b]","class":"markup_open","movable":false,"order_sensitive":true},{"raw":"[/b]","class":"markup_close","movable":false,"order_sensitive":true},{"raw":"[b]","class":"markup_open","movable":false,"order_sensitive":true},{"raw":"[/b]","class":"markup_close","movable":false,"order_sensitive":true},{"raw":"[b]","class":"markup_open","movable":false,"order_sensitive":true},{"raw":"[/b]","class":"markup_close","movable":false,"order_sensitive":true},{"raw":"[sys]","class":"markup_open","movable":false,"order_sensitive":true},{"raw":"[/sys]","class":"markup_close","movable":false,"order_sensitive":true}]							BATCH-PROD-STORY-A1	INTEGRATED	50e33300d2c6dd1923acaf8b9f1c56be3e2502947fc51fdd8cb01f680583dfdd	2			
SEG-BASE-C53489C08DBCBC82824D	BASE	RES-EE906CA5847B1B2A	story/logs/deaths.txt	record/10-D4-20/title	28	SCENE-RECORD-A	ROUTE-COMMON	STATE-RESTORE-A	SPK-D962134976A064C3	ui		스다 노조미	[]							BATCH-PROD-STORY-A1	INTEGRATED	d962134976a064c3544f09d98c1fdfe2ce110451308ba6b99ad83413ca9eede9	2			
SEG-BASE-CDDA396B24136E015B70	BASE	RES-EE906CA5847B1B2A	story/logs/deaths.txt	record/10-D4-20/state	29	SCENE-RECORD-A	ROUTE-COMMON	STATE-RESTORE-A	SPK-D962134976A064C3	ui		1일째 12:05	[]							BATCH-PROD-STORY-A1	INTEGRATED	f1c12f99ff16cce22e19db41d1e4c09352b3829cd5ee3554454f7a82bfc78b84	2			
SEG-BASE-09D128F9454E937DB12A	BASE	RES-EE906CA5847B1B2A	story/logs/deaths.txt	record/10-D4-20/body	30	SCENE-RECORD-A	ROUTE-COMMON	STATE-RESTORE-A	SPK-D962134976A064C3	narration		신이시여. 부디 이 아이들이 더는 피를 흘리지 않게 해 주세요.\n\n확성기를 움켜쥐고 필사적으로 호소했다.\n그렇게 신의 배움터에 모두 모여 주었다.\n동지들이 모두.\n\n“여러분, 한 번 무기를 내려놓지 않겠어요?”\n\n머뭇거리며 모두가 [b]지급받은 무기를 긴 책상 위에[/b] 늘어놓아 주었다.\n그중에는 도저히 무기라고는 생각할 수 없는 것도 섞여 있었지만.\n다행이다.\n여기만큼은 성역으로 만들 수 있어.\n그렇게 생각했다.\n“차솥으로 뭘 할 수 있겠어요?” 하고 후쿠시마 씨가 웃으며 말을 꺼냈다.\n\n“그럼 다 같이 차라도 마셔요.”\n\n스피커에서 사망자들의 이름을 읽어 준다.\n[b]［……모테기, 오쿠보. 현재, 9명, 사망……］[/b] 벌써 그렇게나.\n\n기도하는 마음으로 김이 나는 컵에 입을 댔다.\n목이 타들어 갔다. 이건. 이건――. 괴로워. 나도 모르게 목을 마구 긁는다.\n흐려지는 눈으로 책상을 본다.\n그 [b]예쁜 작은 병이 하나 사라져 있다[/b].\n누가.\n언제.\n\n[b]서로 뒤엉킨 듯한 발소리와 비명[/b]이 들린다.\n\n마지막 기도가 닿는다면, 부디 모두 다투지 말아 줘――\n\n[sys]\n-- 생명 기능의 정지를 감지했습니다. --\n[/sys]	[{"raw":"[b]","class":"markup_open","movable":false,"order_sensitive":true},{"raw":"[/b]","class":"markup_close","movable":false,"order_sensitive":true},{"raw":"[b]","class":"markup_open","movable":false,"order_sensitive":true},{"raw":"[/b]","class":"markup_close","movable":false,"order_sensitive":true},{"raw":"[b]","class":"markup_open","movable":false,"order_sensitive":true},{"raw":"[/b]","class":"markup_close","movable":false,"order_sensitive":true},{"raw":"[b]","class":"markup_open","movable":false,"order_sensitive":true},{"raw":"[/b]","class":"markup_close","movable":false,"order_sensitive":true},{"raw":"[sys]","class":"markup_open","movable":false,"order_sensitive":true},{"raw":"[/sys]","class":"markup_close","movable":false,"order_sensitive":true}]							BATCH-PROD-STORY-A1	INTEGRATED	606de69e105716fc9eb9c1a3165f959c1a38cf78e0d81a03348a086dee5ed42a	2			
SEG-BASE-5CFA114E6A916F0C7694	BASE	RES-EE906CA5847B1B2A	story/logs/deaths.txt	record/11-D4-16/title	31	SCENE-RECORD-A	ROUTE-COMMON	STATE-RESTORE-A	SPK-9E2C418537A8E571	ui		사이토 마유	[]							BATCH-PROD-STORY-A1	INTEGRATED	9e2c418537a8e5718cb5f52d2ccea84ef7a2d0682853930e96953755a9f841c5	2			
SEG-BASE-4B7E48E5F8192DCFDC02	BASE	RES-EE906CA5847B1B2A	story/logs/deaths.txt	record/11-D4-16/state	32	SCENE-RECORD-A	ROUTE-COMMON	STATE-RESTORE-A	SPK-9E2C418537A8E571	ui		1일째 12:10	[]							BATCH-PROD-STORY-A1	INTEGRATED	960e2acd42747bc0c736aa7ab0d9357106ceae8250916bd250413d1f07590df8	2			
SEG-BASE-BF74E69C61C4D65CEA43	BASE	RES-EE906CA5847B1B2A	story/logs/deaths.txt	record/11-D4-16/body	33	SCENE-RECORD-A	ROUTE-COMMON	STATE-RESTORE-A	SPK-9E2C418537A8E571	narration		내 작은 병.\n지급품이라며 건네받았을 때, 어쩜, 정말 예쁘다고 생각했다.\n사르르 흘러서, 설탕 과자의 알갱이 같았다.\n설마 그게 독일 줄은.\n\n그래서 [b]스다[/b] 씨가 말한 대로 순순히 책상 위에 내놓았다.\n모두와 똑같이.\n그게 옳은 일이라고 생각했으니까.\n그랬더니. 스다 씨가 차를 마시고 목을 움켜쥔 채 괴로워하기 시작했다.\n\n내 독 때문에?\n아니.\n아니야.\n나는 아무것도――\n\n종이 울린다. 누군가의 비명이 천장에 메아리친다.\n\n[b]후쿠시마[/b] 씨가 돌아서며 가늘게 빛나는 것을 내질렀다.\n“참 느긋하네.” 그렇게들 자주 웃었다.\n정말 그렇다.\n이런 때에도 나는 도망칠 때를 놓친다.\n\n스다 씨. 미안해요――\n\n[sys]\n-- 생명 기능의 정지를 감지했습니다. --\n[/sys]	[{"raw":"[b]","class":"markup_open","movable":false,"order_sensitive":true},{"raw":"[/b]","class":"markup_close","movable":false,"order_sensitive":true},{"raw":"[b]","class":"markup_open","movable":false,"order_sensitive":true},{"raw":"[/b]","class":"markup_close","movable":false,"order_sensitive":true},{"raw":"[sys]","class":"markup_open","movable":false,"order_sensitive":true},{"raw":"[/sys]","class":"markup_close","movable":false,"order_sensitive":true}]							BATCH-PROD-STORY-A1	INTEGRATED	678c8295a907b6d330f2e03e7c62e1800e003f8cfaf3525133585fa04b9c1cb1	2			
SEG-BASE-9EEFD3289360422E6963	BASE	RES-EE906CA5847B1B2A	story/logs/deaths.txt	record/12-D4-31/title	34	SCENE-RECORD-A	ROUTE-COMMON	STATE-RESTORE-A	SPK-F3DE5095217967E6	ui		후쿠시마 아야카	[]							BATCH-PROD-STORY-A2	INTEGRATED	f3de5095217967e677615deeee7c55311afadf46106bedda032c64ce3ae01a8b	1			
SEG-BASE-B207F028963DD23AD01F	BASE	RES-EE906CA5847B1B2A	story/logs/deaths.txt	record/12-D4-31/state	35	SCENE-RECORD-A	ROUTE-COMMON	STATE-RESTORE-A	SPK-F3DE5095217967E6	ui		1일째 12:15	[]							BATCH-PROD-STORY-A2	INTEGRATED	b74ba97a07bf6550e1be257a7482e0789d22c4ca7b4b09a4e6723883e88fb5d4	1			
SEG-BASE-9237A9E20C39554F4E01	BASE	RES-EE906CA5847B1B2A	story/logs/deaths.txt	record/12-D4-31/body	36	SCENE-RECORD-A	ROUTE-COMMON	STATE-RESTORE-A	SPK-F3DE5095217967E6	narration		[b]스다[/b] 씨가 쓰러지고, 누군가 독이라고, 독이라고 외치자 기도의 집은 순식간에 지옥으로 변했다.\n\n나는 책상 위에 있던 가늘게 빛나는 것을 소매 아래에 몰래 쥐고 있었다.\n다도부인 내가 가진 차솥 따위는 무기가 될 수 없으니까.\n\n종이 요란하게 울렸다.\n\n어깨가 흠칫 뛰고――깨닫고 보니 눈앞의 [b]사이토[/b] 씨를 찌르고 있었다.\n아아. 나, 무슨 짓을. 늘 얌전한 아이라는 말을 들어 왔는데.\n\n등 뒤에서 옷 스치는 소리가 났다. 돌아보기도 전에 뒤통수에 무거운 일격.\n물이 떨어지는 소리가 난다.\n……그런 사용법도 있구나.\n다도부인 나는 생각지도 못했다.\n\n웃고 있어. 그 아이는 아까부터 계속 웃고 있었어.\n스다 씨도, 사이토 씨도, 나도.\n우리는 처음부터 그 아이 손바닥 위에서――\n\n[sys]\n-- 생명 기능의 정지를 감지했습니다. --\n[/sys]	[{"raw":"[b]","class":"markup_open","movable":false,"order_sensitive":true},{"raw":"[/b]","class":"markup_close","movable":false,"order_sensitive":true},{"raw":"[b]","class":"markup_open","movable":false,"order_sensitive":true},{"raw":"[/b]","class":"markup_close","movable":false,"order_sensitive":true},{"raw":"[sys]","class":"markup_open","movable":false,"order_sensitive":true},{"raw":"[/sys]","class":"markup_close","movable":false,"order_sensitive":true}]							BATCH-PROD-STORY-A2	INTEGRATED	170148845653eca1767485300a26fa7d68a1f55193cbb14d197ca83a9273f749	1			
SEG-BASE-E170EADD3F040CCC6518	BASE	RES-EE906CA5847B1B2A	story/logs/deaths.txt	record/13-C3-34/title	37	SCENE-RECORD-A	ROUTE-COMMON	STATE-RESTORE-A	SPK-0C329EFDA634B2C2	ui		마키노 료	[]							BATCH-PROD-STORY-A1	INTEGRATED	0c329efda634b2c2f298554eeb73e1918a1653ee95a3ae7ced0c85c7db689006	2			
SEG-BASE-1B1B75389D6B76D8E679	BASE	RES-EE906CA5847B1B2A	story/logs/deaths.txt	record/13-C3-34/state	38	SCENE-RECORD-A	ROUTE-COMMON	STATE-RESTORE-A	SPK-0C329EFDA634B2C2	ui		1일째 13:05	[]							BATCH-PROD-STORY-A1	INTEGRATED	197081925214e70136aceab070c59dbf1f7ef2f1f090a4ba5fdfd9bfc717bb7e	2			
SEG-BASE-DC52FC553E8FB6D55E27	BASE	RES-EE906CA5847B1B2A	story/logs/deaths.txt	record/13-C3-34/body	39	SCENE-RECORD-A	ROUTE-COMMON	STATE-RESTORE-A	SPK-0C329EFDA634B2C2	narration		지급품 봉투 오픈→내용물은 요요.\n뭐?\n목숨 건 배틀로얄에서 초기 장비가 요요라니, 개그가 밀려들어서 웃을 수가 없다.\n운영진, 일해라.\n그런데 이걸 히라오카 공에게 보여 줬더니, 평소엔 뚱한 얼굴인 논리쟁이가 “훗” 하고.\n야, 방금 그 기습 미소 파괴력 보소.\n사실상 승리한 히로인 아니냐, 상식적으로.\n이 파트너를 따라온 건 대정답. 이견은 받지 않는다.\n\n전파탑 꼭대기, 소생은 망보기(고지대 포지션) 담당.\n찐 전자 공작반인 히라오카 공이 “여기서 ‘혁명 전파’를 전 세계에 마구 송출하겠다”라며 중2병의 극치를 한없이 진지하게 지껄이신다.\n그럼 올라탈 수밖에 없지, 상식적으로.\n역사에 이름 새길 플래그, 이거 왔다.\n\n……이러고 신나게 까불고 있었더니, 탑 스피커가 무정한 노이즈를 토해 냈다.\n[b]［……스다, 사이토, 후쿠시마. 현재, 12명, 사망……］[/b]\n현실 숫자 너무 무거워서 웃기네…… 아니, 안 웃겨. 망했다아――!\n바로 그때, 등 뒤로 서늘한 기척이 스친다.\n뇌내 탐색 레이더가 삐빅 하고 반응, 목덜미의 털이 전부 곤두섰다.\n소생, 황급히 뒤돌아본다.\n\n거기에 서 있던 건 구로사와 여사. 뜻밖의 등장, 이거 왔다.\n그런데 그 손에 들린 건…… 뭐지?\n야, 그게 뭐냐.\n그런 레어 아이템이 지급 무기라고……?\n잠깐, 너――\n\n[sys]\n-- 생명 기능의 정지를 감지했습니다. --\n-- 정시 방송 기록을 감지했습니다. 사양은 00-ANNOUNCE를 참조하세요 --\n[/sys]	[{"raw":"[b]","class":"markup_open","movable":false,"order_sensitive":true},{"raw":"[/b]","class":"markup_close","movable":false,"order_sensitive":true},{"raw":"[sys]","class":"markup_open","movable":false,"order_sensitive":true},{"raw":"00-ANNOUNCE","class":"record_key","movable":false,"order_sensitive":true},{"raw":"[/sys]","class":"markup_close","movable":false,"order_sensitive":true}]							BATCH-PROD-STORY-A1	INTEGRATED	71996a59f4241d15149c98c47b810af2cc755d1e9aa6a2c1c967671ef6a7b044	2			
SEG-BASE-A24711506260E1B15D13	BASE	RES-EE906CA5847B1B2A	story/logs/deaths.txt	record/14-C3-30/title	40	SCENE-RECORD-A	ROUTE-COMMON	STATE-RESTORE-A	SPK-BFC26BBC3581191D	ui		히라오카 슌	[]							BATCH-PROD-STORY-A1	INTEGRATED	bfc26bbc3581191dc1bfbb46ce19c45fff999d7f3c1e974d7a657ae4241e7c00	2			
SEG-BASE-A92B91159E36424C7AB4	BASE	RES-EE906CA5847B1B2A	story/logs/deaths.txt	record/14-C3-30/state	41	SCENE-RECORD-A	ROUTE-COMMON	STATE-RESTORE-A	SPK-BFC26BBC3581191D	ui		1일째 13:07	[]							BATCH-PROD-STORY-A1	INTEGRATED	e7f0c8dc273bb2cb742ee4bea57b25499eab3f46cbc0e440c43dab9f5c1a8937	2			
SEG-BASE-47255F3C61E64A1D96B0	BASE	RES-EE906CA5847B1B2A	story/logs/deaths.txt	record/14-C3-30/body	42	SCENE-RECORD-A	ROUTE-COMMON	STATE-RESTORE-A	SPK-BFC26BBC3581191D	narration		크크크…… 된다…… 조금만 더.\n이 플라이어로 트랜스미터를 안테나선에 곧장 물려 끼워 넣으면,\n이 감옥의 차폐물 따위는 모조리 무로 돌아가고, AM 광역 마도 시그널이 세계 끝까지 뚫고 나간다.\n\n이름하여 “전파탑 하이재킹(라디오 레지스탕스)”.\n\n기존 교과서 따위에는 절대 실리지 않을, 이 몸이 독학으로 이룬 집대성이자 금기의 마도서다.\n반의 우매한 무리는 이 몸이 심연을 들여다볼 때마다 『논리쟁이』니 뭐니 하며 비웃고 깔보아 왔다.\n바라던 바다.\n미친 운명의 막바지에 결국 힘을 발휘하는 건, 이 몸의 고독한 탐구가 쌓아 올린 절대의 논리와 영혼을 새겨 넣은 납땜인두의 수인 것이다.\n\n깨어나라, 세계여!\n이 칠흑으로 물든 섬에서 지금 벌어지는 거대한 광기를,\n남김없이 모조리 백일하에 드러내 주마.\n이건 절대 정상이 아니라고, 미쳐 있다고 말이다!\n어차피 우리는 이 땅에서 끝날 운명(숙명).\n그렇다 해도 이 절망의 생생한 목소리가 세상의 전파를 타면, 바깥에 있는 누군가의 인과가 움직인다.\n절대의 0이 가능성의 1로 반전되는 것이다.\n……그러기 위해서는 이 칠흑의 성배(마이크)가 필요하다.\n\n파트너 [b]마키노[/b]에게 망을 맡기고, 이 몸은 그저 미친 듯이 손을 움직였다.\n파트너는 요요로 허공을 가르며 “적 그림자 없―음!”\n따위나 외치며 광대 노릇을 하고 있다.\n\n――사신의 메마른 총성이 냉혹하게 울렸다.\n\n뒤돌아보니 마키노가 믿을 수 없는 것을 본 얼굴로,\n천천히 무너져 내리고 있었다.\n요요가 달그랑, 바닥을 울렸다.\n\n선 하나만 더. 이 선만 연결하면 우리의 영혼의 외침이 바깥으로――\n\n다시 한 번, 고막을 찢는 절대의 총성이 울려 퍼졌다.\n\n[sys]\n-- 생명 기능의 정지를 감지했습니다. --\n[/sys]	[{"raw":"[b]","class":"markup_open","movable":false,"order_sensitive":true},{"raw":"[/b]","class":"markup_close","movable":false,"order_sensitive":true},{"raw":"[sys]","class":"markup_open","movable":false,"order_sensitive":true},{"raw":"[/sys]","class":"markup_close","movable":false,"order_sensitive":true}]							BATCH-PROD-STORY-A1	INTEGRATED	868b41964441813d7cd45560fb6168babf2e38ca5382c167b1455ea5013c11e1	2			
SEG-BASE-0C8999EC4848EC085278	BASE	RES-EE906CA5847B1B2A	story/logs/deaths.txt	record/15-C3-13/title	43	SCENE-RECORD-B	ROUTE-COMMON	STATE-RESTORE-B	SPK-B7001F772F0FBECF	ui		구로사와 시오리	[]							BATCH-PROD-STORY-B	INTEGRATED	b7001f772f0fbecf273452d13bcc194ceaa4d9fca2e41f748583b5f8d0f48503	1			
SEG-BASE-235E9EAAF870989DC25C	BASE	RES-EE906CA5847B1B2A	story/logs/deaths.txt	record/15-C3-13/state	44	SCENE-RECORD-B	ROUTE-COMMON	STATE-RESTORE-B	SPK-B7001F772F0FBECF	ui		1일째 13:25	[]							BATCH-PROD-STORY-B	INTEGRATED	4efe828b380a9c65bd0d154ed9aee71e9da130b25481676acfe71f141903f382	1			
SEG-BASE-9602ABD197941AE047BC	BASE	RES-EE906CA5847B1B2A	story/logs/deaths.txt	record/15-C3-13/body	45	SCENE-RECORD-B	ROUTE-COMMON	STATE-RESTORE-B	SPK-B7001F772F0FBECF	narration		확률의 문제야.\n전파탑에 틀어박히면 시야가 트인다.\n다가오는 건 쏠 수 있다.\n나와 마코토라면 밤까지 살아남을 수 있어.\n겁 많고 사람 좋은 그 아이.\n내가 지킬 거야.\n계속 둘이서 여기까지 왔으니까.\n침착하게.\n나는 언제나 침착할 수 있어.\n\n먼저 위에 있던 빈틈투성이 [b]마키노[/b]를 쐈다.\n이어서 [b]히라오카[/b]도.\n감정의 대가는 나중에 한꺼번에 치르면 돼.\n리볼버에 남은 탄환은 네 발.\n그때였다. 시야가 새하얗게 타올랐다.\n섬광탄. 눈이. 눈이, 보이지 않아.\n\n누구야? 누가 던진 거야!? 우리, 미행당하고 있었어――\n바람을 가르며 쇠붙이 칼날이 윙윙 울린다.\n무작정 한 발 쐈다. 맞힌 느낌은 없다. 계산이 소리를 내며 무너져 내린다.\n\n마코토, 도망쳐. 너만은. 내 단 하나의――\n\n다시 한 번 쇠붙이 칼날이 울었다.\n\n[sys]\n-- 생명 기능의 정지를 감지했습니다. --\n[/sys]	[{"raw":"[b]","class":"markup_open","movable":false,"order_sensitive":true},{"raw":"[/b]","class":"markup_close","movable":false,"order_sensitive":true},{"raw":"[b]","class":"markup_open","movable":false,"order_sensitive":true},{"raw":"[/b]","class":"markup_close","movable":false,"order_sensitive":true},{"raw":"[sys]","class":"markup_open","movable":false,"order_sensitive":true},{"raw":"[/sys]","class":"markup_close","movable":false,"order_sensitive":true}]							BATCH-PROD-STORY-B	INTEGRATED	61181d10f49f89c0548cbb1205944f78de335738a55ebc059ede4f5df8cf8b64	1			
SEG-BASE-125C3388B8FE14A5E7FE	BASE	RES-EE906CA5847B1B2A	story/logs/deaths.txt	record/16-C3-01/title	46	SCENE-RECORD-B	ROUTE-COMMON	STATE-RESTORE-B	SPK-7284E3A016E5E12A	ui		아이자와 마코토	[]							BATCH-PROD-STORY-B	INTEGRATED	7284e3a016e5e12a1f7b10d81814fb1da608344eb8c2e9e91ceef384cfa4a18e	1			
SEG-BASE-625E1C065DE90F256853	BASE	RES-EE906CA5847B1B2A	story/logs/deaths.txt	record/16-C3-01/state	47	SCENE-RECORD-B	ROUTE-COMMON	STATE-RESTORE-B	SPK-7284E3A016E5E12A	ui		1일째 13:45	[]							BATCH-PROD-STORY-B	INTEGRATED	7f64adc2d55b33fcc08c50e1ae48de333e599647216ba8351bc610ac6b05bc0c	1			
SEG-BASE-DD4F11686DAC09A5E37F	BASE	RES-EE906CA5847B1B2A	story/logs/deaths.txt	record/16-C3-01/body	48	SCENE-RECORD-B	ROUTE-COMMON	STATE-RESTORE-B	SPK-7284E3A016E5E12A	narration		시오리가 나를 감싸며 대신 총을 쏴 주고 있었다.\n늘 침착한 그 아이와 나는 줄곧 둘이서 행동해 왔다.\n겁 많은 내게 하나뿐인 절친.\n나는 마침 눈을 감고 있었기에, 조금씩 시야가 돌아오기 시작했다.\n\n시오리가 무너져 내린다. 실이 끊어진 인형처럼.\n안 돼.\n안 돼―― 정신을 차리고 보니, 나는 필사적으로 검은 그림자에게 달려들고 있었다.\n사람 좋기만 한 내가, 태어나 처음으로 누군가에게 달려들었다.\n하지만 너무나 쉽게 뿌리쳐졌다. 비틀거리며 물러난 곳에 또 한 사람이 있다…….\n\n이 두 사람이 한패였구나.\n흐리던 시야가 문득 선명해진 순간 눈에 들어온 것은,\n그 또 다른 사람이 내리치는, 검붉게 더럽혀진 두껍고 투박한 칼날이다.\n\n“미안해, 시오리. 나, 끝까지 아무런 도움도 못 돼서――”\n사과의 말을 지워 버리듯 피에 젖은 칼날이 시야를 두 동강 냈다.\n\n[sys]\n-- 생명 기능의 정지를 감지했습니다. --\n[/sys]	[{"raw":"[sys]","class":"markup_open","movable":false,"order_sensitive":true},{"raw":"[/sys]","class":"markup_close","movable":false,"order_sensitive":true}]							BATCH-PROD-STORY-B	INTEGRATED	9363cbb35a473df98e663395bb2e5fc837bb9c049260fe2a176746035a16da5f	1			
SEG-BASE-96819175F081D4CA1CB2	BASE	RES-EE906CA5847B1B2A	story/logs/deaths.txt	record/17-E2-08/title	49	SCENE-RECORD-B	ROUTE-COMMON	STATE-RESTORE-B	SPK-2328317A23F403C9	ui		오쓰카 아카리	[]							BATCH-PROD-STORY-B	INTEGRATED	2328317a23f403c931410b037a3f267f339f19abde7ee30764306477898c57ae	1			
SEG-BASE-23CC116E4D55B4F9102F	BASE	RES-EE906CA5847B1B2A	story/logs/deaths.txt	record/17-E2-08/state	50	SCENE-RECORD-B	ROUTE-COMMON	STATE-RESTORE-B	SPK-2328317A23F403C9	ui		1일째 18:05	[]							BATCH-PROD-STORY-B	INTEGRATED	1801e1ea120fc09174e0e47a663b04f817d24b1f12502ff9e5fee1a4b3f53c14	1			
SEG-BASE-8F681729BDF2DC6BDCAA	BASE	RES-EE906CA5847B1B2A	story/logs/deaths.txt	record/17-E2-08/body	51	SCENE-RECORD-B	ROUTE-COMMON	STATE-RESTORE-B	SPK-2328317A23F403C9	narration		공장 한구석에서 나는 화약을 만지작거리고 있었다.\n지급받은 건 정밀 드라이버 한 세트. 파우치에 넣어 둔 뒤 한 번도 꺼내지 않았다.\n그런 걸로 싸우라니 무리다.\n하지만 이 공장에는 녹슨 약품 캔이 여럿 굴러다녔다.\n영상에서 본 것과 같은 이름을 거기서 발견했을 때는 조금 웃었다.\n\n집에 돌아가면, 지워지기 전의 수상한 영상을 찾아보곤 했다.\n절대 집에 있어서는 안 되는 것을, 집에 있는 물건으로 만드는 방법.\n누구에게도 말할 수 없는 취미가 이런 식으로 도움이 될 줄이야.\n소꿉친구인 [b]릿짱[/b] 일행을 지킬 무기 하나쯤은 만들 수 있을 줄 알았다.\n\n코를 찌르는 약품 냄새 속에서만 손 떨림을 잊을 수 있었다.\n괜찮아. 영상대로 만들면 제대로 완성될 거야.\n\n한낮에 나온 스피커 방송이 귀에서 떠나지 않는다.\n[b]［……구로사와, 아이자와. 현재, 16명, 사망……］[/b]\n\n이렇게나 많은 목숨이.\n생각하지 않으려 할수록 머릿속에서 끔찍한 상상이 퍼져 나간다.\n되살아난 손끝의 떨림을 순서를 세며 억누른다.\n계량도, 섞는 순서도 영상대로. 하나도 빠뜨리지 않았다.\n그때, 멀리서 교회의 저녁 종이 울렸다.\n\n――어라.\n캔 바닥이 영상에서는 본 적 없는 색으로 부글부글 거품을 내고 있다.\n잠깐. 이 약품, 몇 년이나 여기 방치되어 있었던 거야.\n이런 반응은 영상 어디에도 없었――\n\n[sys]\n-- 생명 기능의 정지를 감지했습니다. --\n[/sys]	[{"raw":"[b]","class":"markup_open","movable":false,"order_sensitive":true},{"raw":"[/b]","class":"markup_close","movable":false,"order_sensitive":true},{"raw":"[b]","class":"markup_open","movable":false,"order_sensitive":true},{"raw":"[/b]","class":"markup_close","movable":false,"order_sensitive":true},{"raw":"[sys]","class":"markup_open","movable":false,"order_sensitive":true},{"raw":"[/sys]","class":"markup_close","movable":false,"order_sensitive":true}]							BATCH-PROD-STORY-B	INTEGRATED	1c8511f912d7216231befe18d01e43f51b7dda0be59a19600300e8fe9e1668de	1			
SEG-BASE-06612F85468FF96BE6F3	BASE	RES-EE906CA5847B1B2A	story/logs/deaths.txt	record/18-E2-28/title	52	SCENE-RECORD-B	ROUTE-COMMON	STATE-RESTORE-B	SPK-3B7B92CF89C523D4	ui		하야세 리쓰	[]							BATCH-PROD-STORY-B	INTEGRATED	3b7b92cf89c523d4a12679a4efac7cbd377097b2f0e6d8315cf79dc93878f558	1			
SEG-BASE-42B2280058C13BACB80F	BASE	RES-EE906CA5847B1B2A	story/logs/deaths.txt	record/18-E2-28/state	53	SCENE-RECORD-B	ROUTE-COMMON	STATE-RESTORE-B	SPK-3B7B92CF89C523D4	ui		1일째 18:10	[]							BATCH-PROD-STORY-B	INTEGRATED	36e344530f5069beecba18fd71ac83dce77b90f88a4014fd1fd4143dbf591413	1			
SEG-BASE-7DA008E78231D3EAA015	BASE	RES-EE906CA5847B1B2A	story/logs/deaths.txt	record/18-E2-28/body	54	SCENE-RECORD-B	ROUTE-COMMON	STATE-RESTORE-B	SPK-3B7B92CF89C523D4	narration		폭발 사고가 났다. 공장 안쪽에서 고막을 뒤흔드는 폭발음.\n\n소꿉친구란 말이야.\n그 애가 덤벙대면, 야무진 내가 늘 손을 잡아 이끌며 도와줬다.\n내버려 둘 수 있을 리가 없다.\n\n이래서야 배구부 주장이라는 말이 무색하다.\n논리는커녕, 그저 불길한 예감에 몸이 먼저 움직였다.\n\n망보기 역할도 내팽개치고, 검은 연기가 자욱한 공장 어둠 속으로 들어간다.\n발을 들여놓는 순간, 어둠을 가르는 휙 하는 날카로운 바람 가르는 소리.\n충격. 가슴에 화살이 깊이 박혀 있었다.\n\n왜…… 이렇게 얼빠진 죽음을.\n생각해 보니 정말 덤벙댄 건 나였는지도 모르겠다.\n\n[sys]\n-- 생명 기능의 정지를 감지했습니다. --\n[/sys]	[{"raw":"[sys]","class":"markup_open","movable":false,"order_sensitive":true},{"raw":"[/sys]","class":"markup_close","movable":false,"order_sensitive":true}]							BATCH-PROD-STORY-B	INTEGRATED	db8edbe86a13dfe4b2c25c1bddd889d3ad316fcf6338e7c4b98a40cb8218bc36	1			
SEG-BASE-5EE15B013B18B2390D13	BASE	RES-EE906CA5847B1B2A	story/logs/deaths.txt	record/19-E2-15/title	55	SCENE-RECORD-B	ROUTE-COMMON	STATE-RESTORE-B	SPK-AF4865C3196186A1	ui		사이조 가나데	[]							BATCH-PROD-STORY-B	INTEGRATED	af4865c3196186a175bb7af11d3fa356bf3e0ce817123c042eca1c28e0fab95c	1			
SEG-BASE-A1CFD588F7CE5BE3A19C	BASE	RES-EE906CA5847B1B2A	story/logs/deaths.txt	record/19-E2-15/state	56	SCENE-RECORD-B	ROUTE-COMMON	STATE-RESTORE-B	SPK-AF4865C3196186A1	ui		1일째 19:02	[]							BATCH-PROD-STORY-B	INTEGRATED	b50ffc2517d439f66d168356b5706fc2b3837117cf59a3ec7b8041619420e06c	1			
SEG-BASE-2B15DFB6CE789043E60F	BASE	RES-EE906CA5847B1B2A	story/logs/deaths.txt	record/19-E2-15/body	57	SCENE-RECORD-B	ROUTE-COMMON	STATE-RESTORE-B	SPK-AF4865C3196186A1	narration		“왜!? 아무도 들어오지 않았을 텐데.”\n공장에서 검은 연기가 피어오르고, 함께 망을 보던 [b]릿짱[/b]이 달려 나간다.\n멀어지는 그 뒷모습을 바라보며, 이런 극한 상황에서 생각해서는 안 될 일을\n나는 그만 생각하고 만다.\n\n나는 줄곧 릿짱을 좋아했다.\n말로는 하지 못한 채, 사랑과 닮은 무거운 마음만 품고.\n그래서 그녀가 목숨 걸고 지키려는 소꿉친구 [b]아카리[/b]를 줄곧 추하게 질투했다.\n꼴사납네, 나.\n\n어쩔 수 없는 감정을 주체하지 못한 채 나는 혼자,\n공장에서 바닷가 쪽으로 달아나 몸을 숨겼다.\n\n녹슨 스피커가 무자비하게 이름을 호명한다.\n[b]［……하야세. 현재, 18명, 사망……］[/b]\n\n[b]마지막 이름만이[/b] 귀에 들어온다. 릿짱이, 이제, 없다.\n울보였던 내게서 눈물을 흘릴 이유의 마지막 하나까지 사라져 버렸다.\n\n공장 뒤편, 바다를 마주한 절벽 끝에 선다.\n밤의 파도 소리가 헤아릴 수 없는 어둠 밑바닥에서 나를 부르고 있다.\n누군가에게 참혹하게 살해당하는 것도, 누군가를 저주하며 살아남는 것도,\n이제 싫어.\n릿짱 없는 세상은, 더 싫어.\n\n먼저 갈게.\n발을 내딛는다. 바다는 끝없이 어둡고 고요해서――\n\n[sys]\n-- 생명 기능의 정지를 감지했습니다. --\n[/sys]	[{"raw":"[b]","class":"markup_open","movable":false,"order_sensitive":true},{"raw":"[/b]","class":"markup_close","movable":false,"order_sensitive":true},{"raw":"[b]","class":"markup_open","movable":false,"order_sensitive":true},{"raw":"[/b]","class":"markup_close","movable":false,"order_sensitive":true},{"raw":"[b]","class":"markup_open","movable":false,"order_sensitive":true},{"raw":"[/b]","class":"markup_close","movable":false,"order_sensitive":true},{"raw":"[b]","class":"markup_open","movable":false,"order_sensitive":true},{"raw":"[/b]","class":"markup_close","movable":false,"order_sensitive":true},{"raw":"[sys]","class":"markup_open","movable":false,"order_sensitive":true},{"raw":"[/sys]","class":"markup_close","movable":false,"order_sensitive":true}]							BATCH-PROD-STORY-B	INTEGRATED	5a32054a7c9fe8da61ca067ea00aca06f75d25c2a775a6abd8be887ffa57696b	1			
SEG-BASE-B09F7753B94D4E8C1805	BASE	RES-EE906CA5847B1B2A	story/logs/deaths.txt	record/20-E2-41/title	58	SCENE-RECORD-B	ROUTE-COMMON	STATE-RESTORE-B	SPK-8067C1722AAE1ABE	ui		와다 리오	[]							BATCH-PROD-STORY-B	INTEGRATED	8067c1722aae1abe3969c1aa63bbeecbf1202b43f0be9f00f2b8af4696e9632f	1			
SEG-BASE-D422ECFA740A99296FAD	BASE	RES-EE906CA5847B1B2A	story/logs/deaths.txt	record/20-E2-41/state	59	SCENE-RECORD-B	ROUTE-COMMON	STATE-RESTORE-B	SPK-8067C1722AAE1ABE	ui		1일째 19:05	[]							BATCH-PROD-STORY-B	INTEGRATED	e971c31f55ba77111210b160be3fe680d6855d09947554e273c43997992a3be0	1			
SEG-BASE-F3DA5650608401DD47F8	BASE	RES-EE906CA5847B1B2A	story/logs/deaths.txt	record/20-E2-41/body	60	SCENE-RECORD-B	ROUTE-COMMON	STATE-RESTORE-B	SPK-8067C1722AAE1ABE	narration		어둠 속에서 검은 그림자가 움직였다. 생각할 겨를도 없이 석궁을 쏘아 버렸다.\n그게 내게 주어진 역할이었으니까.\n배구할 때 노린 코스로 공을 보내듯, 그저 숨을 죽이고 집중해서.\n첫 실전이었지만 제대로 과녁을 꿰뚫은 것 같다.\n\n그 뒤로 새로운 적의 습격 기미는 없다.\n이제 괜찮을 거라고 믿고 싶은데도, 공포에 질려 그 자리에서 한 발짝도 움직이지 못하는 시간이 오래 이어졌다.\n\n스피커 방송에서 [b]하야세[/b]의 이름이 호명되고, 머릿속이 새하얘졌다.\n\n마음을 굳게 먹고 내가 [b]꿰뚫은 「검은 그림자」[/b]에 다가가려 했을 때는\n해가 완전히 저문 뒤였다.\n발밑이 휘청거리는 채로 천천히 거리를 좁혀 간다.\n어둠 속에 굴러 있는 윤곽이 조금씩 선명해진다.\n\n“어…… 거짓말, 왜……?”\n\n그 순간 등 뒤에서 차가운 금속빛이 번뜩였다.\n날카로운 통증이 한참 뒤에 찾아온다. 총검이 사정없이 옆구리를 깊이 꿰뚫고 있었다.\n\n적어도――마지막 힘으로 석궁의 방아쇠를 당긴다.\n지근거리의 어둠으로 쏘아진 화살이, 습격자――[b]사쿠마의 옆구리에 박히는 것[/b]이 보였다.\n\n이제 공평해졌으니까――\n\n[sys]\n-- 생명 기능의 정지를 감지했습니다. --\n[/sys]	[{"raw":"[b]","class":"markup_open","movable":false,"order_sensitive":true},{"raw":"[/b]","class":"markup_close","movable":false,"order_sensitive":true},{"raw":"[b]","class":"markup_open","movable":false,"order_sensitive":true},{"raw":"[/b]","class":"markup_close","movable":false,"order_sensitive":true},{"raw":"[b]","class":"markup_open","movable":false,"order_sensitive":true},{"raw":"[/b]","class":"markup_close","movable":false,"order_sensitive":true},{"raw":"[sys]","class":"markup_open","movable":false,"order_sensitive":true},{"raw":"[/sys]","class":"markup_close","movable":false,"order_sensitive":true}]							BATCH-PROD-STORY-B	INTEGRATED	aeb25beb04753c1ed8f0f90c9a0e90eaeb909296be8d4125fb0832d69ce44ec6	1			
SEG-BASE-34530004E88F4B1204AC	BASE	RES-EE906CA5847B1B2A	story/logs/deaths.txt	record/21-E2-17/title	61	SCENE-RECORD-E	ROUTE-COMMON	STATE-RESTORE-E	SPK-458500D87E964C68	ui		사쿠마 쓰바사	[]							BATCH-PROD-STORY-E1	INTEGRATED	458500d87e964c684dc2701c387f02080a4e71e2325c0968a617d18acd1274bf	1			
SEG-BASE-1DED420FBB77F5342BC7	BASE	RES-EE906CA5847B1B2A	story/logs/deaths.txt	record/21-E2-17/state	62	SCENE-RECORD-E	ROUTE-COMMON	STATE-RESTORE-E	SPK-458500D87E964C68	ui		1일째 19:10	[]							BATCH-PROD-STORY-E1	INTEGRATED	0ffd73ec69c48ab8023face56634c3e0075b990b290143ebcff548b97cfc48c7	1			
SEG-BASE-69D148AFD9B3005198FC	BASE	RES-EE906CA5847B1B2A	story/logs/deaths.txt	record/21-E2-17/body	63	SCENE-RECORD-E	ROUTE-COMMON	STATE-RESTORE-E	SPK-458500D87E964C68	narration		동료끼리 싸운 건가?\n\n[b]와다[/b]를 총검으로 해치웠다.\n하지만 그 직전, 그 자식이 쏜 석궁 화살이 내 옆구리를 깊이 파고들었다.\n상처를 누르고 있어도 피가 멎지 않는다.\n석궁은 빼앗았지만, 이제 무거운 활을 들 힘 따위는 남아 있지 않다.\n\n“마오. 난 이제 안 돼. 너만은 여기서 떠나.”\n\n간신히 목소리를 짜내는 나에게서 그 애는 떨어지려 하지 않는다.\n내 연인은 눈물을 펑펑 쏟으며 완강하게 고개를 저을 뿐이다.\n바보 자식.\n도망치라고 하잖아.\n널 여기까지 지키려고 내가 얼마나….\n\n시야가 빠르게 어두워진다. 피를 너무 많이 흘렸다.\n공장 뒤편에서 들려오는 기분 나쁜 파도 소리만 유난히 가까이 울린다.\n나를 부르는 그 애의 목소리가 점점 멀어진다.\n그 작은 손을 마주 잡아 줄 힘도 이제 내게는 남아 있지 않다.\n\n나 같은 사람을 이런 애가 좋아해 주다니. 기적이나 다름없다.\n미안해, 마오. 널 행복하게 해 주겠다는 약속, 지키지 못할 것 같아――\n\n[sys]\n-- 생명 기능의 정지를 감지했습니다. --\n[/sys]	[{"raw":"[b]","class":"markup_open","movable":false,"order_sensitive":true},{"raw":"[/b]","class":"markup_close","movable":false,"order_sensitive":true},{"raw":"[sys]","class":"markup_open","movable":false,"order_sensitive":true},{"raw":"[/sys]","class":"markup_close","movable":false,"order_sensitive":true}]							BATCH-PROD-STORY-E1	INTEGRATED	814bbd14b467fabf97c714bac9dd89b4371a372b737acb9906d0518b9938fd4c	1			
SEG-BASE-35E841B5EBE080BB76E1	BASE	RES-EE906CA5847B1B2A	story/logs/deaths.txt	record/22-E2-10/title	64	SCENE-RECORD-E	ROUTE-COMMON	STATE-RESTORE-E	SPK-08149AD50DED61EC	ui		기노시타 마오	[]							BATCH-PROD-STORY-E1	INTEGRATED	08149ad50ded61ec9faaf38bbf041f94187e90a96354d85018479c2e85f7899d	1			
SEG-BASE-260B18FEFC95D9BC4BEC	BASE	RES-EE906CA5847B1B2A	story/logs/deaths.txt	record/22-E2-10/state	65	SCENE-RECORD-E	ROUTE-COMMON	STATE-RESTORE-E	SPK-08149AD50DED61EC	ui		1일째 20:03	[]							BATCH-PROD-STORY-E1	INTEGRATED	26522281a8631dc9a02ef0ab3a7e436030b99109842b4c1de3014ce8e2849978	1			
SEG-BASE-133385F11A56E656CBD0	BASE	RES-EE906CA5847B1B2A	story/logs/deaths.txt	record/22-E2-10/body	66	SCENE-RECORD-E	ROUTE-COMMON	STATE-RESTORE-E	SPK-08149AD50DED61EC	narration		쓰바사가 피바다 속에서 움직이지 않게 됐다.\n그토록 빈틈없고, 내 앞에서는 살짝 짓궂게 웃던 사람이,\n차갑게 식어 간다.\n도망치라고 몇 번이나 고함을 들었는데도 발이 한 걸음도 움직이지 않는다.\n움직이지 않는 게 아니야.\n나는 네 곁을 떠나고 싶지 않아.\n\n왜곡된 시야 위로 밤 8시 정시 방송이 울려 퍼진다.\n［……사이조, 와다, 사쿠마. 현재, 21명, 사망……］\n\n아아, 쓰바사. 네 이름까지 이제 기계적으로 읽혀 버렸구나.\n머릿속 깊은 곳에서는 오류 같은 경보가 최고조로 계속 울린다.\n다음 구역 제한이 이 공장을 서서히 집어삼킨다.\n\n그저 휩쓸리기만 하고, 얌전하기만 한 인생이었다.\n내 의지로 목소리를 높인 적도, 제멋대로 굴며 뜻을 관철한 적도 한 번도 없었다.\n그러니 마지막만큼은 내가 직접 결정할 거야.\n세상이 아무리 미쳐 돌아가도, 나는 이 사람 곁에 있겠다고.\n\n차가워진 네 손을, 이번에는 내가 먼저 꼭 움켜쥔다.\n곧 갈게. 이제 외롭지 않아――\n\n[sys]\n-- 생명 기능의 정지를 감지했습니다. --\n-- 금지 구역을 감지했습니다. 기록은 00-ZONE을 참조하세요 --\n[/sys]	[{"raw":"[sys]","class":"markup_open","movable":false,"order_sensitive":true},{"raw":"00-ZONE","class":"record_key","movable":false,"order_sensitive":true},{"raw":"[/sys]","class":"markup_close","movable":false,"order_sensitive":true}]							BATCH-PROD-STORY-E1	INTEGRATED	09e78e31a1bcdb7855cb8ffbd54f18b5826799e569c93d094758948ec26ef72e	1			
SEG-BASE-272C65D5CE0D7E685C83	BASE	RES-EE906CA5847B1B2A	story/logs/deaths.txt	record/23-B1-21/title	67	SCENE-RECORD-D	ROUTE-COMMON	STATE-RESTORE-D	SPK-BBF132A5ABED56FC	ui		세키구치 렌	[]							BATCH-PROD-STORY-D	INTEGRATED	bbf132a5abed56fc126be0d9c96db66e5f9dee19b2827e14a4b2b9cae879f8ba	1			
SEG-BASE-BE11A7941CC66677B1DA	BASE	RES-EE906CA5847B1B2A	story/logs/deaths.txt	record/23-B1-21/state	68	SCENE-RECORD-D	ROUTE-COMMON	STATE-RESTORE-D	SPK-BBF132A5ABED56FC	ui		2일째 07:00	[]							BATCH-PROD-STORY-D	INTEGRATED	b9290464373955f58def82e526ab12e5f6eb21f3999686c7a40a9196a97499dc	1			
SEG-BASE-77FD87FF182A379CEEAE	BASE	RES-EE906CA5847B1B2A	story/logs/deaths.txt	record/23-B1-21/body	69	SCENE-RECORD-D	ROUTE-COMMON	STATE-RESTORE-D	SPK-BBF132A5ABED56FC	narration		아침 안개가 아직 걷히지 않았다.\n암초 지대의 복잡하게 얽힌 바위 틈에서 이 바위굴을 발견한 건,\n어제 낮 무렵이었다.\n\n등산부인 난 이런 지형이라면 눈을 감고도 걸을 수 있다.\n그러니 여기라면 완전히 숨을 수 있다고 과신했던 거다.\n\n밖에서 자갈을 밟는 발소리가 들린 순간, 난 [b]우에하라[/b]의 팔을 붙잡고 바위굴 안쪽으로 밀어 넣었다.\n어젯밤 기어 다니다시피 확인했으니 알고 있다.\n이 안쪽은 북서쪽 곶으로 이어져 있을 터다.\n안쪽으로 이어지는 입구는 밖에서 알아채지 못하도록 주변의 돌로 단단히 막아 두었다.\n이 정도면 절대 들키지 않는다.\n늘 느긋하다고 놀림받던 나로서는, 목숨을 건,\n너무나 훌륭한 판단이었다.\n\n그때 섬 전체의 스피커에서 아침 점호 방송이 나오기 시작했다.\n어제 하루 동안의 사망자 수를 알리고 있다.\n고작 하루 만에 이만큼이나. 우리 반 절반이 벌써 없는 건가.\n\n바위굴 입구를 막아선 내 앞에, 가노가 불쑥 나타났다.\n치켜든 나타의 투박한 칼날이 아침의 희미한 빛을 머금은 채 내리쳐졌다.\n맞서 싸우려 움켜쥔 서바이벌 나이프와 함께, 손가락에 남은 힘마저 가차 없이 빼앗겨 갔다.\n\n우에하라. 제발 뒤돌아보지 마.\n저 바위굴을 빠져나가서 곶으로 가. 내 몫까지 살아남아 줘.\n\n[sys]\n-- 생명 기능의 정지를 감지했습니다. --\n-- 아침 점호 기록을 감지했습니다. 00-ROLL을 참조하세요 --\n[/sys]	[{"raw":"[b]","class":"markup_open","movable":false,"order_sensitive":true},{"raw":"[/b]","class":"markup_close","movable":false,"order_sensitive":true},{"raw":"[sys]","class":"markup_open","movable":false,"order_sensitive":true},{"raw":"00-ROLL","class":"record_key","movable":false,"order_sensitive":true},{"raw":"[/sys]","class":"markup_close","movable":false,"order_sensitive":true}]							BATCH-PROD-STORY-D	INTEGRATED	1efd1c56ebbd94ab81919ae8bd081d741ac296c8ebbfd40496774f6434defd2f	1			
SEG-BASE-36DB4586495A3F45533C	BASE	RES-EE906CA5847B1B2A	story/logs/deaths.txt	record/24-B3-06/title	70	SCENE-RECORD-C	ROUTE-COMMON	STATE-RESTORE-C	SPK-E4F26F5671247F58	ui		에다 다쿠미	[]							BATCH-PROD-STORY-C	INTEGRATED	e4f26f5671247f58157e3456f11e2657694b1646f0ef78568a8c6465c19645a9	1			
SEG-BASE-81D6DB64A11A9FE59E55	BASE	RES-EE906CA5847B1B2A	story/logs/deaths.txt	record/24-B3-06/state	71	SCENE-RECORD-C	ROUTE-COMMON	STATE-RESTORE-C	SPK-E4F26F5671247F58	ui		2일째 08:05	[]							BATCH-PROD-STORY-C	INTEGRATED	f1c233ed329e9c3f037f7f6a75fce32c69f44d147b908445ca5b02be025f8526	1			
SEG-BASE-E5044047F79ED7E4CED4	BASE	RES-EE906CA5847B1B2A	story/logs/deaths.txt	record/24-B3-06/body	72	SCENE-RECORD-C	ROUTE-COMMON	STATE-RESTORE-C	SPK-E4F26F5671247F58	narration		아침 정시 방송을 듣고, 내 귀를 의심했다.\n이렇게 이른 아침에 한 명이 살해됐다고? 대체 누구에게?\n\n정신을 차리고 보니, 축구부 애들은 이미 없었다.\n아사노도, 기류도. 그때 원을 이루고 있던 얼굴들은 하나도 남지 않았다.\n누구와도 금방 친해지는 것만이 장점인 나는,\n어느새 이 폐촌의 무리에 섞여 들어가 있었다.\n\n뒤숭숭한 마음을 가라앉히려 손에 든 물통에 입을 댄다.\n\n그 순간, 목구멍이 타는 듯 뜨거워졌다.\n입안 가득 녹슨 쇠 같은 피 맛이 퍼진다.\n\n오늘 아침 다카나시가 나를 걱정한다며 물통 물을 조금 나눠 줬다.\n난 얼굴을 새빨갛게 붉히며 “미안하다”고 했지.\n그 물통 물을 한 모금. 딱 한 모금 머금었을 뿐인데, 이 꼴이다.\n\n……하하. 마지막까지도 참 멋이 안 나는구나, 나는.\n저쪽에도 운동장이 있으려나.\n그 녀석들과 딱 한 번만 더 축구하고 싶다――\n\n[sys]\n-- 생명 기능의 정지를 감지했습니다. --\n[/sys]	[{"raw":"[sys]","class":"markup_open","movable":false,"order_sensitive":true},{"raw":"[/sys]","class":"markup_close","movable":false,"order_sensitive":true}]							BATCH-PROD-STORY-C	INTEGRATED	411d327a6df1046fa0da850bbd7a4a142c0f3f4cb243588e10a2690a61aea194	1			
SEG-BASE-BD29FE3B690E068CDFEF	BASE	RES-EE906CA5847B1B2A	story/logs/deaths.txt	record/25-B3-36/title	73	SCENE-RECORD-C	ROUTE-COMMON	STATE-RESTORE-C	SPK-DB437FA8E0BC93BB	ui		무라세 하야테	[]							BATCH-PROD-STORY-C	INTEGRATED	db437fa8e0bc93bb99f8c556caf1b3c4771e2b81cd7574b875b3d7e85cb58686	1			
SEG-BASE-7C35E59513CE60F26D00	BASE	RES-EE906CA5847B1B2A	story/logs/deaths.txt	record/25-B3-36/state	74	SCENE-RECORD-C	ROUTE-COMMON	STATE-RESTORE-C	SPK-DB437FA8E0BC93BB	ui		2일째 08:08	[]							BATCH-PROD-STORY-C	INTEGRATED	fa3c2747846dcc00291788fdd243675d5d6fcf5158867908b3c984b1801f8d9f	1			
SEG-BASE-4559CD00B56DC8595C3A	BASE	RES-EE906CA5847B1B2A	story/logs/deaths.txt	record/25-B3-36/body	75	SCENE-RECORD-C	ROUTE-COMMON	STATE-RESTORE-C	SPK-DB437FA8E0BC93BB	narration		에다가 피를 토하며 나자빠진 뒤, 폐촌은 마치 불에 올린 냄비처럼 들끓고 있었다.\n“누가 독을 탄 거야!”\n“저 녀석이야!”\n“아니, 너잖아!”\n――너나 할 것 없이 눈이 벌겋게 충혈된 채 멱살을 붙잡고 있었다.\n\n이런 진지한 난투극은 솔직히 제일 싫다.\n그런데도 생각할 틈도 없이 육상부에서 단련한 다리가 멋대로 앞으로 나갔다.\n일단 말려야 해. 싸움 한가운데로 전력 질주해 끼어든다.\n\n교회에서 도망쳐 나온 [b]동아리도 안 하는 그 아이[/b]에게도 이 자랑스러운 맞춤형 스파이크화를 보여 줬다.\n“진짜 번쩍번쩍해서 장난 아니지!”\n그랬더니 그걸로 어떻게 싸우냐며 웃었더랬지.\n\n앗.\n\n아무것도 없는 데서 다리가 꼬여 버렸다.\n세상이 빙글 기울더니 자갈길을 향해 요란하게 다이빙하고 있었다.\n\n슬로 모션 속에서 맞춤형 스파이크화가 발에서 벗겨져 허공을 날아가는 게 보인다.\n금속 스파이크가 아침 햇살에 반짝반짝 빛나며 천천히, 천천히 회전하고,\n내 머리를 향해 곤두박질쳐 내려온다.\n잠깐, 나 이걸로 죽는 거야? ㅋㅋ 어, 망했다.\n\n“발도 삐끗, 개그도 삐끗! ㅋㅋ”\n이런 자잘한 개그라도 치면 모두의 긴장이 풀릴까――그렇게 생각했는데,\n목구멍에서 나온 건 그저 피거품뿐이었다.\n재치 있는 말은커녕 한 글자도 못 내뱉었어.\n\n아…… 이거 완전히 큰일 난 거다.\n마지막 순간까지, 웃기지도 않을 만큼 얼빠진 나답다――\n\n[sys]\n-- 생명 기능의 정지를 감지했습니다. --\n[/sys]	[{"raw":"[b]","class":"markup_open","movable":false,"order_sensitive":true},{"raw":"[/b]","class":"markup_close","movable":false,"order_sensitive":true},{"raw":"[sys]","class":"markup_open","movable":false,"order_sensitive":true},{"raw":"[/sys]","class":"markup_close","movable":false,"order_sensitive":true}]							BATCH-PROD-STORY-C	INTEGRATED	1dc03aa5d5c564e391c5eed243c611f2820fd3995be8bd8c3ce07b3bad33f64a	2	D-0042		
SEG-BASE-9F4A64AB8FB11518FEE3	BASE	RES-EE906CA5847B1B2A	story/logs/deaths.txt	record/26-B3-26/title	76	SCENE-RECORD-C	ROUTE-COMMON	STATE-RESTORE-C	SPK-E43C7E0018B845DE	ui		도바리 가이토	[]							BATCH-PROD-STORY-C	INTEGRATED	e43c7e0018b845deb76bab8021782e387ad231afc723e26a6b16101445d980c3	1			
SEG-BASE-157FBD5CDC183E7956F3	BASE	RES-EE906CA5847B1B2A	story/logs/deaths.txt	record/26-B3-26/state	77	SCENE-RECORD-C	ROUTE-COMMON	STATE-RESTORE-C	SPK-E43C7E0018B845DE	ui		2일째 08:10	[]							BATCH-PROD-STORY-C	INTEGRATED	7edbe713a2022f6bd39a36e6673a5c90c5f19b5dc1c5c3a71948c820d32b0ea3	1			
SEG-BASE-032099B9FB6C8DC41783	BASE	RES-EE906CA5847B1B2A	story/logs/deaths.txt	record/26-B3-26/body	78	SCENE-RECORD-C	ROUTE-COMMON	STATE-RESTORE-C	SPK-E43C7E0018B845DE	narration		[b]에다[/b]가 피를 토하며 쓰러졌다.\n그것만으로도 폐촌은 순식간에 무너졌다.\n“[b]다카나시[/b]가 에다한테 독을 탔어!”\n누군가 그렇게 외쳤다.\n의심이 불길처럼 번져 눈앞에서 몸싸움과 비명이 시작됐다.\n\n그런 살벌한 분위기 속에서, 말리러 달려오던 무라세가\n아무것도 없는 데서 대차게 나자빠졌다.\n너 진짜 뭐 하는 거야!\n늘 저 녀석이 서툰 개그를 치면 내가 딴지를 걸었다.\n그러면 다들 웃고, 우리 평소 분위기로 돌아와서,\n해피 엔딩.\n그게 우리 승리 공식이잖아.\n\n야, 무라세. 너 진짜 뭐 하는 거야. 이런 건 전혀 안 웃기다고……!\n\n쓰러진 무라세에게 달려가려던 순간, 옆구리에 날카롭고 차가운 통증이 퍼졌다.\n기껏 우리 편으로 받아 줬는데…….\n움켜쥐고 있던 특수 경봉이 손에서 미끄러져 떨어졌다.\n\n[sys]\n-- 생명 기능의 정지를 감지했습니다. --\n[/sys]	[{"raw":"[b]","class":"markup_open","movable":false,"order_sensitive":true},{"raw":"[/b]","class":"markup_close","movable":false,"order_sensitive":true},{"raw":"[b]","class":"markup_open","movable":false,"order_sensitive":true},{"raw":"[/b]","class":"markup_close","movable":false,"order_sensitive":true},{"raw":"[sys]","class":"markup_open","movable":false,"order_sensitive":true},{"raw":"[/sys]","class":"markup_close","movable":false,"order_sensitive":true}]							BATCH-PROD-STORY-C	INTEGRATED	dea5037f8b496b580394b58d99ab12d5f54aa531ee02526111d9f76b207fbb2b	2	D-0042		
SEG-BASE-D74CCF77B3E1C6DD4630	BASE	RES-EE906CA5847B1B2A	story/logs/deaths.txt	record/27-B3-35/title	79	SCENE-RECORD-C	ROUTE-COMMON	STATE-RESTORE-C	SPK-EEF99CA304D6B7C6	ui		미야케 하루카	[]							BATCH-PROD-STORY-C	INTEGRATED	eef99ca304d6b7c636919be9c784201ddca283b17a50aa16268f2dd3eddb5f9f	1			
SEG-BASE-871E94697094D5427F4A	BASE	RES-EE906CA5847B1B2A	story/logs/deaths.txt	record/27-B3-35/state	80	SCENE-RECORD-C	ROUTE-COMMON	STATE-RESTORE-C	SPK-EEF99CA304D6B7C6	ui		2일째 08:15	[]							BATCH-PROD-STORY-C	INTEGRATED	5e10e3d79ced2b160e59e76cc3ada71441ffb83a72cac28be13e7e49b7033fdd	1			
SEG-BASE-D75334D4C9A0F57DFDEB	BASE	RES-EE906CA5847B1B2A	story/logs/deaths.txt	record/27-B3-35/body	81	SCENE-RECORD-C	ROUTE-COMMON	STATE-RESTORE-C	SPK-EEF99CA304D6B7C6	narration		교회에서 훔친 독으로 또 한 명. 에다 군이 땅바닥에 널브러져 있다.\n후후. 나에게 [b]지급된 무기는 두고 와 버렸지만[/b].\n\n남을 잘 챙긴다고 알려진 동아리도 안 하는 내가 설마.\n교회에서도, 이 폐촌에서도.\n아무도 나를 의심하지 않는다.\n\n어젯밤 틈을 봐서 모두의 물통에 독을 타 두었다.\n오늘 아침 다카나시 씨가 에다 군에게 물을 건넸다.\n그것만으로 어리석은 모두의 시선이 일제히 다카나시 씨에게 빨려 들어간다.\n\n꼴 좋다.\n언제나 반의 중심에서, 자기들이 세상의 주인공인 양 우쭐대던 다카나시 씨.\n모두에게 살인자라고 몰리며 필사적으로 얼굴을 일그러뜨리고 있는 저 꼴사나운 모습.\n정말 걸작이다.\n바보 같은 애들.\n진짜 독은 말이지, 언제나 가장 다정한 얼굴을 하고 다가오는 법인데.\n\n――하지만 조금 방심했다.\n자기가 함정에 빠졌다는 걸 깨닫고 미쳐 버린 그 애가, 피가 벌건 눈으로 철제 막대를 치켜들고 있었다.\n\n“살인자!”라고 나를 향해 소리치고 있다.\n후후. 너한테만큼은 그런 말을 듣고 싶지 않은데.\n\n너도 그렇잖아. 모두 그저 살고 싶을 뿐――\n\n[sys]\n-- 생명 기능의 정지를 감지했습니다. --\n[/sys]	[{"raw":"[b]","class":"markup_open","movable":false,"order_sensitive":true},{"raw":"[/b]","class":"markup_close","movable":false,"order_sensitive":true},{"raw":"[sys]","class":"markup_open","movable":false,"order_sensitive":true},{"raw":"[/sys]","class":"markup_close","movable":false,"order_sensitive":true}]							BATCH-PROD-STORY-C	INTEGRATED	951e666af9fad181b5550edb73fb7e045135bc2a11073b84071fc64005fca9db	3	D-0042,D-0044		
SEG-BASE-C2787D9B31EC7E26E600	BASE	RES-EE906CA5847B1B2A	story/logs/deaths.txt	record/28-B3-22/title	82	SCENE-RECORD-C	ROUTE-COMMON	STATE-RESTORE-C	SPK-105AF91F7B70CDE5	ui		다카나시 아오이	[]							BATCH-PROD-STORY-C	INTEGRATED	105af91f7b70cde54341920075c97e5dab3fd1fd0880d320e1fb2672fd0bf1eb	1			
SEG-BASE-9D649A0A28A9AE82605D	BASE	RES-EE906CA5847B1B2A	story/logs/deaths.txt	record/28-B3-22/state	83	SCENE-RECORD-C	ROUTE-COMMON	STATE-RESTORE-C	SPK-105AF91F7B70CDE5	ui		2일째 09:13	[]							BATCH-PROD-STORY-C	INTEGRATED	f42d4f22dc8c4a22ee6a0804e6969d20fef4ffc8154f380752d56b138eef70a3	2	D-0044		
SEG-BASE-DF819FA61896D9112547	BASE	RES-EE906CA5847B1B2A	story/logs/deaths.txt	record/28-B3-22/body	84	SCENE-RECORD-C	ROUTE-COMMON	STATE-RESTORE-C	SPK-105AF91F7B70CDE5	narration		폐촌에서 처음으로 [b]에다[/b]가 죽었다. 내가 이 손으로 나눠 준 물통의 물 때문이었다.\n\n“다카나시가 독을 탔어!”\n\n늘 나를 반의 마돈나라느니 주인공이라느니 치켜세우던 녀석들의 시선이,\n일제히 차가운 칼날이 되어 나를 찌른다.\n아니야!\n내가 아니야!\n\n언제나 얌전하고, 남을 잘 챙기는 다정한 얼굴로 태연하게 겁먹은 무리 속에 섞여 있던 그 아이.\n전부 네 짓이었구나.\n줄곧 성격이 세다는 말을 들어 왔다.\n아니야.\n잘못된 건 용납하지 못할 뿐이야.\n에다의 원수를 갚는 것도, 내 누명을 벗는 것도.\n둘 다 이 손으로 해내겠어.\n\n그런 광란 속에서 [b]두 번째 사망자가 나왔고[/b]….\n\n[b]세 번째 사망자인 도바리 군[/b]이 떨어뜨린 경봉으로 그 녀석을 마구 두들겨 팼다.\n“살인자!”\n――소리친 건 나였다.\n\n정신을 차리고 보니, 피비린내 나는 이 폐촌에 서 있는 건 나와 [b]시노즈카[/b] 군 둘뿐이었다.\n숨을 헐떡이며 서로에게 매달리듯 폐가 안쪽 어둠으로 숨어들었다.\n\n하지만 안식은 한순간이었다.\n무시무시한 소리를 내며, 폐가의 썩은 문이 밖에서 걷어차여 열렸다.\n들어온 그림자를 보고, 절망 속에서 머리가 새하얘졌다.\n\n“왜…… 왜 너희들, 같은 유도부잖아! 사이좋게 지내란 말이야!”\n\n소리치는 내 얼굴은 한때 단정했을 테지만, 이제는 눈물과 침으로 추하게 일그러져 있었다.\n아침 햇살 속에서 무자비하게 들이대진 육중한 총구가 내 얼굴을 똑바로 겨누고 있다.\n\n[sys]\n-- 생명 기능의 정지를 감지했습니다. --\n[/sys]	[{"raw":"[b]","class":"markup_open","movable":false,"order_sensitive":true},{"raw":"[/b]","class":"markup_close","movable":false,"order_sensitive":true},{"raw":"[b]","class":"markup_open","movable":false,"order_sensitive":true},{"raw":"[/b]","class":"markup_close","movable":false,"order_sensitive":true},{"raw":"[b]","class":"markup_open","movable":false,"order_sensitive":true},{"raw":"[/b]","class":"markup_close","movable":false,"order_sensitive":true},{"raw":"[b]","class":"markup_open","movable":false,"order_sensitive":true},{"raw":"[/b]","class":"markup_close","movable":false,"order_sensitive":true},{"raw":"[sys]","class":"markup_open","movable":false,"order_sensitive":true},{"raw":"[/sys]","class":"markup_close","movable":false,"order_sensitive":true}]							BATCH-PROD-STORY-C	INTEGRATED	3fafecbdb750a1ad2efee8ac177a23b3c4c43037568ac1e099f4685410407ae9	1			
SEG-BASE-561346E8ADCED5A916FA	BASE	RES-EE906CA5847B1B2A	story/logs/deaths.txt	record/29-B3-18/title	85	SCENE-RECORD-D	ROUTE-COMMON	STATE-RESTORE-D	SPK-BB412BBFF3B317C5	ui		시노즈카 다쿠야	[]							BATCH-PROD-STORY-D	INTEGRATED	bb412bbff3b317c5df74d736488df273a838e6283c935f47a2d983e83327517a	1			
SEG-BASE-A4D3F2BE35EBE79E9FC9	BASE	RES-EE906CA5847B1B2A	story/logs/deaths.txt	record/29-B3-18/state	86	SCENE-RECORD-D	ROUTE-COMMON	STATE-RESTORE-D	SPK-BB412BBFF3B317C5	ui		2일째 09:20	[]							BATCH-PROD-STORY-D	INTEGRATED	fd4644d3ce69e2cf0aee26bd8e9b0f026d369b54eee1223f6ad801cf39676c2a	1			
SEG-BASE-05A6A7ABA4859830E5C6	BASE	RES-EE906CA5847B1B2A	story/logs/deaths.txt	record/29-B3-18/body	87	SCENE-RECORD-D	ROUTE-COMMON	STATE-RESTORE-D	SPK-BB412BBFF3B317C5	narration		전부 내 탓이다.\n……아니, 아니다.\n난 그저 무서웠다.\n그 어둠 속에서, 그저 무서웠을 뿐이다.\n모두가 나를 유도부에서 가장 성실하고 진지한 남자라고 했다.\n그런 내가 이 손으로, 동굴 깊은 곳에서 오쿠보 씨를 찔렀다.\n미술부의, 그토록 얌전한 아이를.\n겁에 질려, 패닉에 빠진 내가.\n\n그 뒤로 줄곧 몸의 떨림이 멎지 않는다.\n죄책감과 공포 때문에, 떠올릴 때마다 숨을 쉴 수 없게 된다.\n사람을 죽인 이 손이 이렇게나 더럽고 무거울 줄은 몰랐다.\n\n그리고 도바리도. 기껏 나를 동료로 받아 줬는데.\n\n같은 유도부 동료였던 가노가 기계적인 발소리를 울리며 벽 쪽으로 나를 몰아붙인다.\n아아, 인과응보라는 건가.\n나 같은 살인자는 여기서 이렇게 제거되는 게 어울린다.\n오쿠보 씨, 도바리, 미안해.\n나는 죽어 마땅한 배신자다.\n죽어서, 너희에게 사죄해야 한다.\n\n구석에서는 아까 함께 도망쳐 들어온 다카나시 씨가 얼굴이 일그러진 채 싸늘하게 식어 있다.\n\n가노의 손에서 반짝반짝 빛나는 서바이벌 나이프가 마치 장난감처럼 보였다.\n\n배 깊숙한 곳으로 차가운 칼날이 단숨에 파고들었다.\n한 번, 두 번, 세 번.\n저항하지 않았다.\n고통보다 이제야 속죄할 수 있다는 안도감이 훨씬 컸다.\n\n[sys]\n-- 생명 기능의 정지를 감지했습니다. --\n[/sys]	[{"raw":"[sys]","class":"markup_open","movable":false,"order_sensitive":true},{"raw":"[/sys]","class":"markup_close","movable":false,"order_sensitive":true}]							BATCH-PROD-STORY-D	INTEGRATED	4a0d0b9d8fc8b0ec540bc25a526da28c5485e739e37a38c11f463349102f4508	2	D-0044		
SEG-BASE-D6C7D3284F922C9D9AE3	BASE	RES-EE906CA5847B1B2A	story/logs/deaths.txt	record/30-D1-32/title	88	SCENE-RECORD-B	ROUTE-COMMON	STATE-RESTORE-B	SPK-8C95E4DA58CD13E5	ui		후루카와 다쿠	[]							BATCH-PROD-STORY-B	INTEGRATED	8c95e4da58cd13e587d098e73e792e7ffde3c462ce2fce3662d8ff65a50514c8	1			
SEG-BASE-DC75BBE9D05DF118F8D3	BASE	RES-EE906CA5847B1B2A	story/logs/deaths.txt	record/30-D1-32/state	89	SCENE-RECORD-B	ROUTE-COMMON	STATE-RESTORE-B	SPK-8C95E4DA58CD13E5	ui		2일째 10:10	[]							BATCH-PROD-STORY-B	INTEGRATED	a7c8aa73ab7e3159e910196127a325914c194f20194d2ef0e46a0b3a1b080fa1	1			
SEG-BASE-EEF71D3AAE5D6BF47342	BASE	RES-EE906CA5847B1B2A	story/logs/deaths.txt	record/30-D1-32/body	90	SCENE-RECORD-B	ROUTE-COMMON	STATE-RESTORE-B	SPK-8C95E4DA58CD13E5	narration		아이고, 등대 꼭대기는 정말 최고 중의 최고 명당이었습죠!\n쌍안경으로 한 번 들여다보니, 이 섬의 끔찍한 대할인 행사…… 아니, 참극이\n신문 한 면처럼 훤히 보이지 뭡니까.\n신문부의 피가 끓는달까, 돈 냄새가 진동하더라니까요.\n……아니, 죄송합니다.\n제가 너무 신이 났군요.\n설마 이런 최악의 단골손님인 [b]고미네[/b] 씨와 [b]가노[/b] 씨에게 들킬 줄이야,\n부처님도 생각 못 하셨겠지요?\n\n“이봐, 네가 아는 건 전부 불어.”\n\n차가운 총구로 이마를 톡톡 두드리는 일생일대의 위기.\n어쩔 수 없죠. 목숨 걸고 모은 초특급 「특종」을,\n대출혈 서비스로 남김없이 다 말씀드렸습죠!\n\n우선 게임이 시작된 뒤 북서쪽 암초 지대로 몰래 이동한 우에하라 씨와 세키구치 씨.\n그리고 오늘 아침, 거기서 나온 건 [b]서바이벌 나이프를 과시하듯 걸친 가노 나리[/b],\n바로 당신이었습죠.\n\n어제 오후 1시쯤 전파탑에서 총성이 난 뒤 수상한 섬광이 번쩍였다는 얘기 말입니다.\n그런데 고미네 나리, 당신 [b]손에 든 리볼버를 아주 애지중지 쓰담쓰담[/b]하고 계시네요.\n\n어제 저녁 6시가 조금 지난 때, 교회 종이 울리자마자 [b]공장 쪽에서 쾅 하고 요란한 폭발[/b]이 있었고요.\n거기에는 분명 [b]배구부의 사이좋은 세 사람[/b]과, 또 한 명은 누구였더라.\n\n그리고 농장에서는 그 도서 위원인 어두침침한 아가씨도 봤습죠.\n그런데 가노 나리, 갑자기 눈빛이 바뀌면서 움찔움찔 반응하시네요.\n저도 깜짝 놀랐습니다!\n\n네, 수다는 여기까지라는 말씀이십니까.\n고미네 나리, 장사 밑천인 쌍안경까지 낚아채 가시다니,\n아주 악질적인 도둑고양이가 따로 없습죠…….\n\n저승길 선물로, 마지막으로 이것만은 공짜로 알려 주지.\n이번 게임, 뭔가가 절대로 이상해――\n\n나리가 쥔 리볼버의 격철이 딸깍 소리를 내며 젖혀졌다.\n\n[sys]\n-- 생명 기능의 정지를 감지했습니다. --\n[/sys]	[{"raw":"[b]","class":"markup_open","movable":false,"order_sensitive":true},{"raw":"[/b]","class":"markup_close","movable":false,"order_sensitive":true},{"raw":"[b]","class":"markup_open","movable":false,"order_sensitive":true},{"raw":"[/b]","class":"markup_close","movable":false,"order_sensitive":true},{"raw":"[b]","class":"markup_open","movable":false,"order_sensitive":true},{"raw":"[/b]","class":"markup_close","movable":false,"order_sensitive":true},{"raw":"[b]","class":"markup_open","movable":false,"order_sensitive":true},{"raw":"[/b]","class":"markup_close","movable":false,"order_sensitive":true},{"raw":"[b]","class":"markup_open","movable":false,"order_sensitive":true},{"raw":"[/b]","class":"markup_close","movable":false,"order_sensitive":true},{"raw":"[b]","class":"markup_open","movable":false,"order_sensitive":true},{"raw":"[/b]","class":"markup_close","movable":false,"order_sensitive":true},{"raw":"[sys]","class":"markup_open","movable":false,"order_sensitive":true},{"raw":"[/sys]","class":"markup_close","movable":false,"order_sensitive":true}]							BATCH-PROD-STORY-B	INTEGRATED	ab8d00106fc42b21c296dec68bcce57c35a94a510bfe4da4ab51251855aa9e4e	2	D-0038		
SEG-BASE-670B05ED53C176016CD8	BASE	RES-EE906CA5847B1B2A	story/logs/deaths.txt	record/31-B2-19/title	91	SCENE-RECORD-E	ROUTE-COMMON	STATE-RESTORE-E	SPK-290488CA83BFF999	ui		스즈키 리코	[]							BATCH-PROD-STORY-E1	INTEGRATED	290488ca83bff999e8c89974745b8547675ed62aa639fa56d0f820b1c4355196	1			
SEG-BASE-E25BE8FF461C87E0A36C	BASE	RES-EE906CA5847B1B2A	story/logs/deaths.txt	record/31-B2-19/state	92	SCENE-RECORD-E	ROUTE-COMMON	STATE-RESTORE-E	SPK-290488CA83BFF999	ui		2일째 10:40	[]							BATCH-PROD-STORY-E1	INTEGRATED	99f34240f18fee003e2689018e58b71eef463f111fa85602982e972f03dce09e	1			
SEG-BASE-FEE2B6814C5E0F7CAC43	BASE	RES-EE906CA5847B1B2A	story/logs/deaths.txt	record/31-B2-19/body	93	SCENE-RECORD-E	ROUTE-COMMON	STATE-RESTORE-E	SPK-290488CA83BFF999	narration		새까만 동굴 입구에서 숨을 죽이고 망을 보고 있었다.\n세 명이 서로 격려하며 여기까지 필사적으로 도망쳐 왔다.\n조금만 더 버티면 우리에게도 빛이 비칠 터다.\n\n그때 등 뒤로 차가운 기척이 다가왔다.\n발소리 하나 없어서 바로 직전까지 알아차리지 못했다.\n뒤돌아보기도 전에 냉혹한 칼날이 내 목울대로 들이박혔다.\n날카로운 아이스픽의 감촉.\n소리쳐 안쪽의 두 사람에게 알리려 했지만, 목이 으깨져 목소리가――나오지 않는다.\n\n희미해지는 의식 속에서 떨리는 손끝으로 주머니의 호신용 경보기를 더듬어 찾아,\n있는 힘껏 핀을 뽑았다.\n고막을 찌르는 전자음이 고요해진 섬에 울려 퍼진다.\n이걸로 됐어.\n내 목소리가 닿지 않아도, 이 소리라면 모두가 이상을 알아차리고――.\n\n멀어져 가는 시야 끝에서, 동굴 안쪽으로부터 [b]손전등 불빛[/b]이,\n다급한 듯 세차게 흔들리며 다가오는 것이 보였다.\n\n[sys]\n-- 생명 기능의 정지를 감지했습니다. --\n[/sys]	[{"raw":"[b]","class":"markup_open","movable":false,"order_sensitive":true},{"raw":"[/b]","class":"markup_close","movable":false,"order_sensitive":true},{"raw":"[sys]","class":"markup_open","movable":false,"order_sensitive":true},{"raw":"[/sys]","class":"markup_close","movable":false,"order_sensitive":true}]							BATCH-PROD-STORY-E1	INTEGRATED	26ff3e8e6072477be472659f283c3b8292288b2e8827da739d90eb1d99a7dfde	1			
SEG-BASE-C04295B881085A5ADF23	BASE	RES-EE906CA5847B1B2A	story/logs/deaths.txt	record/32-B2-12/title	94	SCENE-RECORD-E	ROUTE-COMMON	STATE-RESTORE-E	SPK-B54EC21C874CE954	ui		구도 사쿠라	[]							BATCH-PROD-STORY-E1	INTEGRATED	b54ec21c874ce9542ff997e119800c212216cfeb41498828b70c82dd5dfcbba4	1			
SEG-BASE-14DAEE9047CCC6B0162F	BASE	RES-EE906CA5847B1B2A	story/logs/deaths.txt	record/32-B2-12/state	95	SCENE-RECORD-E	ROUTE-COMMON	STATE-RESTORE-E	SPK-B54EC21C874CE954	ui		2일째 10:45	[]							BATCH-PROD-STORY-E1	INTEGRATED	acc20fc974fed683e698c2a9a87b22109ee36c5db27474e869b2c5ae6601c2f6	1			
SEG-BASE-0E3E752028D82B012707	BASE	RES-EE906CA5847B1B2A	story/logs/deaths.txt	record/32-B2-12/body	96	SCENE-RECORD-E	ROUTE-COMMON	STATE-RESTORE-E	SPK-B54EC21C874CE954	narration		[b]요란한 경보기 소리[/b]를 듣고, 정신없이 동굴 입구로 달려갔다.\n\n목을 움켜쥔 채 쓰러져 있다. 다른 한 손에는 호신용 경보기를 꽉 쥐고 있었다.\n\n구급상자를 열고, 기억하고 있는 절차를 머릿속으로 하나씩 되새기며 처치에 들어간다.\n하지만 안 돼.\n피가 너무 많이 쏟아져.\n\n“정신 차려!!”\n\n그 끔찍한 짓을 저지른 놈들이 아직 숨어 있을 게 분명하지만, 그런 건 상관없어!\n눈앞의 생명을 구하기 위한 처치를――\n\n그렇게 생각하며 몸을 숙인, 바로 그 등 뒤로.\n가차 없는 발소리가 다가온다.\n뒤돌아볼 틈도 없이 등 한가운데에 차갑고 날카로운 칼끝이 깊숙이 파고들었다.\n숨이, 멎는다.\n\n늘 주변에서 “참 잘 챙겨 주네”라고 했지.\n정말, 그 말이 맞네.\n마지막 순간까지 남의 상처만 필사적으로 살피느라 내 몸의 위험에는 조금도 신경 써 주지 못했어.\n\n희미해지는 의식 속에서 두 번째 습격자가 보였다.\n빨리 도망쳐――\n\n[sys]\n-- 생명 기능의 정지를 감지했습니다. --\n[/sys]	[{"raw":"[b]","class":"markup_open","movable":false,"order_sensitive":true},{"raw":"[/b]","class":"markup_close","movable":false,"order_sensitive":true},{"raw":"[sys]","class":"markup_open","movable":false,"order_sensitive":true},{"raw":"[/sys]","class":"markup_close","movable":false,"order_sensitive":true}]							BATCH-PROD-STORY-E1	INTEGRATED	54e99fd82fc147bbed7f62564c9cb90e81ca3d5187b04b73af25d7c6bca3dea7	1			
SEG-BASE-27EDD0D96A38521D7732	BASE	RES-EE906CA5847B1B2A	story/logs/deaths.txt	record/33-B2-03/title	97	SCENE-RECORD-E	ROUTE-COMMON	STATE-RESTORE-E	SPK-D06F36383B8F216A	ui		이다 소스케	[]							BATCH-PROD-STORY-E1	INTEGRATED	d06f36383b8f216ab74dfa501a5921d639225e4e2e576a8119b397718f52fadb	1			
SEG-BASE-138FC0F3E54F21F63A07	BASE	RES-EE906CA5847B1B2A	story/logs/deaths.txt	record/33-B2-03/state	98	SCENE-RECORD-E	ROUTE-COMMON	STATE-RESTORE-E	SPK-D06F36383B8F216A	ui		2일째 10:50	[]							BATCH-PROD-STORY-E1	INTEGRATED	e1bd816ec2193eebd17ec27ae0ee66bff831be91398074f7beeea8dab5f102af	1			
SEG-BASE-520094A3017FDB5895C6	BASE	RES-EE906CA5847B1B2A	story/logs/deaths.txt	record/33-B2-03/body	99	SCENE-RECORD-E	ROUTE-COMMON	STATE-RESTORE-E	SPK-D06F36383B8F216A	narration		호신용 경보기가 울렸다. 보통 일이 아니다.\n난 손전등을 움켜쥐고 구도 씨와 함께 입구로 전력 질주했다.\n\n구도 씨가 구급상자를 꺼내 필사적으로 응급처치를 시작한다.\n대체 누가 이런 끔찍한 짓을―― 그렇게 생각하며 내가 동굴 밖을 경계하던 한순간의 빈틈이었다.\n동굴 안 바위 그늘에서 사람 그림자가 재빨리 튀어나와, 몸을 숙인 구도 씨에게 가차 없이 아이스픽을 찔러 넣었다.\n막을 틈도 없었다.\n\n구도 씨마저 잃고 절망 속에 우두커니 선 내 앞에\n검게 빛나는 총구가 불길하게 모습을 드러냈다.\n\n메마른 총성이 좁은 동굴에 겹겹이 울려 퍼졌다.\n한 박자 뒤, 배 속 깊은 곳에서 뜨거운 것이 콸콸 쏟아져 나온다.\n무릎이 꺾이고 차가운 바닥에 뺨을 대며 쓰러졌다.\n\n희미해지는 의식 저편에서 두 사람이 언쟁하는 소리가 들려온다.\n무엇 때문에 다투는지 이제는 알아들을 수 없다.\n고함만이 먼 물소리처럼 번져, 멀어져 간다――\n\n[sys]\n-- 생명 기능의 정지를 감지했습니다. --\n[/sys]	[{"raw":"[sys]","class":"markup_open","movable":false,"order_sensitive":true},{"raw":"[/sys]","class":"markup_close","movable":false,"order_sensitive":true}]							BATCH-PROD-STORY-E1	INTEGRATED	0f882374d249b0de8884b17e25485512d92f31e75d09fb34e975b84ef96fef99	1			
SEG-BASE-2F2E3E176E74785B4E93	BASE	RES-EE906CA5847B1B2A	story/logs/deaths.txt	record/34-B2-14/title	100	SCENE-RECORD-E	ROUTE-COMMON	STATE-RESTORE-E	SPK-FB73F8956C7F7698	ui		고미네 가즈마	[]							BATCH-PROD-STORY-E2	INTEGRATED	fb73f8956c7f7698c1297759bdbd245bdc6cf8d215dfa2b5fc3bb32b18ba9708	1			
SEG-BASE-21AF1BA8E09B544A303C	BASE	RES-EE906CA5847B1B2A	story/logs/deaths.txt	record/34-B2-14/state	101	SCENE-RECORD-E	ROUTE-COMMON	STATE-RESTORE-E	SPK-FB73F8956C7F7698	ui		2일째 10:55	[]							BATCH-PROD-STORY-E2	INTEGRATED	f637c4149c655da7badd839b078aa8edf5aa8fcc1d0eeb6ed662885ac288ff8d	1			
SEG-BASE-BFA622F77423DEB48FA7	BASE	RES-EE906CA5847B1B2A	story/logs/deaths.txt	record/34-B2-14/body	102	SCENE-RECORD-E	ROUTE-COMMON	STATE-RESTORE-E	SPK-FB73F8956C7F7698	narration		가노 그 자식이 저질렀다!\n스즈키를 치료해 주고 있었을 뿐인 구도를!\n\n유도부에서도 악명 높은 불량배였고, 이 섬에 내던져진 뒤에도 살아남으려고 몇 명이나 손을 더럽혀 왔다.\n하지만 말이야, 구도만은 달랐어.\n\n동아리 원정 중 크게 다쳤을 때, 모두가 건드리기 꺼리던 내 상처를,\n그 녀석만은 화를 내면서도, 누구보다 정성껏 치료해 줬다.\n그때부터 줄곧, 나는 그 녀석을 사랑해 왔다.\n이 섬에서 살아남아서, 다음에는 꼭 제대로 말하자.\n그것만을 버팀목 삼아 왔는데.\n\n무기도 없고 저항도 하지 않는 여자를, 내 특별한 사람을, 등 뒤에서 무참히 찌르다니――\n도저히 용서 못 해! 너무 심했어!\n\n피가 거꾸로 솟아 리볼버 총구를 가노에게 겨눴다. 구도의 원수다, 죽어.\n방아쇠를 힘껏 당긴다.\n\n딸깍, 하고 허무한 금속음만 울렸다.\n\n쯧, 하고 혀를 찬 순간, 가노의 피 묻은 나타가 공기를 가르며 으르렁거리고 있었다.\n막판에 동료끼리 싸우는 건가.\n\n최고의 악당 콤비였을 텐데, 웃기고 있네.\n마지막 순간까지, 우리는 쓰레기 같은――\n\n[sys]\n-- 생명 기능의 정지를 감지했습니다. --\n[/sys]	[{"raw":"[sys]","class":"markup_open","movable":false,"order_sensitive":true},{"raw":"[/sys]","class":"markup_close","movable":false,"order_sensitive":true}]							BATCH-PROD-STORY-E2	INTEGRATED	a0a0b9c41d3868a178c23cdf69faa0d952b81dc0a14a2df4ebfb59b73759fc2b	1			
SEG-BASE-6DA9FB6C0FC1FD6C9CD4	BASE	RES-EE906CA5847B1B2A	story/logs/deaths.txt	record/35-B4-09/title	103	SCENE-RECORD-E	ROUTE-COMMON	STATE-RESTORE-E	SPK-FF42B0E4E50066BD	ui		가노 렌지	[]							BATCH-PROD-STORY-E2	INTEGRATED	ff42b0e4e50066bdcf6530243bd970725717bba59982f19cd0cb4658a81632d5	1			
SEG-BASE-BD4A607A189DC367C882	BASE	RES-EE906CA5847B1B2A	story/logs/deaths.txt	record/35-B4-09/state	104	SCENE-RECORD-E	ROUTE-COMMON	STATE-RESTORE-E	SPK-FF42B0E4E50066BD	ui		2일째 11:55	[]							BATCH-PROD-STORY-E2	INTEGRATED	0ca221ebfd46e0a229865f9b879e994f692ecd4a20d38c44148eda05fc44d7ad	1			
SEG-BASE-89D829B03F74708B00A8	BASE	RES-EE906CA5847B1B2A	story/logs/deaths.txt	record/35-B4-09/body	105	SCENE-RECORD-E	ROUTE-COMMON	STATE-RESTORE-E	SPK-FF42B0E4E50066BD	narration		이 미친 게임이 시작됐을 무렵, 나는 서로 죽고 죽이는 판에 뛰어들어야 할지 계속 망설였다.\n하지만 누구보다 상냥했던 기류가 살아남기 위해 짐승처럼 변해 버린 모습을 보고 말았다.\n그 순간, 내 안의 무언가가 완전히 뒤집혔다.\n살아남으려면 나 자신이 최악의 괴물이 될 수밖에 없다고.\n\n나타도, 서바이벌 나이프도, 특수 경봉도 전부 내 손에 들어왔다.\n임시로 손잡은 동료도 처리했다.\n\n내 몸은 진작 한계에 다다라 너덜너덜하다.\n이제 똑바로 서 있기조차 힘들다.\n그래도 기듯이 농장까지 왔다.\n그 잔소리 많은 신문부 후루카와를 등대에서 몰아붙였을 때, 그 자식이 마지막으로 털어놓았다.\n“농장에서 도서 위원인 음침한 여자를 봤다”고.\n\n수수하고 조용하고, 늘 도서실 구석에서 웅크린 채 책을 읽던 그 녀석.\n예전부터 행실 나쁜 난폭한 거구라며, 모두가 나를 무서워해 가까이 오지 않았다.\n그런데도 그 녀석만은 달랐다.\n비 오는 날 도서실에 잘못 들어온 나에게, 아무 말 없이 조용히 책 한 권을 내밀어 준 건.\n나를 괴물이 아니라 그저 한 인간으로 봐 준 건,\n세상에서 그 녀석뿐이었다.\n\n한 번만이라도 만나고 싶었다.\n그게 전부다.\n마지막으로, 그 녀석이 살아 있다는 걸 확인하고 싶었다.\n\n등 뒤에서 소리도 없이, 가늘고 단단한 끈이 내 목을 사정없이 파고든다.\n\n그래. 네 손에 죽는 거라면 더 바랄 게 없다.\n목숨까지 빼앗아 가며 필사적으로 그러모은 무기의 무게도, 이제――\n\n[sys]\n-- 생명 기능의 정지를 감지했습니다. --\n[/sys]	[{"raw":"[sys]","class":"markup_open","movable":false,"order_sensitive":true},{"raw":"[/sys]","class":"markup_close","movable":false,"order_sensitive":true}]							BATCH-PROD-STORY-E2	INTEGRATED	5339e0f7fc418bdf8268c76d7a5f0c78a52c0b5116f641bdc09d94aecc4cd621	1			
SEG-BASE-D8094DE068638C61315C	BASE	RES-EE906CA5847B1B2A	story/logs/deaths.txt	record/36-B4-39/title	106	SCENE-RECORD-E	ROUTE-COMMON	STATE-RESTORE-E	SPK-CC62CAD5AF15CA78	ui		야마시타 미사키	[]							BATCH-PROD-STORY-E2	INTEGRATED	cc62cad5af15ca780b301d488845cce9f99f039d39122f5f22b7a3c9e84ae96a	1			
SEG-BASE-C9291022D2F2BEADCEC2	BASE	RES-EE906CA5847B1B2A	story/logs/deaths.txt	record/36-B4-39/state	107	SCENE-RECORD-E	ROUTE-COMMON	STATE-RESTORE-E	SPK-CC62CAD5AF15CA78	ui		2일째 12:10	[]							BATCH-PROD-STORY-E2	INTEGRATED	8f4d4d54b6e1c57b4165465c104cfcf60c67c9c9628b91fec8de2fbfc8090b35	1			
SEG-BASE-10D00E042F7AE0186B0A	BASE	RES-EE906CA5847B1B2A	story/logs/deaths.txt	record/36-B4-39/body	108	SCENE-RECORD-E	ROUTE-COMMON	STATE-RESTORE-E	SPK-CC62CAD5AF15CA78	narration		[b]가노[/b]의 목을 졸라 죽였다.\n최강이었던 그 남자를.\n도서 위원인, 수수한 내가.\n\n하지만――이상했다. 그렇게 난폭했던 가노가 거의 저항하지 않았다.\n무언가 말하려 했다.\n수수한 내 이름을 부른 것 같기도 했다.\n……기분 탓이겠지.\n\n지급된 무기가 고작 하모니카였을 때는 어쩌나 싶었다.\n하지만 거기에 묶여 있던 가느다란 끈이 이렇게 사람의 목숨을 빼앗는 데 쓰일 줄은,\n어떤 소설에도 쓰여 있지 않았다.\n\n이제 한계다. 사람을 죽여 새까맣게 더러워진 두 손을 보며 생각한다.\n하모니카를 책상 위에 살며시 내려놓는다.\n\n이 농장의 창고 한구석에 농약 통이 내팽개쳐져 있었다.\n통에 적힌 섬뜩한 경고 표시가 무슨 뜻인지는 나도 안다.\n이걸 물에 녹여 다 마시면, 이 악몽을 전부 끝낼 수 있을까.\n\n지금까지 읽어 온 명작의 아름다운 구절들이 주마등처럼 머릿속을 스쳐 지나간다.\n인간은 무서울 만큼 잔혹하면서도, 덧없이 아름다운 생명체라는 걸\n나는 알고 있다.\n\n차가운 물을 단숨에 들이켠다.\n\n만약 이 지옥의 끝에 누군가 살아남는다면――부탁이야.\n이제, 이런 비극은 끝내 줘.\n\n[sys]\n-- 생명 기능의 정지를 감지했습니다. --\n[/sys]	[{"raw":"[b]","class":"markup_open","movable":false,"order_sensitive":true},{"raw":"[/b]","class":"markup_close","movable":false,"order_sensitive":true},{"raw":"[sys]","class":"markup_open","movable":false,"order_sensitive":true},{"raw":"[/sys]","class":"markup_close","movable":false,"order_sensitive":true}]							BATCH-PROD-STORY-E2	INTEGRATED	b11cec8913cb6dfde2a6d536483ba65fdc755eb2e07f53aaefac799418d0a829	1			
SEG-BASE-6E6402DE17FF44B042E0	BASE	RES-EE906CA5847B1B2A	story/logs/deaths.txt	record/37-D1-25/title	109	SCENE-RECORD-E	ROUTE-COMMON	STATE-RESTORE-E	SPK-2691F439090A2B64	ui		지바 미즈키	[]							BATCH-PROD-STORY-E2	INTEGRATED	2691f439090a2b6453e43ea6657307f8a6ab05e8464cc61b2b8001882906e30b	1			
SEG-BASE-B35D3C658D5A584E1890	BASE	RES-EE906CA5847B1B2A	story/logs/deaths.txt	record/37-D1-25/state	110	SCENE-RECORD-E	ROUTE-COMMON	STATE-RESTORE-E	SPK-2691F439090A2B64	ui		2일째 15:00	[]							BATCH-PROD-STORY-E2	INTEGRATED	ed7158e3a0d3098f1f16448fc34bdc890050dc90b91ee7f8a018f7806ab3412f	1			
SEG-BASE-8DE1BE96C788F1B51D1F	BASE	RES-EE906CA5847B1B2A	story/logs/deaths.txt	record/37-D1-25/body	111	SCENE-RECORD-E	ROUTE-COMMON	STATE-RESTORE-E	SPK-2691F439090A2B64	narration		[b]야마시타[/b] 씨의 죽음을 알린 방송 뒤로 얼마나 지났을까.\n시간 감각은 이제 없다.\n등대에 남은 건 [b]연극부인 우리 네 사람[/b]뿐.\n대사와 조명과 박수.\n표현하는 일밖에 몰랐던 우리가 어째서 이런 곳에 내몰린 걸까.\n\n야기 군이 무언가 말하려던 바로 그때였다.\n머리 한구석에서 요란한 전자음이 울리기 시작했다.\n출입 금지 구역의 경고다.\n이 등대마저 이제 안전한 곳이 아니게 된다.\n\n패닉이 한순간에 우리의 이성을 태워 버렸다.\n도망칠 곳 없는 초조함 속에서, 정신을 차리고 보니 나는 눈앞의 혼다 씨를 엄청난 힘으로 붙잡고 덤벼들고 있었다.\n아니야, 아니야.\n미운 게 아니야.\n나는 그저 죽고 싶지 않았고, 살고 싶었을 뿐이라――\n\n하지만 격렬하게 뒤엉켜 싸우는 사이, 차가운 철제 난간이 등에 닿았다.\n아, 하고 생각한 순간, 시야의 하늘과 바다가 무서운 속도로 뒤집힌다.\n\n우리의 마지막 무대가 이렇게 추하게 막을 내리다니――\n\n[sys]\n-- 생명 기능의 정지를 감지했습니다. --\n[/sys]	[{"raw":"[b]","class":"markup_open","movable":false,"order_sensitive":true},{"raw":"[/b]","class":"markup_close","movable":false,"order_sensitive":true},{"raw":"[b]","class":"markup_open","movable":false,"order_sensitive":true},{"raw":"[/b]","class":"markup_close","movable":false,"order_sensitive":true},{"raw":"[sys]","class":"markup_open","movable":false,"order_sensitive":true},{"raw":"[/sys]","class":"markup_close","movable":false,"order_sensitive":true}]							BATCH-PROD-STORY-E2	INTEGRATED	064adfe58c5d37e6d8da7d4d72d383f686535e47a887b276f9f2dea1c0c17b77	1			
SEG-BASE-E4C1AE109956E1D8D23E	BASE	RES-EE906CA5847B1B2A	story/logs/deaths.txt	record/38-D1-40/title	112	SCENE-RECORD-E	ROUTE-COMMON	STATE-RESTORE-E	SPK-100E8942DEF91BCE	ui		요코야마 가케루	[]							BATCH-PROD-STORY-E2	INTEGRATED	100e8942def91bce9868a98a415a1e9f41b43020928bc2a516bb4fa015045b81	1			
SEG-BASE-23FD40A0E9C6CC7E1D81	BASE	RES-EE906CA5847B1B2A	story/logs/deaths.txt	record/38-D1-40/state	113	SCENE-RECORD-E	ROUTE-COMMON	STATE-RESTORE-E	SPK-100E8942DEF91BCE	ui		2일째 15:01	[]							BATCH-PROD-STORY-E2	INTEGRATED	3ece2e14bfc34526d2861f0b183d9355357d00cebc05f4e978bd8b6c71d0f2da	1			
SEG-BASE-95AD9F1ED7043D1FB946	BASE	RES-EE906CA5847B1B2A	story/logs/deaths.txt	record/38-D1-40/body	114	SCENE-RECORD-E	ROUTE-COMMON	STATE-RESTORE-E	SPK-100E8942DEF91BCE	narration		눈앞에서 지바가 난간 너머로 떨어졌다.\n경고 전자음에 패닉에 빠진 혼다와 뒤엉켜서, 그대로 머리부터 곤두박질쳤다.\n조금 전까지만 해도, 이 섬에 남은 네 사람끼리 언젠가 다시 함께 만들 무대 이야기를 웃으며 나누고 있었는데.\n지바의 그 마지막 비명이 내 머릿속 멀쩡한 나사를 완전히 날려 버렸다.\n이제 글렀다.\n여기 있으면 모두 미쳐서 죽는다.\n그렇다면 내가――.\n\n좋아.\n연극부 모두를 잃을 바에야, 적어도 나만이라도 살아남아\n그 녀석들의 존재를 세상에 증명해 주겠다.\n더는 누구도 그렇게 떨어지게 하지 않겠다.\n코다치의 자루를 미친 듯이 세게 고쳐 쥔다.\n\n“우오오오오오!”\n공포를 지워 내듯 목이 찢어질 만큼 소리 지르며, 나는 한때 동료였던 상대에게 달려들어 칼을 휘둘렀다.\n\n쾅, 하고 단단한 감촉이 전해지며 칼날이 멈췄다. 왜, 왜!\n\n온몸으로 부딪치며 야기와 뒤엉켰다.\n패닉에 빠진 채 발이 꼬이고, 필사적으로 서로 밀어붙이는 사이 내 발이 바닥의 돌기에 걸렸다.\n크게 뒤로 균형을 잃은 찰나, 야기와 정면으로 눈이 마주쳤다.\n겁에 질려 금방이라도 울 것 같으면서도, 그래도 나를 살리려 필사적이었던\n그 녀석의 다정한 눈이 슬로 모션처럼 멀어져 간다.\n\n기울어진 시야 한쪽 끝에는, 이제 몸을 받쳐 줄 난간이 없었다.\n\n계속 그 녀석들과 함께 스포트라이트를 받는 주역이 되고 싶었다.\n우리의 마지막 무대가 이런 비극으로 막을 내리다니――\n\n[sys]\n-- 생명 기능의 정지를 감지했습니다. --\n[/sys]	[{"raw":"[sys]","class":"markup_open","movable":false,"order_sensitive":true},{"raw":"[/sys]","class":"markup_close","movable":false,"order_sensitive":true}]							BATCH-PROD-STORY-E2	INTEGRATED	a8bf199b0823a4df1e63b868aaac055b018c153763aa25e9ca3180b6a490af74	1			
SEG-BASE-D6B975B9524B17FBAA44	BASE	RES-EE906CA5847B1B2A	story/logs/deaths.txt	record/39-D1-38/title	115	SCENE-RECORD-E	ROUTE-COMMON	STATE-RESTORE-E	SPK-13D0FE4D6579695D	ui		야기 소라	[]							BATCH-PROD-STORY-E2	INTEGRATED	13d0fe4d6579695dea7a259d35b1bf36a45f5e66326ea210a2f6d81aa77adddb	1			
SEG-BASE-318503D3399A8C034509	BASE	RES-EE906CA5847B1B2A	story/logs/deaths.txt	record/39-D1-38/state	116	SCENE-RECORD-E	ROUTE-COMMON	STATE-RESTORE-E	SPK-13D0FE4D6579695D	ui		2일째 15:02	[]							BATCH-PROD-STORY-E2	INTEGRATED	ba99b76c46d21c485db741162425c0f312ead9230359d6e6c5afe001fc2fa2c8	1			
SEG-BASE-D8A2B0B9557540A82969	BASE	RES-EE906CA5847B1B2A	story/logs/deaths.txt	record/39-D1-38/body	117	SCENE-RECORD-E	ROUTE-COMMON	STATE-RESTORE-E	SPK-13D0FE4D6579695D	narration		우리 연극부는 등대 북쪽 벽에 달라붙다시피 한 채,\n꼬박 하루를 버텨 냈다.\n떨리는 손을 꼭 맞잡고 서로를 격려하면서.\n\n13시 정시 방송이 울려 퍼졌을 때, 우리는 서로 얼굴을 마주 보았다.\n이 섬에 남은 건 이제 [b]우리 네 사람[/b]뿐이었다.\n그 잔혹한 현실이 닥치기 전까지, 우리는 밀려오는 공포를 잊으려고,\n언젠가 다시 모두 함께 만들 무대 이야기와 시시한 장래 이야기를 정신없이 나누고 있었다.\n\n그래서 나는 마음을 굳히고 말하려 했다.\n얘들아, 마지막으로 저항해 보지 않을래?\n누군가를 희생시키는 게 아니라, 우리 모두 함께.\n이 미친 게임에서 절대로 우승자가 나오지 않게 해 보지 않을래,\n라고.\n\n――그렇게 입을 열려던 바로 그때였다.\n내 머릿속에서 요란한 전자음이 울리기 시작했다.\n\n그 순간, 팽팽하게 당겨져 있던 실이 터지듯 모든 것이 미쳐 돌아가기 시작했다.\n지바 씨가 미친 듯이 혼다 씨에게 달려들었고, 뒤엉킨 끝에,\n[b]머리부터 난간 밖으로 떨어져[/b] 갔다.\n\n또 한 사람은 광란의 비명을 지르며 내게 칼을 휘둘러 왔다.\n찔렸다―― 그렇게 생각하며 눈을 감았지만, 덮쳐 온 건 충격뿐이었다.\n지급받은 방검 조끼가 가까스로 내 목숨을 이어 주고 있었다.\n\n필사적으로 살려고 뒤엉키는 사이, 그는 균형을 잃고,\n[b]난간 밖으로 사라져[/b] 갔다.\n내가 한 게 아니다.\n나는 그저 살아 버렸을 뿐이다.\n\n고요해진 등대 위에 남겨진 건 [b]혼다 씨와 나, 둘뿐[/b]이었다.\n\n그때 머리 깊은 곳에서 울려 퍼지던 전자음이 마침내 귀를 찢는 듯한 고음의 연속음으로 바뀌었다.\n카운트다운의 유예 시간이 이제 없다는 걸 알리는 소리다.\n이대로 둘이 여기 남으면 둘 다 처참하게 날아가 죽고 만다.\n\n……이제 싫어.\n그렇게 함께 웃었던 너와 여기서 피를 흘리며 서로 죽고 죽이느니.\n\n나는 혼다 씨를 바라보며, 내 발로 차가운 난간을 넘어간다.\n계속 도망치기만 하던 겁쟁이인 내가 내놓는, 이것이 처음이자 마지막 용기――\n\n[sys]\n-- 생명 기능의 정지를 감지했습니다. --\n[/sys]	[{"raw":"[b]","class":"markup_open","movable":false,"order_sensitive":true},{"raw":"[/b]","class":"markup_close","movable":false,"order_sensitive":true},{"raw":"[b]","class":"markup_open","movable":false,"order_sensitive":true},{"raw":"[/b]","class":"markup_close","movable":false,"order_sensitive":true},{"raw":"[b]","class":"markup_open","movable":false,"order_sensitive":true},{"raw":"[/b]","class":"markup_close","movable":false,"order_sensitive":true},{"raw":"[b]","class":"markup_open","movable":false,"order_sensitive":true},{"raw":"[/b]","class":"markup_close","movable":false,"order_sensitive":true},{"raw":"[sys]","class":"markup_open","movable":false,"order_sensitive":true},{"raw":"[/sys]","class":"markup_close","movable":false,"order_sensitive":true}]							BATCH-PROD-STORY-E2	INTEGRATED	50b518bf48310dd96449ff2239dc06a10ea84a8f8b4a81077876eb36795f1f86	1			
SEG-BASE-C25DC5E928F0055B6C70	BASE	RES-EE906CA5847B1B2A	story/logs/deaths.txt	record/40-D1-33/title	118	SCENE-RECORD-E	ROUTE-COMMON	STATE-RESTORE-E	SPK-E4EB458CFE9C9F57	ui		혼다 호타루	[]							BATCH-PROD-STORY-E2	INTEGRATED	e4eb458cfe9c9f577645c12701ea97641da438921abb2c9d5bd9e04880f9c4d7	1			
SEG-BASE-511EEB5C67FB0571543A	BASE	RES-EE906CA5847B1B2A	story/logs/deaths.txt	record/40-D1-33/state	119	SCENE-RECORD-E	ROUTE-COMMON	STATE-RESTORE-E	SPK-E4EB458CFE9C9F57	ui		2일째 15:03	[]							BATCH-PROD-STORY-E2	INTEGRATED	ece260a2765dab227a05ba11e6342ead004b6d883be1a9df8ed01dd05e24e0af	1			
SEG-BASE-E9703B27C886E042C760	BASE	RES-EE906CA5847B1B2A	story/logs/deaths.txt	record/40-D1-33/body	120	SCENE-RECORD-E	ROUTE-COMMON	STATE-RESTORE-E	SPK-E4EB458CFE9C9F57	narration		모두 죽고 말았다.\n경고 전자음에 패닉에 빠져 몸싸움하다가 그만 난간 밖으로 밀쳐 버린 지바 씨도.\n요코야마 군도.\n그리고 내 눈앞에서 스스로 난간을 넘어간 야기 군도.\n죽일 생각은 정말 없었다. 그런데도 나는 살아 버렸다.\n\n늘 꿈만 꾼다고 모두에게 놀림받던 내가,\n마지막 한 사람.\n연극부의, 유일한 생존자.\n\n그런데――왜.\n머릿속의 지긋지긋한 경고음은 왜 멈추지 않는 걸까.\n내가 이 섬의 우승자인 게 틀림없잖아?\n마지막 한 사람이 됐다면 이제 이 악몽도 끝나야 하잖아?\n\n……그래. 이상해. 첫 방송 때부터 계속 이상했어.\n스피커에서 기계적으로 읽어 내려간 이름과, 명단을 떠올리며 손가락으로 하나씩 세었던 생존자 수가,\n항상, 아무리 세어도 꼭 하나가 맞지 않았다.\n\n하늘을 올려다본다.\n출입 금지 구역의 죽음의 경계가 고요 속에서 소리도 없이 이 등대를 삼켜 간다.\n\n[sys]\n-- 생명 기능의 정지를 감지했습니다. --\n-- 금지 구역을 감지했습니다. 기록은 00-ZONE을 참조하세요 --\n[/sys]	[{"raw":"[sys]","class":"markup_open","movable":false,"order_sensitive":true},{"raw":"00-ZONE","class":"record_key","movable":false,"order_sensitive":true},{"raw":"[/sys]","class":"markup_close","movable":false,"order_sensitive":true}]							BATCH-PROD-STORY-E2	INTEGRATED	f9b0e169033c8ac0da563b131f75526d3791cb120cd0a4ed0e579af9db7f3b15	1			
SEG-BASE-8B71B47F471C5B3DBC75	BASE	RES-EE906CA5847B1B2A	story/logs/deaths.txt	record/41-A1-05/title	121	SCENE-FINAL	ROUTE-COMMON	STATE-FINAL	SPK-6AEDD8085F45D405	ui		우에하라 지나쓰	[]							BATCH-PROD-STORY-FINAL	INTEGRATED	6aedd8085f45d405b03eb8d02ec73e63e078a601c56ac8251246ccbf357b4ae2	1			
SEG-BASE-C0655ABB9AB6F959D904	BASE	RES-EE906CA5847B1B2A	story/logs/deaths.txt	record/41-A1-05/state	122	SCENE-FINAL	ROUTE-COMMON	STATE-FINAL	SPK-6AEDD8085F45D405	ui		2일째 16:03	[]							BATCH-PROD-STORY-FINAL	INTEGRATED	3ea9731f6e911e128e26673279c86bdad0f51b09c3802145601210711a2faf55	1			
SEG-BASE-4DBFD332B43C8E019DB1	BASE	RES-EE906CA5847B1B2A	story/logs/deaths.txt	record/41-A1-05/body	123	SCENE-FINAL	ROUTE-COMMON	STATE-FINAL	SPK-6AEDD8085F45D405	narration		이제 모두 죽었어. ……내가 마지막인 거구나.\n내 손으로 누구 하나 죽이지도 않고, 여기까지 도망쳐 살아남고 말았다.\n\n하지만 알고 있다.\n아무도 죽이지 않은 나는 우승자가 될 수 없다.\n마지막 한 명이 되어도, 살아남게 해 주지는 않을 거다.\n\n머리 깊은 곳에서 무기질적인 전자음이 요란하게 울려 퍼진다.\n이곳이 완전히 죽음의 금지 구역으로 바뀌었다는 걸 알리는 소리다.\n\n곶의 깊은 동굴 안쪽에 나는 혼자 숨어 있다.\n밖에서는 거센 파도 소리가 울리고, 섬 전체가 조용히 수축해 가는 듯한\n차가운 끝의 기척이 가득하다.\n도망칠 곳은 이제 어디에도 없다.\n\n하지만……머릿속 계산이 도무지 맞지 않는다.\n\n방송은 계속 듣고 있었다. 읽어 주는 이름을 손가락으로 세고 있었다.\n그것만이 내가 할 수 있는 유일한 일이었으니까.\n\n늘 하나가 더 많다.\n방송에서 알려지는 사망자 수가, 호명된 이름보다 하나 더 많다.\n첫 방송부터 지금 방송까지, 줄곧.\n\n지금 방송은 분명히 “40명, 사망”이라고 말했다.\n하지만 이 반은――우리 학급은 [b]총 40명[/b]이었을 텐데.\n모두 죽고 내가 여기 살아남아 있다면, 왜 [b]이미 40명이 죽은 거지[/b]?\n\n아무도 오지 않는다.\n파도 소리만이 동굴 깊은 곳까지 들려온다.\n아무에게도 말하지 못한 채, 나는 그 사실을 깨닫고 말았다.\n\n있잖아, 너는――대체 누구였던 거야.\n\n[sys]\n-- 생명 기능의 정지를 감지했습니다. --\n-- 금지 구역을 감지했습니다. 기록은 00-ZONE을 참조하세요 --\n[/sys]	[{"raw":"[b]","class":"markup_open","movable":false,"order_sensitive":true},{"raw":"[/b]","class":"markup_close","movable":false,"order_sensitive":true},{"raw":"[b]","class":"markup_open","movable":false,"order_sensitive":true},{"raw":"[/b]","class":"markup_close","movable":false,"order_sensitive":true},{"raw":"[sys]","class":"markup_open","movable":false,"order_sensitive":true},{"raw":"00-ZONE","class":"record_key","movable":false,"order_sensitive":true},{"raw":"[/sys]","class":"markup_close","movable":false,"order_sensitive":true}]							BATCH-PROD-STORY-FINAL	INTEGRATED	cc9e0cdf5b85184ddbe599bf93521ca7da4840225312a69cbc82de80c641d215	1			
SEG-BASE-8C522BE40077FF8EDE20	BASE	RES-6AA247BC9044805E	story/logs/messages.txt	record/ﾎｦ-繧ﾝ-MSG01/title	1	SCENE-RECORD-A	ROUTE-COMMON	STATE-RESTORE-A	SPK-D9F45EE0EA471EAE	ui		발신자 불명	[]							BATCH-PROD-MESSAGES	INTEGRATED	d9f45ee0ea471eae7da72757aac6e0243d2a8d07a188ba6348e136653043ecf5	1			
SEG-BASE-01CF702F73CF97486AF8	BASE	RES-6AA247BC9044805E	story/logs/messages.txt	record/ﾎｦ-繧ﾝ-MSG01/body	2	SCENE-RECORD-A	ROUTE-COMMON	STATE-RESTORE-A	SPK-D9F45EE0EA471EAE	narration		繧ｿ�…ザ…ｸ…�\n\n……들리고 있나?\n\n이건 기록이 아니다.\n내가 지금 쓰고 있다.\n\n자, 찢긴 기록을 따라가라.\n\n·03-E4-27\n·04-C4-??\n·09-B2-07\n·13-??-34\n·14-C3-30\n\n繝ｧ�髢ｭ繧�ｦﾝ�ｲ縺ｿ繝�ﾔ…ザ…�	[{"raw":"03-E4-27","class":"record_key","movable":false,"order_sensitive":true},{"raw":"04-C4-??","class":"record_key","movable":false,"order_sensitive":true},{"raw":"09-B2-07","class":"record_key","movable":false,"order_sensitive":true},{"raw":"13-??-34","class":"record_key","movable":false,"order_sensitive":true},{"raw":"14-C3-30","class":"record_key","movable":false,"order_sensitive":true}]							BATCH-PROD-MESSAGES	INTEGRATED	a4b7a1728fccf708d0c522608215b53a4c61da1a4a0d385869bba13775e2ca67	1			
SEG-BASE-FBB1AA2FBFC324A4EEF0	BASE	RES-6AA247BC9044805E	story/logs/messages.txt	record/縺ｦ-ﾗﾂ-MSG02/title	3	SCENE-RECORD-B	ROUTE-COMMON	STATE-RESTORE-B	SPK-D9F45EE0EA471EAE	ui		발신자 불명	[]							BATCH-PROD-MESSAGES	INTEGRATED	d9f45ee0ea471eae7da72757aac6e0243d2a8d07a188ba6348e136653043ecf5	1			
SEG-BASE-05FD57F9F463F310CE55	BASE	RES-6AA247BC9044805E	story/logs/messages.txt	record/縺ｦ-ﾗﾂ-MSG02/body	4	SCENE-RECORD-B	ROUTE-COMMON	STATE-RESTORE-B	SPK-D9F45EE0EA471EAE	narration		郢ｧ�…ﾚ…�ｿ\n\n우리 혁명군은 반드시 승리한다.\n기록을 복원해 가면, 언젠가는 내게 닿겠지.\n\n·19-??-15\n·20-??-41\n·30-D1-32\n\n縺�ｽｦ…�ｲ…ﾔ	[{"raw":"19-??-15","class":"record_key","movable":false,"order_sensitive":true},{"raw":"20-??-41","class":"record_key","movable":false,"order_sensitive":true},{"raw":"30-D1-32","class":"record_key","movable":false,"order_sensitive":true}]							BATCH-PROD-MESSAGES	INTEGRATED	1c4381e07384b07c1234d7892f20606e27b6ce453851f2f640ba60bac43a11d6	1			
SEG-BASE-0E9E7930F4A0FAF3990A	BASE	RES-6AA247BC9044805E	story/logs/messages.txt	record/蜍ｻ-ﾔ繝-MSG03/title	5	SCENE-RECORD-C	ROUTE-COMMON	STATE-RESTORE-C	SPK-D9F45EE0EA471EAE	ui		발신자 불명	[]							BATCH-PROD-MESSAGES	INTEGRATED	d9f45ee0ea471eae7da72757aac6e0243d2a8d07a188ba6348e136653043ecf5	1			
SEG-BASE-5FDD13BBF13178F1750C	BASE	RES-6AA247BC9044805E	story/logs/messages.txt	record/蜍ｻ-ﾔ繝-MSG03/body	6	SCENE-RECORD-C	ROUTE-COMMON	STATE-RESTORE-C	SPK-D9F45EE0EA471EAE	narration		바로 그거다. 역시 뽑힌 인재답군.\n\n·17-E2-??\n·28-B3-22	[{"raw":"17-E2-??","class":"record_key","movable":false,"order_sensitive":true},{"raw":"28-B3-22","class":"record_key","movable":false,"order_sensitive":true}]							BATCH-PROD-MESSAGES	INTEGRATED	be555eea44f2688befae09e8834511e96a7c88f54d4304c8f3a3b183eb61437d	1			
SEG-BASE-D3F98BE51F4BA45CA843	BASE	RES-6AA247BC9044805E	story/logs/messages.txt	record/繝ｧ-ﾐ髢-MSG04/title	7	SCENE-RECORD-D	ROUTE-COMMON	STATE-RESTORE-D	SPK-D9F45EE0EA471EAE	ui		발신자 불명	[]							BATCH-PROD-MESSAGES	INTEGRATED	d9f45ee0ea471eae7da72757aac6e0243d2a8d07a188ba6348e136653043ecf5	1			
SEG-BASE-09744EE289C21C53E540	BASE	RES-6AA247BC9044805E	story/logs/messages.txt	record/繝ｧ-ﾐ髢-MSG04/body	8	SCENE-RECORD-D	ROUTE-COMMON	STATE-RESTORE-D	SPK-D9F45EE0EA471EAE	narration		이 세계가 정상이 아니라는 걸, 나는 깨달았다.\n모든 것을 부수려면 나 자신도 부술 수밖에 없었다.\n\n·23-??-21\n·29-??-18	[{"raw":"23-??-21","class":"record_key","movable":false,"order_sensitive":true},{"raw":"29-??-18","class":"record_key","movable":false,"order_sensitive":true}]							BATCH-PROD-MESSAGES	INTEGRATED	72830121fc1a03de813f349f41902791a1bab1f7eb86e7a312bf32aafdf0c97d	1			
SEG-BASE-15EC341FD0FE4C756A4B	BASE	RES-6AA247BC9044805E	story/logs/messages.txt	record/ｷｲ-縺ｿ-MSG05/title	9	SCENE-RECORD-E	ROUTE-COMMON	STATE-RESTORE-E	SPK-D9F45EE0EA471EAE	ui		발신자 불명	[]							BATCH-PROD-MESSAGES	INTEGRATED	d9f45ee0ea471eae7da72757aac6e0243d2a8d07a188ba6348e136653043ecf5	1			
SEG-BASE-A809D29237E9BE819121	BASE	RES-6AA247BC9044805E	story/logs/messages.txt	record/ｷｲ-縺ｿ-MSG05/body	10	SCENE-RECORD-E	ROUTE-COMMON	STATE-RESTORE-E	SPK-D9F45EE0EA471EAE	narration		모든 것이 끝났을 때, 나도 함께 끝나겠다.\n\n·32-B2-12\n·39-D1-38	[{"raw":"32-B2-12","class":"record_key","movable":false,"order_sensitive":true},{"raw":"39-D1-38","class":"record_key","movable":false,"order_sensitive":true}]							BATCH-PROD-MESSAGES	INTEGRATED	03e2e4a864e287c453c5beed4aaae87cf8e5fc2df1f575ebc616bf2d080ee627	1			
SEG-BASE-F33EE6EA9923335189B0	BASE	RES-6AA247BC9044805E	story/logs/messages.txt	record/ﾞ繧-ﾈｦ-MSG06/title	11	SCENE-RECORD-E	ROUTE-COMMON	STATE-RESTORE-E	SPK-D9F45EE0EA471EAE	ui		발신자 불명	[]							BATCH-PROD-MESSAGES	INTEGRATED	d9f45ee0ea471eae7da72757aac6e0243d2a8d07a188ba6348e136653043ecf5	1			
SEG-BASE-5F480300F2D7C471DF47	BASE	RES-6AA247BC9044805E	story/logs/messages.txt	record/ﾞ繧-ﾈｦ-MSG06/body	12	SCENE-RECORD-E	ROUTE-COMMON	STATE-RESTORE-E	SPK-D9F45EE0EA471EAE	narration		이제 얼마 안 남았다.\n네가 기록을 이어 붙일 때마다, 이 섬의 잠금장치가 하나씩 느슨해진다.\n\n하지만 아직 끝나지 않았다.\n네가 보고를 마친 시체 더미 속에 내가 숨어 있다.\n인원수는 맞나? 이상한 점은 없나?\n아직도 남아 있는 보고는 없나?\n\n숫자가 맞지 않는 건 고장이 아니다. 들어맞지 않는 보고가 있다면, 그것도 마찬가지다.\n\n정보는 모두 갖춰졌다.\n기록을 주의 깊게 다시 읽어라.\n\n모든 사망 보고를 채우면 내가 누구인지 알 수 있을 것이다.	[]							BATCH-PROD-MESSAGES	INTEGRATED	5f8194547950ecc746792005c1c6becfc24357da8d22163a50207a928c1d4572	1			
SEG-BASE-F168616D5F6FA8E923CF	BASE	RES-6AA247BC9044805E	story/logs/messages.txt	record/髴ﾑｦ-郢ｧ-MSG07/title	13	SCENE-FINAL	ROUTE-COMMON	STATE-FINAL	SPK-D9F45EE0EA471EAE	ui		발신자 불명	[]							BATCH-PROD-MESSAGES	INTEGRATED	d9f45ee0ea471eae7da72757aac6e0243d2a8d07a188ba6348e136653043ecf5	1			
SEG-BASE-B7592A19C402CDB85F81	BASE	RES-6AA247BC9044805E	story/logs/messages.txt	record/髴ﾑｦ-郢ｧ-MSG07/body	14	SCENE-FINAL	ROUTE-COMMON	STATE-FINAL	SPK-D9F45EE0EA471EAE	narration		……찾아냈나.\n\n그렇다. 그날 아침 이구치를 쏜 건 나다.\n명부의 27번. 네가 진작에 「폭사」라고 보고한 남자다.\n\n나는 과거 선별의 우승자다.\n반 아이들을 전부 죽이고, 나 혼자만 살아남아 그대로 제국에 길들여졌다.\n그날부터 내 시간은 멈춰 있다.\n\n살아남았다고 제국이 던져 준 포상은 종잇조각 한 장이었다. 임명장.\n나를 적성 선별의 「운영」으로 임명한다는 내용이었다.\n적성 선별의 운영은 제국에 중대한 임무이며 우승에 대한 사면이라고, 관리는 말했다.\n비꼬는 말을 할 기력은 이제 남아 있지 않았다.\n\n선별에 어른은 많이 필요하지 않다.\n금지 구역도 시각도 뇌간의 소자도, 장치가 알아서 아이들을 처리해 간다.\n섬에 서 있는 건 몇 명의 군인뿐이다. 내 일은 그걸 지켜보는 것이었다.\n명령받았을 때만 반항한 아이의 소자를 직접 태워 끊는다.\n\n같은 소자가 선별 때부터 내 뇌간에도 박혀 있다.\n\n몇 명이었는지는 세지 않았다. 세기를 그만둔 게 언제였는지도 기억나지 않는다.\n울음소리도 타닥거리는 소리도 이윽고 멀어졌다.\n흐르는 피가 얼음처럼 차갑다.\n\n나는 진작 인간이 아니었다.\n\n하지만 덕분에 증오의 불꽃만큼은 꺼지지 않았다.\n혁명군에게 작전을 전해 들었을 때는 온몸이 떨리는 심정이었다.\n내가 해 온 일에도 의미가 있었던 거라고 말이지.\n\n우리는 이 시험 자체를 발판으로 삼았다.\n원래 40명이어야 할 명부에 한 사람 몫의 틈을 억지로 벌려 파고들었다.\n교관으로 행세하고 나면, 현장에 남는 건 원래 몇 명뿐이다.\n선별이 시작된 뒤 어른들을 한 명씩 없애면 된다.\n\n제국의 네트워크는 견고하다. 정면으로는 절대 뚫을 수 없다.\n그래서 틈을 찾았다. 방어가 낡고 잊힌 단말기 하나를. 안에서부터 파고들 발판이 필요했다.\n그게 바로 지금 네가 만지고 있는 이 기록 복원 단말기다.\n\n내 사망 기록을 이 단말기로 처리하게 한 순간, 나는 이미 내부에 들어와 있었다.\n우선 기록을 산산이 흩어 놓고, 각각에 작은 바이러스를 심었다.\n\n이제 기술관, 네 차례다.\n\n네가 기록을 하나 복원할 때마다 장치는 조용히 늘어났다.\n고맙다. 이 마지막 배선을 연결한 건 다름 아닌 네 손이다.\n며칠 뒤면 제국의 네트워크는 안에서부터 갉아먹혀 뿌리째 무너진다.\n혁명군은 그 혼란을 틈타 쳐들어갈 것이다.\n\n――그럼. 아직 보고가 한 건 남아 있겠지.\n\n『생존』이라고 올바르게 적으면 시스템은 즉시 이상을 감지한다.\n이 머릿속 소자가 타 버리면, 그걸로 끝이다. 이 끝없는 악몽에서 해방된다.\n끝까지 거짓말을 해서 『사망』인 채로 둔다면, 나는 산 지옥을 맛보게 되겠지.\n\n어느 쪽이든 혁명은 이루어진다.\n\n나에게 선택지는 없다.\n\n섬에 남은 어른이 나 하나뿐이었어도, 나는 그 아이들을 돕지 않았다.\n한 명이라도 도왔다면 이상이 전해져, 장치가 완성되기도 전에 모든 게 들통났을 것이다.\n그 아이들은 그 저울에 올려졌다. 올린 건 나다.\n이번만의 이야기가 아니다. 지금까지 어떤 선별에서도 나는 단 한 명도 구하지 않았다.\n\n보고 내용은 네게 맡기겠다.	[]							BATCH-PROD-MESSAGES	INTEGRATED	f78e14114586b9d0784da7d1545041ec9f62a9c1f25a866b1048ce2c4cd8cec3	1			
SEG-BASE-BBA67ED2158B67437987	BASE	RES-45C0C0333B657479	story/logs/system.txt	record/00-SYSTEM/title	1	SCENE-RECORD-INITIAL	ROUTE-COMMON	STATE-RESTORE-INITIAL		ui		사망 기록 열람 시스템 안내	[]							BATCH-PILOT-SYSTEM	RUNTIME_VALIDATED	ab8e75d1dfcac376cde62b9e703f37cf25b2af8e81dd205a19beeefc95cbdf24	1			
SEG-BASE-10F825939BAC0C26E466	BASE	RES-45C0C0333B657479	story/logs/system.txt	record/00-SYSTEM/state	2	SCENE-RECORD-INITIAL	ROUTE-COMMON	STATE-RESTORE-INITIAL		ui		기록 관리국	[]							BATCH-PILOT-SYSTEM	RUNTIME_VALIDATED	f528b2c23f18719eaea1578e48899c2b58522c89a203b83268cedb0107952f95	1			
SEG-BASE-06379FB00FBB4A69E63F	BASE	RES-45C0C0333B657479	story/logs/system.txt	record/00-SYSTEM/body	3	SCENE-RECORD-INITIAL	ROUTE-COMMON	STATE-RESTORE-INITIAL		system		[sys]\n[b]야시마 제국 교육성 적성 선별국 ／ 기록 관리국[/b]\n기록 아카이브 복원 단말. 기술관이 아닌 자의 조작을 금한다.\n\n본 단말은 종료된 [b]제23회 적성 선별[/b]의 기록을 복원·열람하는 전용 단말이다.\n\n[b]■ 열람 절차[/b]\n화면 왼쪽 색인에서 기록을 선택해 본문을 표시한다.\n색인 손상으로 목록에 표시되지 않는 기록은 아래 입력란에 [b]기록명[/b]을 직접 입력해 복원한다.\n\n[b]■ 기록명 형식[/b]\n기록명은 다음 형식을 따른다.\n\n99-X9-99\n\n앞의 두 자리 숫자는繝ｧ-\n--- 일부 데이터 손상을 감지했습니다. 읽을 수 없습니다 ----\n-�ﾂ는 출석 번호를 나타낸다.\n\n[b]경고: 색인 손상[/b]\n본 선별 기록에서 색인에 심각한 손상이 확인된다.\n[/sys]	[{"raw":"[sys]","class":"markup_open","movable":false,"order_sensitive":true},{"raw":"[b]","class":"markup_open","movable":false,"order_sensitive":true},{"raw":"[/b]","class":"markup_close","movable":false,"order_sensitive":true},{"raw":"[b]","class":"markup_open","movable":false,"order_sensitive":true},{"raw":"[/b]","class":"markup_close","movable":false,"order_sensitive":true},{"raw":"[b]","class":"markup_open","movable":false,"order_sensitive":true},{"raw":"[/b]","class":"markup_close","movable":false,"order_sensitive":true},{"raw":"[b]","class":"markup_open","movable":false,"order_sensitive":true},{"raw":"[/b]","class":"markup_close","movable":false,"order_sensitive":true},{"raw":"[b]","class":"markup_open","movable":false,"order_sensitive":true},{"raw":"[/b]","class":"markup_close","movable":false,"order_sensitive":true},{"raw":"99-X9-99","class":"record_key","movable":false,"order_sensitive":true},{"raw":"[b]","class":"markup_open","movable":false,"order_sensitive":true},{"raw":"[/b]","class":"markup_close","movable":false,"order_sensitive":true},{"raw":"[/sys]","class":"markup_close","movable":false,"order_sensitive":true}]							BATCH-PILOT-SYSTEM	RUNTIME_VALIDATED	36361f37d291790c100d4ae377768405338a299fb4e04d79e39eaac773a6740c	1			
SEG-BASE-D469E2569E91DB1E1DEF	BASE	RES-45C0C0333B657479	story/logs/system.txt	record/00-ORDER/title	4	SCENE-RECORD-INITIAL	ROUTE-COMMON	STATE-RESTORE-INITIAL		ui		임무 지령서	[]							BATCH-PILOT-SYSTEM	RUNTIME_VALIDATED	ef7dd36a55da9e24caefdd644345b255193a1663cbf2b42a31d6fd186e3a3086	1			
SEG-BASE-A5B7FDDFE080C0D5231C	BASE	RES-45C0C0333B657479	story/logs/system.txt	record/00-ORDER/state	5	SCENE-RECORD-INITIAL	ROUTE-COMMON	STATE-RESTORE-INITIAL		ui		기밀	[]							BATCH-PILOT-SYSTEM	RUNTIME_VALIDATED	c3b124642ddbd9ae713165e025cac2398336187044c3057c41f08c15f1f33eb3	1			
SEG-BASE-6498DDD4CBC64B3F0B33	BASE	RES-45C0C0333B657479	story/logs/system.txt	record/00-ORDER/body	6	SCENE-RECORD-INITIAL	ROUTE-COMMON	STATE-RESTORE-INITIAL		system		[sys]\n[b]■ 명령[/b]\n제23회 적성 선별(대상: 제88고등학교／3학년 2반／총 40명)의 기록을 복원하고, 각 사망 사건의 경위를 확정하여 보고서를 제출하라.\n\n[b]■ 절차[/b]\n1. [b]기록명[/b]을 아래 입력란에 입력하고, ［복원］으로 기록을 복원하라. 단말 조작 요령은 [link]00-SYSTEM[/link]을 확인하라.\n2. 복원한 기록에서 [b]사인·흉기·가해자[/b]를 대조하여 사망 보고를 확정하라. 보고서 작성 요령은 [link]00-REPORT[/link]를 확인하라.\n\n[b]■ 경위[/b]\n며칠 전, 본 부처는 대규모 전자 공격을 받아 기록 대부분이 훼손·유실되었다.\n선별은 이미 종료되었다. 복원 가능한 기록부터 차례로 처리하여 모두 복원하라.\n기술관은 기록의 사실만을 색인에 복원하라. 사적인 감정을 끼워 넣는 것은 허용하지 않는다.\n\n또한 확인된 기록명을 아래에 적는다. 우선 이것부터 복원을 시작하라.\n\n·[link]05-D2-29[/link]\n·[link]06-D2-11[/link]\n·[link]07-D1-24[/link]\n\n――이상, 명에 따라 통지한다.\n\n야시마 제국 교육성 적성 선별국 국장\n[/sys]	[{"raw":"[sys]","class":"markup_open","movable":false,"order_sensitive":true},{"raw":"[b]","class":"markup_open","movable":false,"order_sensitive":true},{"raw":"[/b]","class":"markup_close","movable":false,"order_sensitive":true},{"raw":"[b]","class":"markup_open","movable":false,"order_sensitive":true},{"raw":"[/b]","class":"markup_close","movable":false,"order_sensitive":true},{"raw":"[b]","class":"markup_open","movable":false,"order_sensitive":true},{"raw":"[/b]","class":"markup_close","movable":false,"order_sensitive":true},{"raw":"[link]","class":"markup_open","movable":false,"order_sensitive":true},{"raw":"00-SYSTEM","class":"record_key","movable":false,"order_sensitive":true},{"raw":"[/link]","class":"markup_close","movable":false,"order_sensitive":true},{"raw":"[b]","class":"markup_open","movable":false,"order_sensitive":true},{"raw":"[/b]","class":"markup_close","movable":false,"order_sensitive":true},{"raw":"[link]","class":"markup_open","movable":false,"order_sensitive":true},{"raw":"00-REPORT","class":"record_key","movable":false,"order_sensitive":true},{"raw":"[/link]","class":"markup_close","movable":false,"order_sensitive":true},{"raw":"[b]","class":"markup_open","movable":false,"order_sensitive":true},{"raw":"[/b]","class":"markup_close","movable":false,"order_sensitive":true},{"raw":"[link]","class":"markup_open","movable":false,"order_sensitive":true},{"raw":"05-D2-29","class":"record_key","movable":false,"order_sensitive":true},{"raw":"[/link]","class":"markup_close","movable":false,"order_sensitive":true},{"raw":"[link]","class":"markup_open","movable":false,"order_sensitive":true},{"raw":"06-D2-11","class":"record_key","movable":false,"order_sensitive":true},{"raw":"[/link]","class":"markup_close","movable":false,"order_sensitive":true},{"raw":"[link]","class":"markup_open","movable":false,"order_sensitive":true},{"raw":"07-D1-24","class":"record_key","movable":false,"order_sensitive":true},{"raw":"[/link]","class":"markup_close","movable":false,"order_sensitive":true},{"raw":"[/sys]","class":"markup_close","movable":false,"order_sensitive":true}]							BATCH-PILOT-SYSTEM	RUNTIME_VALIDATED	894b7610bea7d032f24cc5e432e1b9a2fee950bab40155700622fbbd73a7a10d	1			
SEG-BASE-77CFFC8BB8CC0D13520F	BASE	RES-45C0C0333B657479	story/logs/system.txt	record/00-REPORT/title	7	SCENE-RECORD-INITIAL	ROUTE-COMMON	STATE-RESTORE-INITIAL		ui		사망 보고 작성 요령	[]							BATCH-PILOT-SYSTEM	RUNTIME_VALIDATED	187a6752a9c9716a294746259e013f407a67c6ae09bfc1ae64626c2148bb27d1	1			
SEG-BASE-7178BEF3064B6D1E0716	BASE	RES-45C0C0333B657479	story/logs/system.txt	record/00-REPORT/state	8	SCENE-RECORD-INITIAL	ROUTE-COMMON	STATE-RESTORE-INITIAL		ui		기록 관리국	[]							BATCH-PILOT-SYSTEM	RUNTIME_VALIDATED	f528b2c23f18719eaea1578e48899c2b58522c89a203b83268cedb0107952f95	1			
SEG-BASE-49255107BAC86E57BB6D	BASE	RES-45C0C0333B657479	story/logs/system.txt	record/00-REPORT/body	9	SCENE-RECORD-INITIAL	ROUTE-COMMON	STATE-RESTORE-INITIAL		system		[sys]\n[b]사망 보고 ／ 작성 요령[/b]\n각 사망 사건은 「사인·흉기·가해자」 세 가지를 확정해 보고한다. 분류가 어려울 때는 다음을 따른다.\n\n[b]■ 흉기[/b]\n살해에 사용한 무기가 [b]지급 무기의 품명과 일치할 경우[/b], 흉기로 그 이름을 기록한다.\n어느 품명과도 일치하지 않는 죽음――자작 도구, 주변의 물건, 자신의 도구로 인한 사고, 맨손 등――은 흉기를 [b]「없음」[/b]으로 분류한다.\n명부의 지급 무기와 본문 속 흉기가 일치하는지를 대조의 핵심으로 삼아라.\n\n[b]■ 가해자 없는 죽음[/b]\n인위적인 가해자가 없는 죽음은 가해자를 [b]「해당 없음」[/b]으로 하고, 흉기는 [b]「없음」[/b]으로 한다. 다음 세 가지가 있다.\n\n·[b]폭사[/b]\n  뇌간의 소자에 의한 강제 기폭(운영 조치／금지 구역／최종 수축／자기 기폭).\n  사인은 「폭사」로 기록한다.\n·[b]과실사[/b]\n  자신의 과실로 인한 사고사(직접 만든 물건의 오작동·폭발, 넘어짐 등). 사인은 「과실사」로 기록한다.\n·[b]자살[/b]\n  자신의 의지에 따른 죽음. 사인은 「자살」로 기록하지 않고, 그 양상――[b]추락사·중독사[/b] 등――으로 기록한다.\n\n또한 [b]추락사[/b]에는 타살(밀어 떨어뜨림)과 자살(투신)이 모두 있으며, 가해자 유무로 구별한다.\n[/sys]	[{"raw":"[sys]","class":"markup_open","movable":false,"order_sensitive":true},{"raw":"[b]","class":"markup_open","movable":false,"order_sensitive":true},{"raw":"[/b]","class":"markup_close","movable":false,"order_sensitive":true},{"raw":"[b]","class":"markup_open","movable":false,"order_sensitive":true},{"raw":"[/b]","class":"markup_close","movable":false,"order_sensitive":true},{"raw":"[b]","class":"markup_open","movable":false,"order_sensitive":true},{"raw":"[/b]","class":"markup_close","movable":false,"order_sensitive":true},{"raw":"[b]","class":"markup_open","movable":false,"order_sensitive":true},{"raw":"[/b]","class":"markup_close","movable":false,"order_sensitive":true},{"raw":"[b]","class":"markup_open","movable":false,"order_sensitive":true},{"raw":"[/b]","class":"markup_close","movable":false,"order_sensitive":true},{"raw":"[b]","class":"markup_open","movable":false,"order_sensitive":true},{"raw":"[/b]","class":"markup_close","movable":false,"order_sensitive":true},{"raw":"[b]","class":"markup_open","movable":false,"order_sensitive":true},{"raw":"[/b]","class":"markup_close","movable":false,"order_sensitive":true},{"raw":"[b]","class":"markup_open","movable":false,"order_sensitive":true},{"raw":"[/b]","class":"markup_close","movable":false,"order_sensitive":true},{"raw":"[b]","class":"markup_open","movable":false,"order_sensitive":true},{"raw":"[/b]","class":"markup_close","movable":false,"order_sensitive":true},{"raw":"[b]","class":"markup_open","movable":false,"order_sensitive":true},{"raw":"[/b]","class":"markup_close","movable":false,"order_sensitive":true},{"raw":"[b]","class":"markup_open","movable":false,"order_sensitive":true},{"raw":"[/b]","class":"markup_close","movable":false,"order_sensitive":true},{"raw":"[b]","class":"markup_open","movable":false,"order_sensitive":true},{"raw":"[/b]","class":"markup_close","movable":false,"order_sensitive":true},{"raw":"[/sys]","class":"markup_close","movable":false,"order_sensitive":true}]							BATCH-PILOT-SYSTEM	RUNTIME_VALIDATED	80a6b806f33bd7c556dc8e63e62d51ee788d4bcfcf6144df94b1ba1224cc4a3f	1			
SEG-BASE-8A5E1501D118AF2C5D73	BASE	RES-45C0C0333B657479	story/logs/system.txt	record/00-REFERENCE/title	10		ROUTE-COMMON			ui		참조 분석 기능	[]							BATCH-PROD-SYSTEM-DOCS	INTEGRATED	cb28ee3d26f0f95535ac6dd6f05056aac1f1bb2853eb19411cfe3f51252a7d34	1			
SEG-BASE-21BA63629D83AACCEA9E	BASE	RES-45C0C0333B657479	story/logs/system.txt	record/00-REFERENCE/state	11		ROUTE-COMMON			ui		기록 관리국	[]							BATCH-PROD-SYSTEM-DOCS	INTEGRATED	f528b2c23f18719eaea1578e48899c2b58522c89a203b83268cedb0107952f95	1			
SEG-BASE-D6BA58E7296FAFD52DF7	BASE	RES-45C0C0333B657479	story/logs/system.txt	record/00-REFERENCE/body	12		ROUTE-COMMON			system		[sys]\n[b]기록 아카이브 ／ 참조 분석 기능[/b]\n이 기능은 기록 간의 연관성을 자동으로 분석하여 기술관의 복원 작업을 보조한다.\n\n각 기록에서 다른 기록과의 연관성이 감지되면 [b]참조[/b]로 검출된다.\n\n[b]■ 참조 감지[/b]\n기록을 복원하면 본문에서 언급한 다른 기록을 분석하고, 끝에 다음 형식으로 통지한다.\n\n-- 다른 기억에 대한 참조를 감지. 미복원 ○건 --\n\n「미복원」 건수는 참조 대상 중 아직 색인에 복원되지 않은 기록의 수를 나타낸다.\n해당 기록을 복원할 때마다 건수가 줄어들며, 모두 복원하면 통지는 사라진다.\n\n[b]■ 색인 표시[/b]\n색인 목록에서는 각 기록명 왼쪽에 미복원 참조 건수를 [○] 형식으로 표시한다.\n수치가 큰 기록일수록 아직 추적하지 않은 연관성이 많다는 뜻이다.\n또한 본문에서 아직 복원하지 않은 [b]시스템 문서[/b](00-로 시작)를 안내하는 경우, 기록명에 점선을 표시한다.\n안내된 시스템 문서를 복원하면 점선이 사라진다.\n\n[b]■ 기술관에게[/b]\n참조는 다음에 추적해야 할 기록을 가리키는 단서다.\n건수를 단서로 미복원 기록명을 추정하여 차례로 복원하라.\n[/sys]	[{"raw":"[sys]","class":"markup_open","movable":false,"order_sensitive":true},{"raw":"[b]","class":"markup_open","movable":false,"order_sensitive":true},{"raw":"[/b]","class":"markup_close","movable":false,"order_sensitive":true},{"raw":"[b]","class":"markup_open","movable":false,"order_sensitive":true},{"raw":"[/b]","class":"markup_close","movable":false,"order_sensitive":true},{"raw":"[b]","class":"markup_open","movable":false,"order_sensitive":true},{"raw":"[/b]","class":"markup_close","movable":false,"order_sensitive":true},{"raw":"[b]","class":"markup_open","movable":false,"order_sensitive":true},{"raw":"[/b]","class":"markup_close","movable":false,"order_sensitive":true},{"raw":"[○]","class":"markup_open","movable":false,"order_sensitive":true},{"raw":"[b]","class":"markup_open","movable":false,"order_sensitive":true},{"raw":"[/b]","class":"markup_close","movable":false,"order_sensitive":true},{"raw":"[b]","class":"markup_open","movable":false,"order_sensitive":true},{"raw":"[/b]","class":"markup_close","movable":false,"order_sensitive":true},{"raw":"[/sys]","class":"markup_close","movable":false,"order_sensitive":true}]							BATCH-PROD-SYSTEM-DOCS	INTEGRATED	5daadecb09b04dc10671b8aa7d72c7f1212d7e695517ed7e8a6461630453eae0	1			
SEG-BASE-0EEDDFB71B504967F09D	BASE	RES-45C0C0333B657479	story/logs/system.txt	record/00-ZONE/title	13		ROUTE-COMMON			ui		금지 구역	[]							BATCH-PROD-SYSTEM-DOCS	INTEGRATED	2051eefaa3342dbeac3673eff0755daf8ff88f2fa2c380b23ea36e96748de15a	1			
SEG-BASE-905936CD188BB85B03B1	BASE	RES-45C0C0333B657479	story/logs/system.txt	record/00-ZONE/state	14		ROUTE-COMMON			ui		기록 관리국	[]							BATCH-PROD-SYSTEM-DOCS	INTEGRATED	f528b2c23f18719eaea1578e48899c2b58522c89a203b83268cedb0107952f95	1			
SEG-BASE-5EBAE9C975FAB21A8D58	BASE	RES-45C0C0333B657479	story/logs/system.txt	record/00-ZONE/body	15		ROUTE-COMMON			system		[sys]\n[b]적성 선별 구역 관리 ／ 금지 구역[/b]\n선별 구역은 시간이 지남에 따라 매시 00분 한 구획씩 차례로 [b]금지 구역[/b]으로 지정된다.\n\n지정 구역에 머무는 피험자는 뇌간의 신경 기록 소자에 의해 강제 기폭된다.\n이를 가해자 없는 죽음＝[b]강제 기폭[/b]으로 기록한다.\n\n[b]■ 기록상 취급[/b]\n금지 구역에 의한 죽음은 「폭사」로 분류하며, 가해자는 없다.\n사망 보고에서는 「[b]흉기 없음, 가해자 해당 없음[/b]」으로 한다.\n\n[b]■ 봉쇄 기록[/b]\n매시 00분 한 구획씩 외곽에서 A1을 향해 봉쇄했다(야간 봉쇄는 없다).\n\n[b]첫째 날[/b]\n08:00　E4(폐교)\n09:00　E5\n10:00　D5\n11:00　C2(숲)\n12:00　E3\n13:00　D4(교회)\n14:00　B5\n15:00　C4(항구)\n16:00　D3\n17:00　A5\n18:00　C3(전파탑)\n19:00　D2(늪)\n20:00　E2(공장)\n\n[b]둘째 날[/b]\n08:00　A4\n09:00　A3\n10:00　A2(언덕)\n11:00　C5\n12:00　E1\n13:00　B4(농장)\n14:00　B3(폐촌)\n15:00　D1(등대)\n16:00　A1(곶)·B1(암초 지대)·B2(동굴)·C1(최종 수축＝일제 봉쇄)\n[/sys]	[{"raw":"[sys]","class":"markup_open","movable":false,"order_sensitive":true},{"raw":"[b]","class":"markup_open","movable":false,"order_sensitive":true},{"raw":"[/b]","class":"markup_close","movable":false,"order_sensitive":true},{"raw":"[b]","class":"markup_open","movable":false,"order_sensitive":true},{"raw":"[/b]","class":"markup_close","movable":false,"order_sensitive":true},{"raw":"[b]","class":"markup_open","movable":false,"order_sensitive":true},{"raw":"[/b]","class":"markup_close","movable":false,"order_sensitive":true},{"raw":"[b]","class":"markup_open","movable":false,"order_sensitive":true},{"raw":"[/b]","class":"markup_close","movable":false,"order_sensitive":true},{"raw":"[b]","class":"markup_open","movable":false,"order_sensitive":true},{"raw":"[/b]","class":"markup_close","movable":false,"order_sensitive":true},{"raw":"[b]","class":"markup_open","movable":false,"order_sensitive":true},{"raw":"[/b]","class":"markup_close","movable":false,"order_sensitive":true},{"raw":"[b]","class":"markup_open","movable":false,"order_sensitive":true},{"raw":"[/b]","class":"markup_close","movable":false,"order_sensitive":true},{"raw":"[b]","class":"markup_open","movable":false,"order_sensitive":true},{"raw":"[/b]","class":"markup_close","movable":false,"order_sensitive":true},{"raw":"[/sys]","class":"markup_close","movable":false,"order_sensitive":true}]							BATCH-PROD-SYSTEM-DOCS	INTEGRATED	4ec22c89930fed01a0981f22f00f65ee99014cd222b02142aa625c73aad5d01b	1			
SEG-BASE-0FE0094F6AAD97007031	BASE	RES-45C0C0333B657479	story/logs/system.txt	record/00-MAP/title	16		ROUTE-COMMON			ui		섬 지도	[]							BATCH-PILOT-SYSTEM	RUNTIME_VALIDATED	8e8a4dace80216f113767cd4d9f381a13f5faa15d4d1f02c6d570465543c6e11	1			
SEG-BASE-909474381D5F4F6C3CE2	BASE	RES-45C0C0333B657479	story/logs/system.txt	record/00-MAP/state	17		ROUTE-COMMON			ui		기록 관리국	[]							BATCH-PILOT-SYSTEM	RUNTIME_VALIDATED	f528b2c23f18719eaea1578e48899c2b58522c89a203b83268cedb0107952f95	1			
SEG-BASE-C2A57A29D043B385568C	BASE	RES-45C0C0333B657479	story/logs/system.txt	record/00-MAP/body	18		ROUTE-COMMON			system		[sys]\n[b]모쿠토섬 전체 지도[/b]\n본 선별은 모쿠토섬을 무대로 진행되었다.\n섬에는 항구·늪·숲·동굴·폐교·교회·전파탑·등대 등 여러 지점이 흩어져 있다.\n[b]지도 기능[/b]에서 전체 지도를 확인할 수 있다.\n\n기록에 지명이 나오면 지도에서 위치를 확인하고 사건의 경위를 파악하라.\n[/sys]	[{"raw":"[sys]","class":"markup_open","movable":false,"order_sensitive":true},{"raw":"[b]","class":"markup_open","movable":false,"order_sensitive":true},{"raw":"[/b]","class":"markup_close","movable":false,"order_sensitive":true},{"raw":"[b]","class":"markup_open","movable":false,"order_sensitive":true},{"raw":"[/b]","class":"markup_close","movable":false,"order_sensitive":true},{"raw":"[/sys]","class":"markup_close","movable":false,"order_sensitive":true}]							BATCH-PILOT-SYSTEM	RUNTIME_VALIDATED	9bf0d1a976d9723b40eaed6ef99dcf13d2b2b87df41c6d436aa3b53e2c781d53	1			
SEG-BASE-4529D921D1A1B32D71FE	BASE	RES-45C0C0333B657479	story/logs/system.txt	record/00-ANNOUNCE/title	19		ROUTE-COMMON			ui		정시 방송	[]							BATCH-PROD-SYSTEM-DOCS	INTEGRATED	1b3acddbe1db3998cc0ae52d926cb845a15dc310eccecbe3284f9d7c73ec74a5	1			
SEG-BASE-3BD4BA6CCA396662A1F2	BASE	RES-45C0C0333B657479	story/logs/system.txt	record/00-ANNOUNCE/state	20		ROUTE-COMMON			ui		기록 관리국	[]							BATCH-PROD-SYSTEM-DOCS	INTEGRATED	f528b2c23f18719eaea1578e48899c2b58522c89a203b83268cedb0107952f95	1			
SEG-BASE-8225B07E761FD91DBB9D	BASE	RES-45C0C0333B657479	story/logs/system.txt	record/00-ANNOUNCE/body	21		ROUTE-COMMON			system		[sys]\n[b]적성 선별 구역 관리 ／ 정시 방송[/b]\n선별 구역에서는 매시 00분 섬 전역에 정시 방송을 송출한다.\n\n[b]■ 내용[/b]\n방송은 시스템이 감지한 사망 누계를 알린다.\n「현재 ○명 사망」의 ○은 해당 시각까지 감지한 사망자 총수다.\n아울러 직전 방송 이후 새로 감지된 사망자의 이름을 사망한 순서대로 호명한다.\n\n[b]■ 목적[/b]\n남은 피험자에게 전황을 알려 선별이 정체되는 것을 막는다.\n누가 쓰러졌고 누가 남았는지 알리고, 다음 가해를 촉진하기 위해서다.\n\n[b]■ 유의[/b]\n호명은 시스템이 심정지를 감지한 사례에 한한다.\n감지 순서는 사망 시각에 따른다.\n[/sys]	[{"raw":"[sys]","class":"markup_open","movable":false,"order_sensitive":true},{"raw":"[b]","class":"markup_open","movable":false,"order_sensitive":true},{"raw":"[/b]","class":"markup_close","movable":false,"order_sensitive":true},{"raw":"[b]","class":"markup_open","movable":false,"order_sensitive":true},{"raw":"[/b]","class":"markup_close","movable":false,"order_sensitive":true},{"raw":"[b]","class":"markup_open","movable":false,"order_sensitive":true},{"raw":"[/b]","class":"markup_close","movable":false,"order_sensitive":true},{"raw":"[b]","class":"markup_open","movable":false,"order_sensitive":true},{"raw":"[/b]","class":"markup_close","movable":false,"order_sensitive":true},{"raw":"[/sys]","class":"markup_close","movable":false,"order_sensitive":true}]							BATCH-PROD-SYSTEM-DOCS	INTEGRATED	df97218aa8794d5b8af9e7a742f6e3cfa44083c85004b88bab148d2372eb100c	1			
SEG-BASE-77B8EF9F42BFB76C14CB	BASE	RES-45C0C0333B657479	story/logs/system.txt	record/00-ROLL/title	22		ROUTE-COMMON			ui		아침 점호	[]							BATCH-PROD-SYSTEM-DOCS	INTEGRATED	2144b7916b37ea35a2b747c02be3d7eb6aa1901aa2b4bf8deb9b781244d26add	1			
SEG-BASE-F1A5606E02A7C8A41C0F	BASE	RES-45C0C0333B657479	story/logs/system.txt	record/00-ROLL/state	23		ROUTE-COMMON			ui		기록 관리국	[]							BATCH-PROD-SYSTEM-DOCS	INTEGRATED	f528b2c23f18719eaea1578e48899c2b58522c89a203b83268cedb0107952f95	1			
SEG-BASE-8E61FCA8D62C30DB8A58	BASE	RES-45C0C0333B657479	story/logs/system.txt	record/00-ROLL/body	24		ROUTE-COMMON			system		[sys]\n[b]적성 선별 정시 방송 ／ 아침 점호[/b]\n매일 아침 전날까지 쓰러진 사람의 수와 이름을 호명한다.\n\n[b]■ 첫째 날 사망자(출석 번호순)[/b]\n아이자와, 아사노, 이구치, 오쿠보, 오쓰카, 기노시타, 기류, 구로사와, 사이조, 사이토, 사쿠마, 스다, 다치바나, 다마루, 하야세, 하야미, 히라오카, 후쿠시마, 마키노, 모테기, 와다.\n[/sys]	[{"raw":"[sys]","class":"markup_open","movable":false,"order_sensitive":true},{"raw":"[b]","class":"markup_open","movable":false,"order_sensitive":true},{"raw":"[/b]","class":"markup_close","movable":false,"order_sensitive":true},{"raw":"[b]","class":"markup_open","movable":false,"order_sensitive":true},{"raw":"[/b]","class":"markup_close","movable":false,"order_sensitive":true},{"raw":"[/sys]","class":"markup_close","movable":false,"order_sensitive":true}]							BATCH-PROD-SYSTEM-DOCS	INTEGRATED	0b315265c34457f4072932aa05fb06e0278121f97630a57b760a80b0b026c358	1			
SEG-BASE-92DA25BF63F9D270EF37	BASE	RES-45C0C0333B657479	story/logs/system.txt	record/00-CHIP/title	25		ROUTE-COMMON			ui		신경 기록 소자	[]							BATCH-PROD-SYSTEM-DOCS	INTEGRATED	b0445195a385d438c92faa791765b3e40e017605a90a5de9ef8000131eab08b7	1			
SEG-BASE-F0349522423453AF2150	BASE	RES-45C0C0333B657479	story/logs/system.txt	record/00-CHIP/state	26		ROUTE-COMMON			ui		기록 관리국	[]							BATCH-PROD-SYSTEM-DOCS	INTEGRATED	f528b2c23f18719eaea1578e48899c2b58522c89a203b83268cedb0107952f95	1			
SEG-BASE-6487E27D9B4B95094428	BASE	RES-45C0C0333B657479	story/logs/system.txt	record/00-CHIP/body	27		ROUTE-COMMON			system		[sys]\n[b]신경 기록 소자(NL 소자) ／ 기록 사양[/b]\n본 적성 시험이 시작되기 전에 참가자의 뇌간에 신경 기록 소자를 매설한다.\n소자는 기록 장치인 동시에 [b]강제 기폭[/b] 장치를 겸한다.\n규정 위반, 명령 불복종 또는 교관의 판단에 따라 원격으로 기폭된다.\n\n[b]■ 기록 생성[/b]\n소자는 심정지를 감지한 순간, 직전 300초――즉 5분간의 신경 활동을 자동으로 문장화하여 본 서버로 전송·저장한다.\n출력은 본인 시점의 1인칭이며, 보고 들은 것과 신체 감각, 나아가 [b]속말[/b](마음의 소리)까지 포함한다.\n각 기록은 피험자 자신이 남긴 최후 5분의 의식 그 자체다.\n\n[b]■ 기록상 취급[/b]\n소자 기폭에 의한 죽음은 가해자가 없는 죽음으로 분류한다.\n폭사, 가해자 없음으로 처리한다.\n\n[b]■ 유의[/b]\n기폭은 순식간에 이루어지며 피험자에게 피할 여지는 없다.\n기록은 기폭 직전에 끊긴다.\n\n[b]■ 기록 보존[/b]\n소자가 생성한 기록은 기록 관리국이 관리하는 [b]폐쇄망[/b](보안 등급: 특급) 내 서버로 전송·저장된다.\n본 망은 외부 통신망과 물리적으로 격리되어 외부에서 침입할 경로가 존재하지 않으며, 그 안전은 보장된다.\n기록의 열람·복원을 허가받는 자는 특급 보안 등급을 부여받은 [b]기술관[/b]으로 한정한다.\n기록의 복제·반출·외부 전송은 모두 엄격히 금지한다.\n[/sys]	[{"raw":"[sys]","class":"markup_open","movable":false,"order_sensitive":true},{"raw":"[b]","class":"markup_open","movable":false,"order_sensitive":true},{"raw":"[/b]","class":"markup_close","movable":false,"order_sensitive":true},{"raw":"[b]","class":"markup_open","movable":false,"order_sensitive":true},{"raw":"[/b]","class":"markup_close","movable":false,"order_sensitive":true},{"raw":"[b]","class":"markup_open","movable":false,"order_sensitive":true},{"raw":"[/b]","class":"markup_close","movable":false,"order_sensitive":true},{"raw":"[b]","class":"markup_open","movable":false,"order_sensitive":true},{"raw":"[/b]","class":"markup_close","movable":false,"order_sensitive":true},{"raw":"[b]","class":"markup_open","movable":false,"order_sensitive":true},{"raw":"[/b]","class":"markup_close","movable":false,"order_sensitive":true},{"raw":"[b]","class":"markup_open","movable":false,"order_sensitive":true},{"raw":"[/b]","class":"markup_close","movable":false,"order_sensitive":true},{"raw":"[b]","class":"markup_open","movable":false,"order_sensitive":true},{"raw":"[/b]","class":"markup_close","movable":false,"order_sensitive":true},{"raw":"[b]","class":"markup_open","movable":false,"order_sensitive":true},{"raw":"[/b]","class":"markup_close","movable":false,"order_sensitive":true},{"raw":"[b]","class":"markup_open","movable":false,"order_sensitive":true},{"raw":"[/b]","class":"markup_close","movable":false,"order_sensitive":true},{"raw":"[/sys]","class":"markup_close","movable":false,"order_sensitive":true}]							BATCH-PROD-SYSTEM-DOCS	INTEGRATED	514f960137d76a5cd91604365d2408a5bd09e2e13c347dae7802bf2586bc933f	1			
SEG-BASE-C06F87CE62E49DD158A9	BASE	RES-45C0C0333B657479	story/logs/system.txt	record/00-MOTIVE/title	28		ROUTE-COMMON			ui		유도 조치	[]							BATCH-PILOT-SYSTEM	RUNTIME_VALIDATED	bbb222639c71a18c95d2bd8e7a9a7af3b3d66ef44267319af66d34b44072b9c7	1			
SEG-BASE-9DE6A4525A0B5E20E8DF	BASE	RES-45C0C0333B657479	story/logs/system.txt	record/00-MOTIVE/state	29		ROUTE-COMMON			ui		기밀	[]							BATCH-PILOT-SYSTEM	RUNTIME_VALIDATED	c3b124642ddbd9ae713165e025cac2398336187044c3057c41f08c15f1f33eb3	1			
SEG-BASE-48BB49E437F13DE1C458	BASE	RES-45C0C0333B657479	story/logs/system.txt	record/00-MOTIVE/body	30		ROUTE-COMMON			system		[sys]\n[b]적성 선별 운영 요령 ／ 유도 조치[/b]\n적성 선별을 원활하게 진행하기 위해 운영상 관례에 따라 몇 가지 유도 조치를 시행하고 있다.\n\n[b]■ 취지[/b]\n통계상 피험자에게 가장 어려운 것은 [b]첫 가해[/b]다.\n이 한 건만 넘기면 이후의 선별은 저절로 가속된다.\n따라서 일부 피험자에게는 첫 저항을 없애기 위한 [b]개별 동기[/b]를 미리 부여한다.\n\n[b]■ 조치의 예[/b]\n·가족의 신병을 확보하고 그 안전을 성적과 연동한다.\n·우승자에게 사면·포상을 제시한다.\n·금지 구역을 점차 확대해 퇴로를 끊는다.\n조치 내용은 피험자마다 조정하며 정식 기록에는 남기지 않는다.\n\n[b]■ 우승 요건[/b]\n우승은 가해 실적――즉 선별에 대한 기여――를 바탕으로 인정한다.\n단 한 사람도 죽이지 않은 자는 [b]끝까지 살아남더라도 우승자로 인정하지 않는다[/b].\n요건을 충족하는 사람이 한 명도 남지 않으면 해당 회차에는 우승자가 없는 것으로 한다.\n\n[b]■ 우승자 처우[/b]\n선별을 돌파한 자에게는 사면과 함께 장래의 신분을 보장한다.\n즉, 제국의 관료로서 높고 안정된 직위에 등용하여 평생 그 지위를 보장한다.\n혹독한 선별에서 살아남은 자의 적성을, 곧 국가에 이바지할 재능으로 간주하기 때문이다.\n\n[b]■ 유의[/b]\n본 조치는 선별 설계에 포함된 정당한 절차이며, 피험자의 적성 평가를 방해하지 않는다.\n[/sys]	[{"raw":"[sys]","class":"markup_open","movable":false,"order_sensitive":true},{"raw":"[b]","class":"markup_open","movable":false,"order_sensitive":true},{"raw":"[/b]","class":"markup_close","movable":false,"order_sensitive":true},{"raw":"[b]","class":"markup_open","movable":false,"order_sensitive":true},{"raw":"[/b]","class":"markup_close","movable":false,"order_sensitive":true},{"raw":"[b]","class":"markup_open","movable":false,"order_sensitive":true},{"raw":"[/b]","class":"markup_close","movable":false,"order_sensitive":true},{"raw":"[b]","class":"markup_open","movable":false,"order_sensitive":true},{"raw":"[/b]","class":"markup_close","movable":false,"order_sensitive":true},{"raw":"[b]","class":"markup_open","movable":false,"order_sensitive":true},{"raw":"[/b]","class":"markup_close","movable":false,"order_sensitive":true},{"raw":"[b]","class":"markup_open","movable":false,"order_sensitive":true},{"raw":"[/b]","class":"markup_close","movable":false,"order_sensitive":true},{"raw":"[b]","class":"markup_open","movable":false,"order_sensitive":true},{"raw":"[/b]","class":"markup_close","movable":false,"order_sensitive":true},{"raw":"[b]","class":"markup_open","movable":false,"order_sensitive":true},{"raw":"[/b]","class":"markup_close","movable":false,"order_sensitive":true},{"raw":"[b]","class":"markup_open","movable":false,"order_sensitive":true},{"raw":"[/b]","class":"markup_close","movable":false,"order_sensitive":true},{"raw":"[/sys]","class":"markup_close","movable":false,"order_sensitive":true}]							BATCH-PILOT-SYSTEM	RUNTIME_VALIDATED	689d0f331cbfbb29f9bace72b2fdc82b66a6663807d81e80905ec8b58bae9598	1			
SEG-BASE-2F5937FD54047101F802	BASE	RES-45C0C0333B657479	story/logs/system.txt	record/00-DECREE/title	31	SCENE-FINAL	ROUTE-COMMON	STATE-FINAL		ui		배속 발령서	[]							BATCH-PROD-SYSTEM-DOCS	INTEGRATED	89b9b7213853a2ed348c150135be0d37f414a728acb7006cf0c6cd1edfd10d65	1			
SEG-BASE-15693436521577103498	BASE	RES-45C0C0333B657479	story/logs/system.txt	record/00-DECREE/state	32	SCENE-FINAL	ROUTE-COMMON	STATE-FINAL		ui		기밀	[]							BATCH-PROD-SYSTEM-DOCS	INTEGRATED	c3b124642ddbd9ae713165e025cac2398336187044c3057c41f08c15f1f33eb3	1			
SEG-BASE-01B2F387BD438400C0C9	BASE	RES-45C0C0333B657479	story/logs/system.txt	record/00-DECREE/body	33	SCENE-FINAL	ROUTE-COMMON	STATE-FINAL		system		[sys]\n　　　　　발　령\n\n귀관을　기록 기술관　으로 임명한다.\n본무는, 제23회 적성 선별에 있어서\n사망 기록의 복원 및 사망 보고서의 작성으로 한다.\n\n　　――　부　기　――\n\n귀관은　[b]제17회 적성 선별 우승자[/b]로서,\n유도 조치의 규정에 따라 사면되어 관료로 등용된 자다.\n체내 매설 장치는 현 상태 그대로 존치한다.\n비밀 유지 의무를 위반할 경우, 이를 즉시 작동시킨다.\n\n　　　　　야시마 제국 선별 관리국\n[/sys]	[{"raw":"[sys]","class":"markup_open","movable":false,"order_sensitive":true},{"raw":"[b]","class":"markup_open","movable":false,"order_sensitive":true},{"raw":"[/b]","class":"markup_close","movable":false,"order_sensitive":true},{"raw":"[/sys]","class":"markup_close","movable":false,"order_sensitive":true}]							BATCH-PROD-SYSTEM-DOCS	INTEGRATED	f339f78d8a2334d885811473373312c63253a0b65eb81dc1cb7017e6e55137e2	1			
SEG-BASE-029A6222B923C1064D6C	BASE	RES-45C0C0333B657479	story/logs/system.txt	record/00-SEALED/title	34	SCENE-FINAL	ROUTE-COMMON	STATE-FINAL		ui		NL 소자 연구 배경	[]							BATCH-PROD-SYSTEM-DOCS	INTEGRATED	a4890768186ac5bfee338f3e1b57680171409b99404600b4fa55963ec58524cc	1			
SEG-BASE-B75E8E7E198D87014B23	BASE	RES-45C0C0333B657479	story/logs/system.txt	record/00-SEALED/state	35	SCENE-FINAL	ROUTE-COMMON	STATE-FINAL		ui		기밀	[]							BATCH-PROD-SYSTEM-DOCS	INTEGRATED	c3b124642ddbd9ae713165e025cac2398336187044c3057c41f08c15f1f33eb3	1			
SEG-BASE-FC49249A492875DA129B	BASE	RES-45C0C0333B657479	story/logs/system.txt	record/00-SEALED/body	36	SCENE-FINAL	ROUTE-COMMON	STATE-FINAL		system		[sys]\n[b]신경 기록 소자 ／ 연구 배경[/b]\n\n[b]■ 배경[/b]\n유사시 지표면은 상당 기간 사람이 살 수 없게 될 것으로 예상된다.\n이에 대비하여 지하에 격리 거주 구역을 설치한다. 한 구역의 정원은 40명으로 한다.\n구역은 작게 나누어 서로 격리한다. 다수가 한곳에 모이는 것은 통제상 바람직하지 않다.\n\n다만 폐쇄된 구역에서는 하나의 불화가 전원의 죽음으로 이어진다.\n사람이 죽었는데 사인이 밝혀지지 않으면 주민들은 서로를 의심하고, 구역은 내부에서 붕괴한다.\n\n[b]■ 취지[/b]\n신경 기록 소자는 이를 막기 위해 설치한다.\n소자는 사망 직전 5분간을 본인의 말로 기록한다.\n어떤 죽음이든 반드시 밝혀지므로 주민들은 서로를 의심하지 않아도 된다.\n\n[b]■ 기밀 사항[/b]\n소자는 원격으로 기폭할 수 있다.\n구역의 통솔자는 구역 유지에 필요하다고 판단할 때 이를 사용한다.\n\n[b]■ 시험[/b]\n소자의 성능은 실제 죽음을 거치지 않고는 측정할 수 없다.\n따라서 매년 한 차례 폐쇄된 지역에 검체 40명을 배치한다. 그곳에서 발생한 죽음을 시험으로 삼는다.\n폐쇄 공간에 배치된 자들의 변화도 관찰할 수 있어, 구역 운영에도 유용하다.\n\n소자는 기록과 함께 사인을 스스로 제시한다.\n기록 기술관은 이를 보지 않고 본문을 읽어 사람의 눈으로 사인을 정한다.\n양자의 일치로 성능을 보증한다.\n\n시험 생존자의 소자는 적출하지 않으며, 생존자를 당국에 채용해 기밀을 다루게 한다.\n경과를 계속 관찰할 수 있고, 필요하면 즉시 조처할 수 있기 때문이다.\n\n[b]■ 부기[/b]\n아직 유사시는 발생하지 않았다.\n\n　　　　　야시마 제국 교육성 적성 선별국\n[/sys]	[{"raw":"[sys]","class":"markup_open","movable":false,"order_sensitive":true},{"raw":"[b]","class":"markup_open","movable":false,"order_sensitive":true},{"raw":"[/b]","class":"markup_close","movable":false,"order_sensitive":true},{"raw":"[b]","class":"markup_open","movable":false,"order_sensitive":true},{"raw":"[/b]","class":"markup_close","movable":false,"order_sensitive":true},{"raw":"[b]","class":"markup_open","movable":false,"order_sensitive":true},{"raw":"[/b]","class":"markup_close","movable":false,"order_sensitive":true},{"raw":"[b]","class":"markup_open","movable":false,"order_sensitive":true},{"raw":"[/b]","class":"markup_close","movable":false,"order_sensitive":true},{"raw":"[b]","class":"markup_open","movable":false,"order_sensitive":true},{"raw":"[/b]","class":"markup_close","movable":false,"order_sensitive":true},{"raw":"[b]","class":"markup_open","movable":false,"order_sensitive":true},{"raw":"[/b]","class":"markup_close","movable":false,"order_sensitive":true},{"raw":"[/sys]","class":"markup_close","movable":false,"order_sensitive":true}]							BATCH-PROD-SYSTEM-DOCS	INTEGRATED	4e8a7a00ea97fd52a018e311925fb6bc982574e5e65722363da2dcae880d1150	1			
